survey_name,length,kodiak,s_penn,east_aleut,west_aleut,bering_sea,chignik,tot_fish
CRAB2000,5,0,81274,0,0,0,0,81274
CRAB2000,6,0,116106,0,0,0,0,116106
CRAB2000,7,0,172624,0,0,0,10171,182795
CRAB2000,8,0,479828,0,0,0,30976,510804
CRAB2000,9,0,197491,0,0,0,0,197491
CRAB2000,10,0,0,0,0,0,5155,5155
CRAB2000,11,2111,0,0,0,0,0,2111
CRAB2000,16,0,0,0,0,0,942,942
CRAB2000,18,0,2402,0,0,0,0,2402
CRAB2000,19,0,6690,0,0,0,942,7631
CRAB2000,20,1489,18701,1356,0,0,2825,24371
CRAB2000,21,1861,14748,0,0,0,3253,19862
CRAB2000,22,0,16633,1043,0,0,4709,22385
CRAB2000,23,0,27093,2387,0,0,5651,35131
CRAB2000,24,0,27093,1031,0,0,9418,37542
CRAB2000,25,0,12136,6668,0,0,2825,21630
CRAB2000,26,0,26059,5425,0,0,942,32426
CRAB2000,27,963,28742,738,0,0,942,31385
CRAB2000,28,0,25542,4493,0,0,0,30035
CRAB2000,29,0,14677,2713,0,0,1557,18946
CRAB2000,30,570,17230,1356,0,0,0,19156
CRAB2000,31,3978,7212,0,0,0,942,12131
CRAB2000,32,2292,0,0,0,0,942,3234
CRAB2000,33,5533,0,2062,0,0,0,7595
CRAB2000,34,5230,630,1769,0,0,0,7629
CRAB2000,35,4931,5656,4137,0,0,0,14723
CRAB2000,36,6365,0,2500,0,0,0,8865
CRAB2000,37,3798,1885,5335,0,0,0,11018
CRAB2000,38,9348,6690,4137,0,0,0,20174
CRAB2000,39,6231,4363,6622,0,0,0,17216
CRAB2000,40,16217,12472,17230,0,0,0,45919
CRAB2000,41,18835,9267,16154,0,0,0,44255
CRAB2000,42,24521,12515,10593,0,0,0,47629
CRAB2000,43,14971,4062,18998,0,0,0,38031
CRAB2000,44,28948,19536,10719,0,0,0,59202
CRAB2000,45,27488,9652,22302,0,0,0,59442
CRAB2000,46,26072,23092,12878,0,0,948,62989
CRAB2000,47,69557,26649,11949,0,0,942,109097
CRAB2000,48,41837,35024,17920,0,0,10905,105685
CRAB2000,49,36488,59716,15564,0,0,0,111768
CRAB2000,50,59205,73476,14723,0,0,3544,150947
CRAB2000,51,42942,73564,13224,0,0,18942,148673
CRAB2000,52,64768,75090,9658,0,0,25676,175192
CRAB2000,53,105779,74359,5640,0,0,19803,205581
CRAB2000,54,125436,69773,9621,0,0,16391,221221
CRAB2000,55,122539,84565,10545,0,0,12594,230244
CRAB2000,56,137379,102126,20798,0,0,24162,284466
CRAB2000,57,121414,67086,10387,0,0,18299,217186
CRAB2000,58,126589,103710,8495,0,0,21884,260679
CRAB2000,59,133976,86091,9082,0,0,12073,241222
CRAB2000,60,194589,77722,10673,0,0,25437,308422
CRAB2000,61,159802,68569,11875,0,0,16814,257060
CRAB2000,62,183139,58017,5772,0,0,15779,262706
CRAB2000,63,193592,50851,8160,0,0,24465,277068
CRAB2000,64,171635,53208,17140,0,0,21189,263171
CRAB2000,65,143794,53004,9217,0,0,13519,219534
CRAB2000,66,145037,37013,8729,0,0,15569,206348
CRAB2000,67,159264,27998,10058,0,0,9587,206908
CRAB2000,68,115496,26914,13095,0,0,16643,172149
CRAB2000,69,91757,23455,15636,0,0,9895,140744
CRAB2000,70,113143,19116,7764,0,0,11894,151916
CRAB2000,71,78451,16220,4752,0,0,12163,111586
CRAB2000,72,51442,16803,5515,0,0,7985,81745
CRAB2000,73,38054,10439,7173,0,0,8536,64202
CRAB2000,74,37683,3255,7106,0,0,2552,50596
CRAB2000,75,30434,2704,1133,0,0,1864,36135
CRAB2000,76,32685,1745,2635,0,0,1738,38804
CRAB2000,77,15140,6936,3913,0,0,1557,27546
CRAB2000,78,16183,4958,1449,0,0,0,22590
CRAB2000,79,9908,9169,2373,0,0,869,22319
CRAB2000,80,10530,2134,767,0,0,0,13432
CRAB2000,81,4124,3453,1769,0,0,293,9639
CRAB2000,82,12121,835,1187,0,0,2563,16705
CRAB2000,83,7846,816,1289,0,0,0,9950
CRAB2000,84,0,0,1677,0,0,0,1677
CRAB2000,85,6415,6480,0,0,0,0,12895
CRAB2000,86,1180,860,0,0,0,0,2040
CRAB2000,87,6787,1941,0,0,0,0,8728
CRAB2000,88,7906,3295,0,0,0,0,11201
CRAB2000,89,258,747,0,0,0,0,1006
CRAB2000,90,0,805,1289,0,0,0,2094
CRAB2000,91,0,805,0,0,0,0,805
CRAB2000,92,4012,0,0,0,0,0,4012
CRAB2000,93,6583,2898,0,0,0,0,9482
CRAB2000,95,957,0,0,0,0,0,957
CRAB2000,96,581,0,0,0,0,0,581
CRAB2000,97,120,0,0,0,0,0,120
CRAB2000,98,0,884,0,0,0,0,884
CRAB2000,102,744,0,0,0,0,0,744
CRAB2001,7,0,3091,0,0,0,0,3091
CRAB2001,8,0,9305,0,0,0,0,9305
CRAB2001,9,0,8687,0,0,0,0,8687
CRAB2001,18,0,618,0,0,0,0,618
CRAB2001,19,0,0,0,0,0,2825,2825
CRAB2001,20,1823,16815,0,0,0,3767,22405
CRAB2001,21,1823,14049,0,0,0,12243,28115
CRAB2001,22,1823,26996,0,0,0,4709,33527
CRAB2001,23,6380,16000,0,0,0,6592,28972
CRAB2001,24,7362,22060,0,0,0,13968,43390
CRAB2001,25,1899,22227,0,0,0,11119,35245
CRAB2001,26,6893,37426,0,0,0,7534,51854
CRAB2001,27,13505,3363,0,0,0,3591,20459
CRAB2001,28,3134,5351,0,0,0,1783,10268
CRAB2001,29,8686,13483,0,0,0,2047,24216
CRAB2001,30,14156,2585,0,0,0,1884,18624
CRAB2001,31,3494,0,0,0,0,0,3494
CRAB2001,32,11181,7941,0,0,0,942,20064
CRAB2001,33,12906,1618,0,0,0,942,15466
CRAB2001,34,4284,3363,0,0,0,3544,11190
CRAB2001,35,810,8216,0,0,0,0,9026
CRAB2001,36,12636,17060,0,0,0,0,29696
CRAB2001,37,3311,19697,0,0,0,3544,26552
CRAB2001,38,818,25233,0,0,0,0,26051
CRAB2001,39,10174,26158,0,0,0,0,36331
CRAB2001,40,14153,41401,0,0,0,0,55553
CRAB2001,41,21078,37194,0,0,0,2505,60777
CRAB2001,42,35075,25181,0,0,0,7088,67343
CRAB2001,43,59101,25068,0,0,0,7088,91256
CRAB2001,44,47245,37861,0,0,0,18593,103699
CRAB2001,45,63343,43479,0,0,0,8036,114858
CRAB2001,46,119893,37484,0,0,0,5525,162901
CRAB2001,47,79789,41102,0,0,0,0,120891
CRAB2001,48,87669,43096,0,0,0,7088,137852
CRAB2001,49,148020,57772,0,0,0,7847,213638
CRAB2001,50,122905,36953,0,0,0,2101,161960
CRAB2001,51,112486,63448,0,0,0,4975,180910
CRAB2001,52,63516,46086,0,0,0,2242,111844
CRAB2001,53,88201,52005,0,0,0,5157,145363
CRAB2001,54,80441,34851,0,0,0,16189,131481
CRAB2001,55,178130,42600,0,0,0,13179,233909
CRAB2001,56,119873,58658,0,0,0,12474,191006
CRAB2001,57,105022,78588,0,0,0,14084,197693
CRAB2001,58,145732,50010,0,0,0,8686,204429
CRAB2001,59,171333,44324,0,0,0,16939,232596
CRAB2001,60,136844,48709,0,0,0,17713,203266
CRAB2001,61,177106,57296,0,0,0,34345,268747
CRAB2001,62,179279,46275,0,0,0,18711,244265
CRAB2001,63,129388,40462,0,0,0,29926,199775
CRAB2001,64,169631,49886,0,0,0,28232,247748
CRAB2001,65,217344,36189,0,0,0,23023,276556
CRAB2001,66,212804,32619,0,0,0,56726,302149
CRAB2001,67,212965,39335,0,0,0,26952,279252
CRAB2001,68,140784,43069,0,0,0,22103,205957
CRAB2001,69,154723,41542,0,0,0,27817,224083
CRAB2001,70,198775,38719,0,0,0,23977,261471
CRAB2001,71,116786,28952,0,0,0,32816,178554
CRAB2001,72,88880,31366,0,0,0,17611,137857
CRAB2001,73,46678,16264,0,0,0,18790,81732
CRAB2001,74,41931,9613,0,0,0,3884,55429
CRAB2001,75,83819,21273,0,0,0,9091,114183
CRAB2001,76,48566,6414,0,0,0,7399,62379
CRAB2001,77,55619,6623,0,0,0,6657,68899
CRAB2001,78,12418,6871,0,0,0,0,19289
CRAB2001,79,29910,1170,0,0,0,1650,32729
CRAB2001,80,19709,1227,0,0,0,869,21805
CRAB2001,81,6481,3125,0,0,0,1517,11123
CRAB2001,82,20912,2081,0,0,0,0,22992
CRAB2001,83,29390,9859,0,0,0,0,39249
CRAB2001,84,6411,1964,0,0,0,0,8375
CRAB2001,85,2830,705,0,0,0,0,3534
CRAB2001,86,5362,1565,0,0,0,293,7220
CRAB2001,87,4775,1123,0,0,0,0,5898
CRAB2001,88,3647,0,0,0,0,0,3647
CRAB2001,89,0,3393,0,0,0,0,3393
CRAB2001,91,0,368,0,0,0,0,368
CRAB2001,93,1052,747,0,0,0,0,1800
CRAB2001,95,255,1938,0,0,0,0,2193
CRAB2001,96,0,1341,0,0,0,0,1341
CRAB2001,99,1367,1956,0,0,0,0,3324
CRAB2001,100,0,963,0,0,0,0,963
CRAB2001,103,0,805,0,0,0,0,805
CRAB2002,6,0,2803,0,0,0,0,2803
CRAB2002,7,0,16405,0,0,0,0,16405
CRAB2002,8,0,143204,0,0,0,0,143204
CRAB2002,9,0,10800,0,0,0,0,10800
CRAB2002,18,714,0,0,0,0,0,714
CRAB2002,19,4261,0,0,0,0,0,4261
CRAB2002,20,2619,6196,0,0,0,0,8815
CRAB2002,21,1158,3393,0,0,0,1582,6134
CRAB2002,22,8933,14604,0,0,0,0,23537
CRAB2002,23,714,16376,0,0,0,0,17090
CRAB2002,24,2783,23163,0,0,0,1582,27528
CRAB2002,25,3074,21154,0,0,0,0,24228
CRAB2002,26,11955,31405,0,0,0,3164,46523
CRAB2002,27,19232,9589,0,0,0,0,28821
CRAB2002,28,10329,5950,0,0,0,1582,17861
CRAB2002,29,36755,10675,0,0,0,3544,50974
CRAB2002,30,40806,6425,0,0,0,0,47231
CRAB2002,31,18872,9013,0,0,0,0,27885
CRAB2002,32,27303,2556,0,0,0,0,29859
CRAB2002,33,4945,1241,0,0,0,0,6186
CRAB2002,34,21654,10740,0,0,0,0,32394
CRAB2002,35,7842,5707,0,0,0,0,13549
CRAB2002,36,8130,7191,0,0,0,0,15321
CRAB2002,37,9045,12320,0,0,0,3544,24909
CRAB2002,38,12898,29406,0,0,0,5126,47430
CRAB2002,39,20457,66813,0,0,0,5645,92915
CRAB2002,40,37059,72274,0,0,0,28351,137684
CRAB2002,41,74212,63087,0,0,0,14175,151475
CRAB2002,42,79760,74073,0,0,0,29552,183386
CRAB2002,43,131533,81809,0,0,0,18161,231503
CRAB2002,44,138182,83200,0,0,0,26703,248085
CRAB2002,45,184120,78835,0,0,0,18263,281218
CRAB2002,46,226578,87880,0,0,0,34207,348665
CRAB2002,47,362649,69862,0,0,0,34924,467435
CRAB2002,48,376792,70317,0,0,0,23584,470693
CRAB2002,49,462090,75452,0,0,0,24898,562440
CRAB2002,50,391908,92940,0,0,0,24701,509549
CRAB2002,51,408862,71922,0,0,0,14154,494938
CRAB2002,52,429980,76669,0,0,0,25348,531997
CRAB2002,53,302108,84736,0,0,0,22134,408978
CRAB2002,54,330952,84964,0,0,0,19698,435615
CRAB2002,55,306259,106726,0,0,0,22217,435202
CRAB2002,56,276205,143579,0,0,0,20779,440564
CRAB2002,57,241489,112418,0,0,0,20576,374483
CRAB2002,58,370615,123822,0,0,0,32659,527097
CRAB2002,59,383322,98118,0,0,0,34693,516133
CRAB2002,60,540896,79895,0,0,0,26683,647475
CRAB2002,61,425702,67768,0,0,0,40486,533957
CRAB2002,62,530418,132833,0,0,0,18586,681838
CRAB2002,63,423063,63162,0,0,0,31216,517441
CRAB2002,64,426601,85647,0,0,0,18411,530659
CRAB2002,65,421260,70655,0,0,0,33165,525080
CRAB2002,66,394354,67495,0,0,0,30548,492397
CRAB2002,67,516171,35777,0,0,0,25763,577711
CRAB2002,68,284808,46935,0,0,0,21614,353356
CRAB2002,69,313654,49617,0,0,0,22352,385623
CRAB2002,70,182312,38255,0,0,0,15429,235996
CRAB2002,71,173352,36309,0,0,0,14113,223774
CRAB2002,72,145933,26186,0,0,0,15173,187292
CRAB2002,73,137357,22678,0,0,0,12959,172994
CRAB2002,74,152381,29959,0,0,0,12951,195291
CRAB2002,75,164552,22726,0,0,0,807,188085
CRAB2002,76,127588,18051,0,0,0,5194,150832
CRAB2002,77,89285,15018,0,0,0,10892,115195
CRAB2002,78,77853,8575,0,0,0,7568,93997
CRAB2002,79,78271,10963,0,0,0,3984,93218
CRAB2002,80,100330,10381,0,0,0,3004,113716
CRAB2002,81,27313,7952,0,0,0,0,35265
CRAB2002,82,28155,3875,0,0,0,758,32788
CRAB2002,83,43189,27721,0,0,0,0,70911
CRAB2002,84,15395,5425,0,0,0,2007,22827
CRAB2002,85,3787,9563,0,0,0,0,13349
CRAB2002,86,14496,3505,0,0,0,0,18001
CRAB2002,87,15333,0,0,0,0,1421,16754
CRAB2002,88,9622,0,0,0,0,0,9622
CRAB2002,89,16042,0,0,0,0,0,16042
CRAB2002,90,11184,782,0,0,0,0,11967
CRAB2002,91,12424,714,0,0,0,0,13138
CRAB2002,92,0,6836,0,0,0,0,6836
CRAB2002,95,1916,0,0,0,0,0,1916
CRAB2002,96,8439,0,0,0,0,0,8439
CRAB2002,97,8439,0,0,0,0,0,8439
CRAB2002,98,8439,5425,0,0,0,0,13864
CRAB2003,8,0,0,0,0,0,2825,2825
CRAB2003,9,0,214,0,0,0,5651,5865
CRAB2003,11,12000,0,0,0,0,5651,17651
CRAB2003,12,12000,0,0,0,0,0,12000
CRAB2003,19,3647,0,0,0,0,0,3647
CRAB2003,22,0,3363,0,0,0,0,3363
CRAB2003,23,4109,0,0,0,0,0,4109
CRAB2003,24,1856,0,0,0,0,942,2798
CRAB2003,25,0,1697,0,0,0,0,1697
CRAB2003,26,228,1789,516,0,0,1884,4417
CRAB2003,27,3798,1697,0,0,0,0,5494
CRAB2003,28,6829,0,0,0,0,0,6829
CRAB2003,29,0,0,0,0,0,942,942
CRAB2003,30,4720,3959,0,0,0,0,8679
CRAB2003,31,2223,0,1187,0,0,0,3410
CRAB2003,32,4029,3857,0,0,0,0,7885
CRAB2003,33,2660,2160,1469,0,0,0,6289
CRAB2003,34,12420,4191,995,0,0,0,17606
CRAB2003,35,4850,4120,6872,0,0,0,15843
CRAB2003,36,6362,7452,4112,0,0,0,17927
CRAB2003,37,40551,15527,6560,0,0,0,62638
CRAB2003,38,30587,14806,8754,0,0,0,54146
CRAB2003,39,27212,14004,10126,0,0,0,51342
CRAB2003,40,90740,23038,14514,0,0,3544,131836
CRAB2003,41,73255,39887,17285,0,0,0,130426
CRAB2003,42,289627,39943,9542,0,0,0,339112
CRAB2003,43,301447,61797,6794,0,0,0,370037
CRAB2003,44,221850,59270,13262,0,0,1937,296318
CRAB2003,45,516793,65077,19376,0,0,3544,604790
CRAB2003,46,361000,75247,22787,0,0,1929,460962
CRAB2003,47,304252,62060,12259,0,0,995,379566
CRAB2003,48,233395,52981,15334,0,0,995,302705
CRAB2003,49,421788,88148,16346,0,0,1937,528219
CRAB2003,50,154885,71195,17660,0,0,7579,251319
CRAB2003,51,336266,75736,17931,0,0,2625,432557
CRAB2003,52,129668,55854,16305,0,0,2385,204213
CRAB2003,53,231658,72900,22543,0,0,1937,329038
CRAB2003,54,274018,69276,9986,0,0,8114,361394
CRAB2003,55,446470,63485,17836,0,0,3067,530858
CRAB2003,56,507803,60749,9642,0,0,2698,580891
CRAB2003,57,520446,44211,20518,0,0,7874,593050
CRAB2003,58,418943,57774,18314,0,0,2605,497637
CRAB2003,59,533888,40015,6741,0,0,6142,586785
CRAB2003,60,740704,54594,12007,0,0,10834,818139
CRAB2003,61,552398,17630,5864,0,0,10153,586045
CRAB2003,62,358350,27045,6974,0,0,1603,393972
CRAB2003,63,457498,42157,6587,0,0,7830,514073
CRAB2003,64,257591,31163,10820,0,0,6865,306439
CRAB2003,65,334736,31452,8077,0,0,1603,375868
CRAB2003,66,169405,23165,2577,0,0,1707,196855
CRAB2003,67,110866,25403,6467,0,0,5081,147818
CRAB2003,68,88245,17362,6004,0,0,4839,116450
CRAB2003,69,232661,23569,5022,0,0,2991,264244
CRAB2003,70,157616,23433,4936,0,0,995,186980
CRAB2003,71,130138,17437,7694,0,0,948,156217
CRAB2003,72,92235,14271,1604,0,0,1864,109973
CRAB2003,73,114964,14616,4324,0,0,0,133904
CRAB2003,74,67052,18076,0,0,0,4964,90092
CRAB2003,75,77360,12045,1003,0,0,0,90408
CRAB2003,76,127622,16900,2512,0,0,1540,148575
CRAB2003,77,87681,7188,0,0,0,0,94869
CRAB2003,78,31522,20999,1586,0,0,1391,55499
CRAB2003,79,32659,5809,1289,0,0,0,39756
CRAB2003,80,28292,8329,1161,0,0,0,37781
CRAB2003,81,25225,5912,767,0,0,0,31904
CRAB2003,82,19189,8458,0,0,0,2813,30460
CRAB2003,83,19732,6834,0,0,0,1650,28216
CRAB2003,84,14445,5257,256,0,0,1864,21822
CRAB2003,85,1960,5757,1487,0,0,0,9204
CRAB2003,86,5090,5189,0,0,0,949,11229
CRAB2003,87,3606,3182,819,0,0,0,7607
CRAB2003,88,5732,1724,0,0,0,0,7456
CRAB2003,89,4757,0,1469,0,0,0,6226
CRAB2003,90,1267,949,0,0,0,0,2216
CRAB2003,91,6624,2587,1003,0,0,0,10214
CRAB2003,92,1106,0,0,0,0,0,1106
CRAB2003,93,2326,3445,0,0,0,0,5771
CRAB2003,94,737,977,0,0,0,0,1713
CRAB2003,95,816,0,0,0,0,0,816
CRAB2003,96,0,1888,819,0,0,0,2707
CRAB2003,98,0,1492,0,0,0,0,1492
CRAB2003,100,260,0,0,0,0,0,260
CRAB2003,101,737,0,0,0,0,0,737
CRAB2003,105,0,0,875,0,0,0,875
CRAB2004,5,0,6814,0,0,0,0,6814
CRAB2004,6,0,127205,0,0,0,0,127205
CRAB2004,7,0,224302,0,0,0,0,224302
CRAB2004,8,0,221666,0,0,0,6122,227788
CRAB2004,9,3304,88704,0,0,0,0,92008
CRAB2004,10,2203,43159,0,0,0,24486,69848
CRAB2004,11,0,21580,0,0,0,6122,27701
CRAB2004,12,1101,0,0,0,0,0,1101
CRAB2004,13,0,21580,0,0,0,0,21580
CRAB2004,19,3798,0,0,0,0,0,3798
CRAB2004,22,4559,0,0,0,0,942,5500
CRAB2004,23,3647,0,0,0,0,0,3647
CRAB2004,24,3798,0,949,0,0,942,5689
CRAB2004,25,1609,0,0,0,0,0,1609
CRAB2004,26,2911,0,0,0,0,0,2911
CRAB2004,27,2000,0,949,0,0,942,3891
CRAB2004,28,0,0,949,0,0,0,949
CRAB2004,29,5554,0,0,0,0,0,5554
CRAB2004,30,3798,0,949,0,0,0,4747
CRAB2004,31,3507,0,0,0,0,0,3507
CRAB2004,32,2000,0,0,0,0,0,2000
CRAB2004,34,1504,0,0,0,0,0,1504
CRAB2004,35,0,1317,0,0,0,0,1317
CRAB2004,36,3520,0,949,0,0,0,4469
CRAB2004,37,11301,0,0,0,0,0,11301
CRAB2004,38,21460,3204,5382,0,0,0,30046
CRAB2004,39,17251,2318,0,0,0,0,19570
CRAB2004,40,26082,4714,7076,0,0,0,37872
CRAB2004,41,25622,11679,4899,0,0,0,42200
CRAB2004,42,59948,8585,4744,0,0,0,73277
CRAB2004,43,69016,13221,16740,0,0,0,98978
CRAB2004,44,92102,24238,16258,0,0,5630,138227
CRAB2004,45,63033,42439,16442,0,0,0,121913
CRAB2004,46,97496,42681,13650,0,0,0,153828
CRAB2004,47,78595,40204,5157,0,0,0,123955
CRAB2004,48,101673,42454,12612,0,0,0,156739
CRAB2004,49,134266,46350,17081,0,0,0,197698
CRAB2004,50,135292,72566,7323,0,0,0,215181
CRAB2004,51,123479,83300,13883,0,0,1929,222591
CRAB2004,52,131133,98834,12517,0,0,6050,248535
CRAB2004,53,222775,90201,6878,0,0,6640,326494
CRAB2004,54,301643,98929,10603,0,0,11296,422471
CRAB2004,55,242311,74333,10294,0,0,9149,336087
CRAB2004,56,354488,79158,12553,0,0,2455,448653
CRAB2004,57,205185,102252,6639,0,0,15983,330059
CRAB2004,58,332631,86334,3621,0,0,21286,443872
CRAB2004,59,381301,83326,5066,0,0,11575,481268
CRAB2004,60,292526,92454,3722,0,0,23548,412249
CRAB2004,61,177439,84832,4022,0,0,12512,278805
CRAB2004,62,251846,70528,4249,0,0,8429,335053
CRAB2004,63,246125,70505,4551,0,0,26769,347951
CRAB2004,64,285840,65320,3084,0,0,25138,379382
CRAB2004,65,293004,47161,4041,0,0,14194,358400
CRAB2004,66,219167,39331,4197,0,0,14148,276844
CRAB2004,67,315615,26142,1763,0,0,12354,355873
CRAB2004,68,238137,39989,4884,0,0,15755,298765
CRAB2004,69,189961,38105,2515,0,0,9407,239989
CRAB2004,70,213596,45267,2260,0,0,8900,270023
CRAB2004,71,91490,14848,2951,0,0,4616,113906
CRAB2004,72,170404,28906,4201,0,0,2347,205858
CRAB2004,73,76102,24666,4187,0,0,424,105378
CRAB2004,74,79277,23400,1159,0,0,4323,108159
CRAB2004,75,63053,30561,1253,0,0,995,95861
CRAB2004,76,33255,25550,3196,0,0,1920,63921
CRAB2004,77,70522,17139,1001,0,0,456,89118
CRAB2004,78,53041,20252,0,0,0,0,73293
CRAB2004,79,40129,24220,0,0,0,949,65298
CRAB2004,80,34307,30103,1159,0,0,0,65569
CRAB2004,81,30380,44570,0,0,0,0,74950
CRAB2004,82,20991,14523,0,0,0,0,35514
CRAB2004,83,16572,15944,1288,0,0,0,33804
CRAB2004,84,10656,19129,0,0,0,0,29785
CRAB2004,85,8810,12858,0,0,0,0,21668
CRAB2004,86,13331,17685,0,0,0,0,31015
CRAB2004,87,8831,5945,1803,0,0,0,16579
CRAB2004,88,12382,1085,0,0,0,0,13467
CRAB2004,89,3469,3946,0,0,0,0,7416
CRAB2004,90,8730,13171,0,0,0,0,21901
CRAB2004,91,4470,4736,0,0,0,0,9206
CRAB2004,92,2237,2578,793,0,0,1795,7404
CRAB2004,93,3763,1540,0,0,0,0,5303
CRAB2004,94,5522,5760,0,0,0,0,11282
CRAB2004,95,323,911,0,0,0,0,1234
CRAB2004,97,0,1367,0,0,0,0,1367
CRAB2004,99,1836,0,0,0,0,0,1836
CRAB2004,100,3569,0,0,0,0,0,3569
CRAB2005,6,0,705,0,0,0,0,705
CRAB2005,7,0,17033,0,0,0,4080,21112
CRAB2005,8,0,11983,0,0,0,28557,40540
CRAB2005,9,0,48775,0,0,0,85670,134445
CRAB2005,10,0,6726,0,0,0,134624,141351
CRAB2005,11,0,0,0,0,0,146885,146885
CRAB2005,12,0,0,0,0,0,118306,118306
CRAB2005,13,0,0,0,0,0,32636,32636
CRAB2005,14,0,0,0,0,0,8159,8159
CRAB2005,18,228,0,0,0,0,0,228
CRAB2005,20,228,0,0,0,0,0,228
CRAB2005,21,949,0,0,0,0,0,949
CRAB2005,23,267,1697,0,0,0,0,1964
CRAB2005,24,0,0,939,0,0,4080,5018
CRAB2005,25,0,3363,1582,0,0,4080,9025
CRAB2005,26,567,0,939,0,0,0,1505
CRAB2005,27,0,1697,1877,0,0,0,3574
CRAB2005,28,0,0,995,0,0,0,995
CRAB2005,29,3798,0,0,0,0,0,3798
CRAB2005,30,3798,0,0,0,0,0,3798
CRAB2005,32,3798,0,0,0,0,0,3798
CRAB2005,33,5866,0,0,0,0,0,5866
CRAB2005,34,1844,0,0,0,0,0,1844
CRAB2005,35,963,161,0,0,0,0,1124
CRAB2005,36,5710,899,939,0,0,0,7548
CRAB2005,37,5444,161,0,0,0,0,5605
CRAB2005,38,3662,0,1877,0,0,0,5540
CRAB2005,39,6881,0,2408,0,0,0,9289
CRAB2005,40,5474,0,3768,0,0,0,9242
CRAB2005,41,9412,0,2521,0,0,0,11933
CRAB2005,42,13107,0,2827,0,0,0,15934
CRAB2005,43,13392,8810,7947,0,0,0,30148
CRAB2005,44,11203,866,6670,0,0,0,18739
CRAB2005,45,37931,3020,13120,0,0,0,54071
CRAB2005,46,20028,11981,11377,0,0,0,43385
CRAB2005,47,27635,7019,6776,0,0,0,41431
CRAB2005,48,12857,13496,13029,0,0,0,39382
CRAB2005,49,24472,12737,7928,0,0,2019,47156
CRAB2005,50,27050,21447,5323,0,0,1650,55469
CRAB2005,51,38385,14455,3469,0,0,0,56310
CRAB2005,52,54195,35948,5389,0,0,0,95532
CRAB2005,53,77579,34398,8373,0,0,0,120349
CRAB2005,54,45773,42388,7109,0,0,705,95975
CRAB2005,55,109267,43712,4179,0,0,5262,162420
CRAB2005,56,65659,38527,5473,0,0,1645,111304
CRAB2005,57,90060,43643,6483,0,0,4546,144733
CRAB2005,58,114259,52849,1078,0,0,6823,175010
CRAB2005,59,132907,62785,7434,0,0,7845,210970
CRAB2005,60,115225,47539,4000,0,0,7668,174431
CRAB2005,61,125822,35079,5747,0,0,10794,177441
CRAB2005,62,112567,31706,10094,0,0,10285,164653
CRAB2005,63,158484,29747,5597,0,0,2915,196743
CRAB2005,64,169491,36297,7045,0,0,6741,219574
CRAB2005,65,150033,17928,3734,0,0,6843,178539
CRAB2005,66,203049,27543,6253,0,0,3333,240177
CRAB2005,67,95837,21335,2870,0,0,9485,129527
CRAB2005,68,174253,22491,0,0,0,6951,203695
CRAB2005,69,174399,18143,6988,0,0,5257,204787
CRAB2005,70,123719,8216,0,0,0,5075,137009
CRAB2005,71,95124,21181,3213,0,0,2810,122328
CRAB2005,72,87966,10109,2886,0,0,2070,103032
CRAB2005,73,41861,10926,4097,0,0,699,57583
CRAB2005,74,33798,6063,2418,0,0,3101,45381
CRAB2005,75,37937,10516,0,0,0,0,48453
CRAB2005,76,59815,12586,0,0,0,2620,75021
CRAB2005,77,22475,7061,4525,0,0,1864,35925
CRAB2005,78,14073,13545,1835,0,0,0,29453
CRAB2005,79,23169,3793,1288,0,0,442,28692
CRAB2005,80,10140,4817,0,0,0,758,15715
CRAB2005,81,5728,9782,0,0,0,653,16163
CRAB2005,82,3723,12045,1159,0,0,0,16927
CRAB2005,83,9052,4551,778,0,0,0,14381
CRAB2005,84,14492,9895,0,0,0,0,24387
CRAB2005,85,9181,8706,819,0,0,0,18707
CRAB2005,86,9186,7072,0,0,0,0,16258
CRAB2005,87,6109,5242,0,0,0,0,11351
CRAB2005,88,6525,11769,1288,0,0,0,19582
CRAB2005,89,285,1891,778,0,0,0,2954
CRAB2005,90,1332,3342,0,0,0,0,4674
CRAB2005,91,560,1492,819,0,0,0,2870
CRAB2005,92,255,3486,0,0,0,0,3740
CRAB2005,93,7101,1671,0,0,0,0,8772
CRAB2005,94,2225,0,1597,0,0,0,3822
CRAB2005,95,0,3164,0,0,0,0,3164
CRAB2005,97,0,3398,0,0,0,0,3398
CRAB2005,99,0,2367,2026,0,0,0,4392
CRAB2005,103,3638,1671,0,0,0,0,5309
CRAB2006,5,0,1682,0,0,0,942,2623
CRAB2006,6,0,1682,0,0,0,942,2623
CRAB2006,7,0,8408,0,0,0,1884,10291
CRAB2006,8,0,74535,0,0,0,4709,79244
CRAB2006,9,2506,80714,0,0,0,1884,85103
CRAB2006,10,0,21860,0,0,0,942,22802
CRAB2006,22,0,1697,0,0,0,0,1697
CRAB2006,24,0,2455,1989,0,0,3119,7562
CRAB2006,26,0,3393,0,0,0,0,3393
CRAB2006,27,0,1697,0,0,0,293,1990
CRAB2006,28,0,8113,1989,0,0,1884,11985
CRAB2006,29,6323,1858,738,0,0,1475,10393
CRAB2006,30,9948,4455,0,0,0,873,15276
CRAB2006,31,15507,7530,1989,0,0,873,25900
CRAB2006,32,29104,9227,0,0,0,0,38331
CRAB2006,33,39437,3076,0,0,0,0,42513
CRAB2006,34,13000,10697,0,0,0,0,23696
CRAB2006,35,21279,1379,0,0,0,0,22658
CRAB2006,36,20615,1379,0,0,0,0,21994
CRAB2006,37,32287,1583,0,0,0,0,33870
CRAB2006,38,5298,8241,1989,0,0,0,15527
CRAB2006,39,10784,5076,2939,0,0,0,18800
CRAB2006,40,4993,5031,6831,0,0,0,16854
CRAB2006,41,12526,10166,3979,0,0,0,26671
CRAB2006,42,27753,9291,14141,0,0,0,51185
CRAB2006,43,29211,10093,11260,0,0,0,50564
CRAB2006,44,36593,20105,13644,0,0,0,70342
CRAB2006,45,25224,23932,8887,0,0,2599,60642
CRAB2006,46,50536,12599,14054,0,0,0,77189
CRAB2006,47,48538,14936,19609,0,0,3820,86903
CRAB2006,48,47575,24816,12290,0,0,0,84681
CRAB2006,49,64341,28751,5594,0,0,424,99110
CRAB2006,50,45009,14909,11559,0,0,1864,73341
CRAB2006,51,50878,20438,5551,0,0,0,76867
CRAB2006,52,49809,18272,9108,0,0,0,77189
CRAB2006,53,48378,17374,8885,0,0,873,75510
CRAB2006,54,49153,23200,14099,0,0,1527,87978
CRAB2006,55,45941,23772,1989,0,0,4712,76415
CRAB2006,56,79250,37201,11395,0,0,3955,131801
CRAB2006,57,118992,26222,5993,0,0,4736,155943
CRAB2006,58,85108,51448,5383,0,0,3513,145453
CRAB2006,59,82508,38676,9038,0,0,6380,136603
CRAB2006,60,98182,48809,8666,0,0,3981,159638
CRAB2006,61,79681,45444,8678,0,0,4007,137810
CRAB2006,62,89838,49837,1879,0,0,9535,151089
CRAB2006,63,94966,34207,2630,0,0,6778,138580
CRAB2006,64,89036,41606,4737,0,0,14069,149448
CRAB2006,65,113560,52605,3205,0,0,12324,181694
CRAB2006,66,99166,54439,7476,0,0,10361,171442
CRAB2006,67,72131,25923,5840,0,0,9207,113101
CRAB2006,68,81587,56968,3404,0,0,19170,161129
CRAB2006,69,86738,32580,6111,0,0,13926,139356
CRAB2006,70,78143,38829,492,0,0,6015,123479
CRAB2006,71,52242,22999,5099,0,0,16584,96924
CRAB2006,72,62700,23701,1508,0,0,4083,91992
CRAB2006,73,66982,26436,2127,0,0,8623,104167
CRAB2006,74,26923,11915,2576,0,0,4429,45843
CRAB2006,75,35132,4522,738,0,0,760,41151
CRAB2006,76,33061,17363,4420,0,0,2020,56864
CRAB2006,77,35862,9233,3497,0,0,0,48592
CRAB2006,78,23976,6556,3433,0,0,0,33965
CRAB2006,79,14439,6418,492,0,0,0,21349
CRAB2006,80,9764,1841,0,0,0,0,11605
CRAB2006,81,18090,11911,1288,0,0,0,31289
CRAB2006,82,4883,4505,0,0,0,0,9388
CRAB2006,83,4136,2067,1016,0,0,760,7979
CRAB2006,84,340,4789,492,0,0,869,6491
CRAB2006,85,2601,7690,1016,0,0,0,11307
CRAB2006,86,2780,5146,0,0,0,0,7926
CRAB2006,87,471,949,842,0,0,0,2262
CRAB2006,88,0,1724,0,0,0,0,1724
CRAB2006,89,0,2879,0,0,0,0,2879
CRAB2006,90,1016,4636,1288,0,0,0,6940
CRAB2006,91,1873,705,492,0,0,0,3070
CRAB2006,92,1189,1899,0,0,0,0,3087
CRAB2006,93,0,2918,0,0,0,0,2918
CRAB2006,94,0,1590,0,0,0,0,1590
CRAB2006,97,1120,0,0,0,0,0,1120
CRAB2007,7,0,20419,0,0,0,0,20419
CRAB2007,8,684,10209,0,0,0,0,10893
CRAB2007,9,1595,10209,0,0,0,0,11804
CRAB2007,11,456,0,0,0,0,0,456
CRAB2007,12,228,0,0,0,0,0,228
CRAB2007,15,243,0,0,0,0,0,243
CRAB2007,17,1656,0,0,0,0,0,1656
CRAB2007,19,1302,0,0,0,0,0,1302
CRAB2007,20,1302,0,0,0,0,0,1302
CRAB2007,21,1302,0,0,0,0,0,1302
CRAB2007,22,2847,0,0,0,0,0,2847
CRAB2007,23,5327,3457,0,0,0,0,8784
CRAB2007,24,3906,5656,0,0,0,0,9562
CRAB2007,25,4949,0,0,0,0,0,4949
CRAB2007,26,10918,0,0,0,0,0,10918
CRAB2007,27,13590,0,0,0,0,0,13590
CRAB2007,28,5687,0,0,0,0,705,6392
CRAB2007,29,9361,0,2524,0,0,0,11885
CRAB2007,30,5201,0,939,0,0,0,6140
CRAB2007,31,8875,911,0,0,0,2260,12047
CRAB2007,32,7346,0,0,0,0,0,7346
CRAB2007,33,8999,3238,0,0,0,0,12237
CRAB2007,34,0,629,0,0,0,2260,2889
CRAB2007,35,1300,2937,0,0,0,0,4238
CRAB2007,36,0,9575,0,0,0,1929,11504
CRAB2007,37,1300,13992,0,0,0,3544,18836
CRAB2007,38,714,13682,2816,0,0,0,17212
CRAB2007,39,7183,18303,9333,0,0,0,34819
CRAB2007,40,2192,19194,7223,0,0,4493,33102
CRAB2007,41,20658,41516,5680,0,0,10099,77952
CRAB2007,42,51071,48965,15891,0,0,4480,120406
CRAB2007,43,47657,48723,19164,0,0,1710,117254
CRAB2007,44,53255,41739,16717,0,0,6314,118025
CRAB2007,45,91916,71750,8526,0,0,4197,176389
CRAB2007,46,77912,60061,9182,0,0,9886,157040
CRAB2007,47,128492,43330,12693,0,0,6340,190856
CRAB2007,48,104685,63435,7980,0,0,14505,190604
CRAB2007,49,142395,47520,5810,0,0,8560,204285
CRAB2007,50,108951,47739,8345,0,0,5485,170520
CRAB2007,51,124795,48883,3353,0,0,15520,192551
CRAB2007,52,99010,73786,2816,0,0,8999,184610
CRAB2007,53,99603,58165,6750,0,0,2662,167180
CRAB2007,54,87239,46673,3862,0,0,12833,150607
CRAB2007,55,105430,44380,2671,0,0,3561,156042
CRAB2007,56,68607,46620,1469,0,0,7770,124466
CRAB2007,57,154744,66486,3524,0,0,1306,226061
CRAB2007,58,171528,73497,3423,0,0,3866,252314
CRAB2007,59,156435,50125,5668,0,0,5582,217810
CRAB2007,60,187003,50451,3499,0,0,6530,247483
CRAB2007,61,159073,60033,5055,0,0,8432,232594
CRAB2007,62,124130,74786,5461,0,0,18296,222674
CRAB2007,63,120512,61967,8062,0,0,7279,197821
CRAB2007,64,121499,69115,2802,0,0,8350,201766
CRAB2007,65,93432,59475,2989,0,0,6582,162478
CRAB2007,66,139848,47868,7450,0,0,11736,206902
CRAB2007,67,107634,58898,4439,0,0,9695,180665
CRAB2007,68,114449,38462,2706,0,0,14368,169986
CRAB2007,69,127049,45973,5986,0,0,7135,186143
CRAB2007,70,76879,46593,1159,0,0,20181,144812
CRAB2007,71,91528,56250,4011,0,0,11426,163215
CRAB2007,72,63164,82850,1848,0,0,6836,154697
CRAB2007,73,54940,40203,492,0,0,6708,102342
CRAB2007,74,28875,47566,2763,0,0,9163,88367
CRAB2007,75,24476,5465,2917,0,0,5297,38155
CRAB2007,76,70258,11723,0,0,0,5429,87410
CRAB2007,77,37708,14837,949,0,0,2552,56046
CRAB2007,78,19665,15573,2026,0,0,6255,43519
CRAB2007,79,15512,1356,873,0,0,6779,24521
CRAB2007,80,13262,3798,0,0,0,0,17059
CRAB2007,81,8189,867,0,0,0,3822,12878
CRAB2007,82,15706,705,1001,0,0,3544,20956
CRAB2007,83,19006,0,0,0,0,0,19006
CRAB2007,84,6124,3217,819,0,0,1934,12093
CRAB2007,85,9208,2628,1055,0,0,0,12890
CRAB2007,86,0,936,0,0,0,0,936
CRAB2007,87,1354,0,819,0,0,0,2173
CRAB2007,88,6201,0,0,0,0,0,6201
CRAB2007,89,0,1824,0,0,0,0,1824
CRAB2007,90,0,980,0,0,0,0,980
CRAB2007,91,785,1492,0,0,0,0,2276
CRAB2007,92,592,0,0,0,0,0,592
CRAB2007,93,0,0,1001,0,0,0,1001
CRAB2007,95,605,0,0,0,0,0,605
CRAB2007,96,561,0,0,0,0,0,561
CRAB2007,97,1451,0,0,0,0,0,1451
CRAB2007,98,0,4899,0,0,0,0,4899
CRAB2007,99,0,949,0,0,0,0,949
CRAB2007,101,181,750,0,0,0,0,931
CRAB2008,5,0,52657,0,0,0,0,52657
CRAB2008,6,0,175523,0,0,0,0,175523
CRAB2008,7,0,26328,0,0,0,0,26328
CRAB2008,20,1896,0,0,0,0,0,1896
CRAB2008,23,567,0,0,0,0,0,567
CRAB2008,24,2000,0,0,0,0,0,2000
CRAB2008,25,4605,0,0,0,0,0,4605
CRAB2008,26,2000,0,1582,0,0,0,3582
CRAB2008,27,12000,1789,0,0,0,0,13789
CRAB2008,28,14577,0,0,0,0,0,14577
CRAB2008,29,8000,0,0,0,0,0,8000
CRAB2008,30,9973,0,0,0,0,0,9973
CRAB2008,31,2149,1694,0,0,0,0,3843
CRAB2008,32,2957,532,0,0,0,0,3489
CRAB2008,33,4703,0,700,0,0,0,5404
CRAB2008,34,2500,2321,5459,0,0,0,10280
CRAB2008,35,3496,5104,2502,0,0,0,11102
CRAB2008,36,7799,4746,1909,0,0,0,14454
CRAB2008,37,10137,3910,12963,0,0,0,27010
CRAB2008,38,15842,31491,16533,0,0,0,63867
CRAB2008,39,51606,54370,11889,0,0,0,117865
CRAB2008,40,47745,22236,22011,0,0,9115,101108
CRAB2008,41,76554,61914,25221,0,0,10765,174454
CRAB2008,42,110723,22520,21298,0,0,9115,163655
CRAB2008,43,143347,45842,20670,0,0,29606,239465
CRAB2008,44,226951,135703,11451,0,0,29606,403710
CRAB2008,45,176460,44189,8691,0,0,20491,249831
CRAB2008,46,271709,66802,6294,0,0,22409,367214
CRAB2008,47,319544,101637,8438,0,0,13545,443163
CRAB2008,48,308594,81640,4047,0,0,29766,424046
CRAB2008,49,235176,71848,6778,0,0,3491,317292
CRAB2008,50,210994,73449,9553,0,0,25909,319904
CRAB2008,51,258532,112980,3444,0,0,8557,383513
CRAB2008,52,131204,84820,7670,0,0,12193,235887
CRAB2008,53,118352,88914,7612,0,0,22293,237172
CRAB2008,54,74300,99740,6748,0,0,51526,232314
CRAB2008,55,71434,128060,4994,0,0,65982,270471
CRAB2008,56,123242,94945,2418,0,0,79453,300058
CRAB2008,57,129459,114311,3447,0,0,57541,304758
CRAB2008,58,185187,85943,1987,0,0,58088,331205
CRAB2008,59,169633,93590,3512,0,0,77260,343994
CRAB2008,60,155516,80954,2345,0,0,96089,334904
CRAB2008,61,176615,77698,2982,0,0,83848,341143
CRAB2008,62,210828,56412,3362,0,0,75083,345686
CRAB2008,63,132513,95341,1985,0,0,51398,281238
CRAB2008,64,191198,80734,6916,0,0,54179,333026
CRAB2008,65,144118,44460,6185,0,0,38223,232985
CRAB2008,66,149929,47751,1962,0,0,52574,252215
CRAB2008,67,144500,35227,3014,0,0,24820,207561
CRAB2008,68,138644,52158,1987,0,0,26068,218857
CRAB2008,69,122514,31147,2373,0,0,24639,180673
CRAB2008,70,115245,43356,668,0,0,12206,171476
CRAB2008,71,82991,21221,3363,0,0,16193,123767
CRAB2008,72,78223,13283,1288,0,0,14652,107446
CRAB2008,73,100595,33486,1651,0,0,5461,141193
CRAB2008,74,67117,8283,1159,0,0,8708,85267
CRAB2008,75,53624,14307,984,0,0,4809,73724
CRAB2008,76,33939,15260,0,0,0,2430,51630
CRAB2008,77,30963,9087,1685,0,0,4199,45933
CRAB2008,78,36206,15190,0,0,0,11107,62503
CRAB2008,79,24735,3439,4278,0,0,0,32452
CRAB2008,80,11268,8724,0,0,0,6910,26901
CRAB2008,81,7424,11418,492,0,0,3298,22632
CRAB2008,82,19885,714,1716,0,0,1934,24249
CRAB2008,83,4931,930,0,0,0,653,6514
CRAB2008,84,1557,3442,0,0,0,0,4999
CRAB2008,85,17397,0,0,0,0,699,18096
CRAB2008,86,987,4511,0,0,0,1650,7148
CRAB2008,87,181,3813,1288,0,0,3593,8875
CRAB2008,88,5894,0,819,0,0,0,6712
CRAB2008,89,1230,987,0,0,0,0,2218
CRAB2008,90,0,3164,0,0,0,0,3164
CRAB2008,91,13449,0,0,0,0,0,13449
CRAB2008,92,0,949,0,0,0,0,949
CRAB2008,93,0,3164,0,0,0,0,3164
CRAB2008,94,963,0,0,0,0,0,963
CRAB2008,95,658,0,0,0,0,0,658
CRAB2008,98,0,0,949,0,0,0,949
CRAB2009,5,0,14013,0,0,0,0,14013
CRAB2009,6,0,8408,0,0,0,0,8408
CRAB2009,7,0,5605,0,0,0,0,5605
CRAB2009,19,866,8408,0,0,0,0,9273
CRAB2009,20,0,2803,0,0,0,0,2803
CRAB2009,21,6781,5605,0,0,0,0,12386
CRAB2009,22,0,7302,0,0,0,0,7302
CRAB2009,23,0,0,0,0,0,1570,1570
CRAB2009,24,0,4499,0,0,0,3139,7639
CRAB2009,25,0,1975,0,0,0,7848,9823
CRAB2009,26,2658,0,0,0,0,3139,5798
CRAB2009,27,0,1697,0,0,0,0,1697
CRAB2009,28,4747,0,0,0,0,0,4747
CRAB2009,29,3361,1697,0,0,0,0,5058
CRAB2009,30,0,886,0,0,0,0,886
CRAB2009,31,10158,0,0,0,0,0,10158
CRAB2009,32,0,0,0,0,0,5985,5985
CRAB2009,33,3520,5086,0,0,0,0,8605
CRAB2009,34,9792,6645,863,0,0,0,17300
CRAB2009,35,7162,5889,2938,0,0,2992,18981
CRAB2009,36,2658,7049,0,0,0,0,9707
CRAB2009,37,31874,7150,5808,0,0,12985,57817
CRAB2009,38,41768,12678,10872,0,0,7732,73050
CRAB2009,39,32912,5025,7233,0,0,5985,51156
CRAB2009,40,90605,24461,14096,0,0,7732,136893
CRAB2009,41,93966,16113,18474,0,0,38009,166563
CRAB2009,42,109216,31135,16603,0,0,35166,192121
CRAB2009,43,164859,33136,12993,0,0,22032,233019
CRAB2009,44,152406,28811,18539,0,0,21636,221393
CRAB2009,45,225251,47565,10477,0,0,52960,336253
CRAB2009,46,190665,50529,11528,0,0,34985,287706
CRAB2009,47,146857,66218,12597,0,0,22248,247919
CRAB2009,48,189544,49371,9937,0,0,26829,275680
CRAB2009,49,117679,54732,15850,0,0,36655,224916
CRAB2009,50,153733,87180,14080,0,0,33217,288209
CRAB2009,51,162226,59915,15609,0,0,52520,290269
CRAB2009,52,201883,70537,15199,0,0,38725,326345
CRAB2009,53,227217,56341,15126,0,0,45610,344295
CRAB2009,54,191344,64543,17992,0,0,35459,309338
CRAB2009,55,260806,39864,7644,0,0,57958,366272
CRAB2009,56,329462,53016,10291,0,0,37206,429974
CRAB2009,57,288628,94631,9865,0,0,115062,508186
CRAB2009,58,294877,87620,8072,0,0,68602,459172
CRAB2009,59,355114,83105,5650,0,0,113968,557838
CRAB2009,60,299948,67361,5904,0,0,76015,449229
CRAB2009,61,287235,67041,4991,0,0,108019,467287
CRAB2009,62,273958,89688,4316,0,0,107711,475673
CRAB2009,63,258071,113848,970,0,0,81778,454668
CRAB2009,64,219928,109030,1941,0,0,123572,454471
CRAB2009,65,169538,84014,7118,0,0,147599,408270
CRAB2009,66,175035,78518,2238,0,0,131233,387025
CRAB2009,67,80187,61095,5017,0,0,97240,243539
CRAB2009,68,79052,33738,2531,0,0,82995,198316
CRAB2009,69,54345,45135,3061,0,0,113666,216207
CRAB2009,70,87114,26200,2429,0,0,65471,181215
CRAB2009,71,43239,27292,1581,0,0,72682,144794
CRAB2009,72,47521,16952,1791,0,0,50712,116976
CRAB2009,73,54613,12875,1023,0,0,39564,108075
CRAB2009,74,46859,13906,1159,0,0,44006,105930
CRAB2009,75,30052,8362,2067,0,0,7592,48072
CRAB2009,76,13681,6789,0,0,0,12971,33441
CRAB2009,77,20715,867,778,0,0,10402,32763
CRAB2009,78,26456,7059,3305,0,0,8009,44829
CRAB2009,79,7989,3303,1289,0,0,0,12580
CRAB2009,80,8135,11217,778,0,0,4466,24595
CRAB2009,81,4970,0,0,0,0,10236,15206
CRAB2009,82,8840,1111,1129,0,0,583,11663
CRAB2009,83,1552,6354,778,0,0,4513,13198
CRAB2009,84,15485,1162,0,0,0,1864,18511
CRAB2009,85,16237,9113,1023,0,0,1055,27429
CRAB2009,86,1130,0,0,0,0,0,1130
CRAB2009,88,0,867,0,0,0,0,867
CRAB2009,89,2974,0,0,0,0,0,2974
CRAB2009,90,743,0,0,0,0,0,743
CRAB2009,91,0,963,0,0,0,0,963
CRAB2009,93,0,0,492,0,0,0,492
CRAB2009,94,0,0,1023,0,0,0,1023
CRAB2009,99,0,1865,0,0,0,0,1865
CRAB2010,19,1232,0,0,0,0,0,1232
CRAB2010,22,283,0,0,0,0,0,283
CRAB2010,23,4622,0,0,0,0,0,4622
CRAB2010,26,486,0,0,0,0,0,486
CRAB2010,29,1926,773,0,0,0,0,2699
CRAB2010,30,2400,773,0,0,0,0,3173
CRAB2010,31,3099,4407,0,0,0,0,7506
CRAB2010,32,0,55262,0,0,0,0,55262
CRAB2010,33,3790,51428,0,0,0,0,55218
CRAB2010,34,0,121976,1187,0,0,0,123163
CRAB2010,35,0,121839,0,0,0,0,121839
CRAB2010,36,1419,172051,8499,0,0,0,181969
CRAB2010,37,28784,167920,10225,0,0,0,206929
CRAB2010,38,2428,146106,9998,0,0,0,158531
CRAB2010,39,19431,117030,20524,0,0,1929,158913
CRAB2010,40,45244,81474,13990,0,0,1929,142638
CRAB2010,41,39556,46434,18666,0,0,0,104656
CRAB2010,42,76293,59227,17070,0,0,2628,155218
CRAB2010,43,73454,34864,23535,0,0,3858,135712
CRAB2010,44,44131,56255,6199,0,0,1570,108154
CRAB2010,45,194295,63003,5301,0,0,2879,265477
CRAB2010,46,107534,53307,18138,0,0,3793,182772
CRAB2010,47,144357,55200,7539,0,0,1929,209025
CRAB2010,48,224616,77725,12588,0,0,3863,318792
CRAB2010,49,38044,76752,32133,0,0,1860,148789
CRAB2010,50,326777,81142,35361,0,0,6039,449319
CRAB2010,51,412740,75639,18425,0,0,6354,513158
CRAB2010,52,321235,79277,17963,0,0,26211,444686
CRAB2010,53,436956,108617,8960,0,0,22473,577005
CRAB2010,54,693947,108560,5960,0,0,22667,831134
CRAB2010,55,408300,114429,13854,0,0,20748,557331
CRAB2010,56,248143,93704,12165,0,0,26541,380554
CRAB2010,57,572877,125162,18158,0,0,35304,751501
CRAB2010,58,196114,89328,12580,0,0,53205,351228
CRAB2010,59,123144,65833,4730,0,0,53945,247652
CRAB2010,60,430106,109099,19800,0,0,22729,581734
CRAB2010,61,553049,130350,5047,0,0,43398,731844
CRAB2010,62,268319,87869,4417,0,0,43975,404581
CRAB2010,63,184916,68434,8197,0,0,30403,291950
CRAB2010,64,312051,26291,6212,0,0,32895,377449
CRAB2010,65,341745,42891,9737,0,0,33597,427970
CRAB2010,66,159685,44998,7303,0,0,58794,270779
CRAB2010,67,195796,41941,6661,0,0,27561,271959
CRAB2010,68,86679,22542,5027,0,0,18703,132952
CRAB2010,69,119951,19648,2807,0,0,13452,155858
CRAB2010,70,278816,31159,3266,0,0,13724,326964
CRAB2010,71,54925,28586,0,0,0,25561,109073
CRAB2010,72,220429,4549,1311,0,0,13643,239931
CRAB2010,73,57608,10774,2926,0,0,13988,85296
CRAB2010,74,41339,14693,1227,0,0,6173,63432
CRAB2010,75,30249,5069,835,0,0,6492,42645
CRAB2010,76,9600,0,835,0,0,11252,21687
CRAB2010,77,35560,1927,1975,0,0,0,39463
CRAB2010,78,12453,0,0,0,0,12550,25003
CRAB2010,79,197130,773,0,0,0,3844,201747
CRAB2010,80,12046,705,0,0,0,0,12751
CRAB2010,81,3351,0,700,0,0,965,5016
CRAB2010,82,6494,8752,0,0,0,2210,17456
CRAB2010,83,881,0,0,0,0,0,881
CRAB2010,84,4544,0,5691,0,0,0,10234
CRAB2010,85,3758,860,0,0,0,0,4618
CRAB2010,86,0,0,1270,0,0,0,1270
CRAB2010,87,1792,0,0,0,0,2872,4665
CRAB2010,88,5099,5147,819,0,0,0,11064
CRAB2010,90,3798,0,0,0,0,1261,5058
CRAB2010,91,0,2939,0,0,0,0,2939
CRAB2010,93,456,0,0,0,0,0,456
CRAB2010,94,0,0,819,0,0,0,819
CRAB2010,95,0,987,0,0,0,0,987
CRAB2010,98,0,0,1187,0,0,0,1187
CRAB2010,99,18228,0,0,0,0,0,18228
CRAB2010,113,1241,0,0,0,0,0,1241
CRAB2011,5,0,68172,0,0,0,0,68172
CRAB2011,6,0,818063,0,0,0,0,818063
CRAB2011,7,0,175611,0,0,0,0,175611
CRAB2011,8,0,84722,0,0,0,0,84722
CRAB2011,24,0,0,835,0,0,0,835
CRAB2011,25,567,0,0,0,0,0,567
CRAB2011,27,5978,0,1078,0,0,0,7057
CRAB2011,28,0,0,1078,0,0,0,1078
CRAB2011,29,567,0,0,0,0,0,567
CRAB2011,30,567,0,0,0,0,0,567
CRAB2011,32,0,2424,0,0,0,0,2424
CRAB2011,33,4747,0,0,0,0,0,4747
CRAB2011,34,949,4848,0,0,0,0,5797
CRAB2011,35,405,16864,256,0,0,0,17525
CRAB2011,36,567,4848,5692,0,0,0,11106
CRAB2011,37,1642,145688,4102,0,0,0,151433
CRAB2011,38,23172,14488,4537,0,0,0,42197
CRAB2011,39,3285,12933,6812,0,0,0,23030
CRAB2011,40,28433,31651,14540,0,0,0,74624
CRAB2011,41,25818,169330,15531,0,0,0,210679
CRAB2011,42,61443,307493,17020,0,0,0,385956
CRAB2011,43,42586,471222,20363,0,0,9857,544027
CRAB2011,44,53789,500304,9764,0,0,2260,566117
CRAB2011,45,76032,669162,13196,0,0,19507,777897
CRAB2011,46,89419,863468,21815,0,0,19467,994168
CRAB2011,47,104093,622557,14835,0,0,28661,770146
CRAB2011,48,112018,1124307,16939,0,0,28547,1281810
CRAB2011,49,120307,483178,28677,0,0,30219,662382
CRAB2011,50,177053,980954,28149,0,0,25740,1211896
CRAB2011,51,138939,443357,34184,0,0,32184,648663
CRAB2011,52,307405,591015,18383,0,0,28709,945512
CRAB2011,53,199430,454871,21845,0,0,34758,710904
CRAB2011,54,306315,209881,16016,0,0,34907,567119
CRAB2011,55,271469,161025,10625,0,0,36927,480045
CRAB2011,56,255715,148208,8025,0,0,57931,469878
CRAB2011,57,230275,160842,14525,0,0,70018,475660
CRAB2011,58,271538,348399,7210,0,0,56871,684017
CRAB2011,59,192690,140781,8069,0,0,99379,440918
CRAB2011,60,266351,83086,7104,0,0,103483,460024
CRAB2011,61,176035,80713,8047,0,0,77923,342718
CRAB2011,62,272934,60080,5261,0,0,69646,407921
CRAB2011,63,192691,198277,8703,0,0,52431,452102
CRAB2011,64,184938,40310,8659,0,0,45698,279606
CRAB2011,65,168275,49260,13285,0,0,34863,265683
CRAB2011,66,141275,24515,5138,0,0,23666,194594
CRAB2011,67,146140,16817,6181,0,0,26044,195182
CRAB2011,68,136758,32023,4322,0,0,15094,188196
CRAB2011,69,90332,6117,10839,0,0,5409,112698
CRAB2011,70,59965,18569,4494,0,0,13995,97023
CRAB2011,71,76178,10880,11133,0,0,13188,111379
CRAB2011,72,28634,8405,3198,0,0,8801,49038
CRAB2011,73,30287,3338,3808,0,0,13921,51354
CRAB2011,74,51495,765,819,0,0,12819,65897
CRAB2011,75,15070,9617,1948,0,0,4435,31069
CRAB2011,76,17798,2965,819,0,0,1899,23481
CRAB2011,77,17955,939,4703,0,0,0,23596
CRAB2011,78,29175,765,984,0,0,2585,33509
CRAB2011,79,4563,939,0,0,0,653,6155
CRAB2011,80,3813,0,0,0,0,0,3813
CRAB2011,81,2978,0,778,0,0,0,3756
CRAB2011,82,4124,0,0,0,0,1439,5563
CRAB2011,83,1196,0,1637,0,0,4435,7269
CRAB2011,84,1673,641,0,0,0,0,2314
CRAB2011,85,0,1647,0,0,0,0,1647
CRAB2011,86,892,1225,0,0,0,4435,6552
CRAB2011,87,5059,0,0,0,0,0,5059
CRAB2011,89,1145,1364,0,0,0,0,2508
CRAB2011,91,0,0,0,0,0,1261,1261
CRAB2011,92,1241,0,0,0,0,0,1241
CRAB2011,93,911,0,0,0,0,0,911
CRAB2011,94,477,0,0,0,0,0,477
CRAB2011,96,9118,0,0,0,0,0,9118
CRAB2011,97,9118,0,0,0,0,0,9118
CRAB2012,20,3638,0,0,0,0,0,3638
CRAB2012,22,2853,0,0,0,0,0,2853
CRAB2012,24,8447,0,0,0,0,0,8447
CRAB2012,25,3005,0,0,0,0,0,3005
CRAB2012,26,2701,0,0,0,0,0,2701
CRAB2012,27,2088,0,0,0,0,0,2088
CRAB2012,28,0,0,0,0,0,1570,1570
CRAB2012,29,4747,0,0,0,0,0,4747
CRAB2012,30,2701,0,0,0,0,0,2701
CRAB2012,31,1517,0,0,0,0,0,1517
CRAB2012,32,7350,0,0,0,0,0,7350
CRAB2012,33,0,19789,0,0,0,0,19789
CRAB2012,34,567,20620,0,0,0,0,21187
CRAB2012,35,14321,27093,0,0,0,0,41414
CRAB2012,36,4382,23645,2448,0,0,0,30476
CRAB2012,37,16259,28412,4621,0,0,0,49293
CRAB2012,38,10171,45589,2973,0,0,0,58733
CRAB2012,39,17734,38599,14815,0,0,3544,74691
CRAB2012,40,19190,78501,7234,0,0,0,104926
CRAB2012,41,62413,55149,8375,0,0,6070,132006
CRAB2012,42,28007,44692,13745,0,0,0,86445
CRAB2012,43,46005,77330,8011,0,0,0,131346
CRAB2012,44,55088,70119,7455,0,0,0,132662
CRAB2012,45,50373,120151,2655,0,0,1791,174970
CRAB2012,46,44698,108450,767,0,0,3822,157737
CRAB2012,47,37682,137421,2684,0,0,0,177787
CRAB2012,48,67420,243916,7495,0,0,7390,326221
CRAB2012,49,77755,404803,9987,0,0,11971,504516
CRAB2012,50,130843,439734,6278,0,0,16953,593808
CRAB2012,51,147780,453033,29077,0,0,31249,661138
CRAB2012,52,155646,477540,14465,0,0,42098,689750
CRAB2012,53,219924,495422,27167,0,0,48004,790518
CRAB2012,54,241394,481665,30097,0,0,63360,816516
CRAB2012,55,215294,478769,31689,0,0,83052,808803
CRAB2012,56,177541,443638,25893,0,0,86861,733932
CRAB2012,57,185775,400214,39542,0,0,86573,712103
CRAB2012,58,192032,390258,47577,0,0,98193,728060
CRAB2012,59,319916,234219,40523,0,0,114018,708676
CRAB2012,60,271351,254022,47786,0,0,114574,687733
CRAB2012,61,256520,187246,25801,0,0,67461,537029
CRAB2012,62,213874,189834,36978,0,0,77132,517818
CRAB2012,63,235703,168607,24675,0,0,86808,515793
CRAB2012,64,227063,186674,15402,0,0,27939,457077
CRAB2012,65,155550,149842,10805,0,0,35033,351230
CRAB2012,66,134133,89431,12269,0,0,53552,289386
CRAB2012,67,123031,99251,17119,0,0,36085,275486
CRAB2012,68,121807,42590,17596,0,0,70920,252913
CRAB2012,69,57442,52296,9083,0,0,23501,142322
CRAB2012,70,63033,9381,3084,0,0,25748,101246
CRAB2012,71,74803,9787,6107,0,0,30229,120926
CRAB2012,72,34076,10928,4916,0,0,8287,58207
CRAB2012,73,21186,7752,4047,0,0,2907,35890
CRAB2012,74,33666,17072,3478,0,0,10906,65122
CRAB2012,75,23253,3965,1406,0,0,6504,35129
CRAB2012,76,28889,4778,3484,0,0,0,37151
CRAB2012,77,11599,949,5085,0,0,5813,23447
CRAB2012,78,12089,8713,1637,0,0,4528,26967
CRAB2012,79,11384,0,819,0,0,948,13151
CRAB2012,80,10966,3499,2581,0,0,0,17046
CRAB2012,81,3428,921,875,0,0,0,5223
CRAB2012,82,2427,564,0,0,0,4554,7545
CRAB2012,83,0,6384,1288,0,0,5063,12735
CRAB2012,84,5165,0,819,0,0,0,5984
CRAB2012,88,0,1622,0,0,0,0,1622
CRAB2012,90,0,0,0,0,0,14829,14829
CRAB2012,91,1149,0,819,0,0,0,1968
CRAB2012,92,1729,0,0,0,0,0,1729
CRAB2012,93,475,0,0,0,0,0,475
CRAB2012,94,8378,0,0,0,0,0,8378
CRAB2012,95,0,949,0,0,0,0,949
CRAB2012,96,3688,0,0,0,0,0,3688
CRAB2012,98,803,0,0,0,0,0,803
CRAB2012,99,0,0,767,0,0,0,767
CRAB2012,100,2432,0,0,0,0,0,2432
CRAB2013,6,0,4716,0,0,0,0,4716
CRAB2013,7,0,27067,0,0,0,0,27067
CRAB2013,8,0,1785,0,0,0,0,1785
CRAB2013,9,0,3724,0,0,0,0,3724
CRAB2013,10,0,5509,0,0,0,0,5509
CRAB2013,12,14285,0,0,0,0,0,14285
CRAB2013,13,14285,0,1449,0,0,0,15734
CRAB2013,14,14285,0,4346,0,0,0,18631
CRAB2013,15,49998,0,1449,0,0,0,51446
CRAB2013,16,57702,0,1449,0,0,0,59151
CRAB2013,17,66014,0,1449,0,0,1570,69033
CRAB2013,18,14069,10499,1449,0,0,0,26017
CRAB2013,19,23611,13406,0,0,0,1570,38587
CRAB2013,20,28623,40219,0,0,0,1570,70411
CRAB2013,21,107162,80437,0,0,0,1570,189169
CRAB2013,22,44829,39889,3622,0,0,3139,91478
CRAB2013,23,34937,72283,7721,0,0,0,114942
CRAB2013,24,72130,53295,3924,0,0,1570,130918
CRAB2013,25,79197,69806,10167,0,0,0,159171
CRAB2013,26,47542,30342,13417,0,0,1570,92870
CRAB2013,27,9397,56030,12368,0,0,0,77795
CRAB2013,28,24938,44292,9464,0,0,0,78695
CRAB2013,29,21587,39889,9896,0,0,2421,73793
CRAB2013,30,39932,14325,13666,0,0,0,67923
CRAB2013,31,2355,6124,24436,0,0,0,32916
CRAB2013,32,15528,778,13390,0,0,0,29696
CRAB2013,33,3220,5556,5105,0,0,0,13881
CRAB2013,34,9645,9247,5105,0,0,0,23997
CRAB2013,35,17898,13176,5105,0,0,0,36179
CRAB2013,36,13189,11393,0,0,0,0,24581
CRAB2013,37,32890,23464,0,0,0,0,56355
CRAB2013,38,69536,20376,2322,0,0,0,92234
CRAB2013,39,78332,26252,2347,0,0,0,106931
CRAB2013,40,127026,25956,2448,0,0,0,155430
CRAB2013,41,274511,11214,3906,0,0,1327,290959
CRAB2013,42,386790,22832,8932,0,0,705,419259
CRAB2013,43,199247,15633,7358,0,0,0,222237
CRAB2013,44,299326,16617,7351,0,0,0,323293
CRAB2013,45,384026,27443,8223,0,0,0,419692
CRAB2013,46,260269,33095,4195,0,0,3544,301102
CRAB2013,47,204287,44571,4901,0,0,4021,257781
CRAB2013,48,197591,38250,4982,0,0,2130,242953
CRAB2013,49,198422,67619,4457,0,0,3863,274362
CRAB2013,50,111031,75327,2582,0,0,5674,194614
CRAB2013,51,141332,148736,7147,0,0,32146,329361
CRAB2013,52,151321,124247,7290,0,0,22744,305602
CRAB2013,53,118911,229085,7807,0,0,30627,386429
CRAB2013,54,154542,203567,8493,0,0,23215,389817
CRAB2013,55,166897,168175,10359,0,0,95405,440836
CRAB2013,56,212940,232484,8788,0,0,70451,524663
CRAB2013,57,264185,180360,9309,0,0,36307,490161
CRAB2013,58,294329,215411,4904,0,0,52884,567528
CRAB2013,59,232651,274081,4887,0,0,51226,562845
CRAB2013,60,251546,248023,3941,0,0,42762,546272
CRAB2013,61,200150,148130,6339,0,0,94426,449045
CRAB2013,62,333471,110679,17386,0,0,126912,588449
CRAB2013,63,228522,229033,14310,0,0,132682,604547
CRAB2013,64,213467,196649,3791,0,0,84477,498384
CRAB2013,65,278154,89121,4236,0,0,35307,406817
CRAB2013,66,152837,65973,11234,0,0,80275,310320
CRAB2013,67,195926,39811,13932,0,0,32965,282634
CRAB2013,68,231714,39776,3556,0,0,41452,316498
CRAB2013,69,153373,15737,5761,0,0,57293,232164
CRAB2013,70,93226,15488,6702,0,0,24045,139461
CRAB2013,71,77148,6413,5743,0,0,5060,94364
CRAB2013,72,111927,4023,0,0,0,3987,119938
CRAB2013,73,58423,3661,4549,0,0,3496,70129
CRAB2013,74,23747,2180,5398,0,0,6623,37948
CRAB2013,75,17097,1105,1288,0,0,4369,23860
CRAB2013,76,27535,0,1630,0,0,0,29164
CRAB2013,77,19556,2075,0,0,0,2532,24162
CRAB2013,78,4943,1220,1291,0,0,0,7455
CRAB2013,79,7487,0,778,0,0,0,8265
CRAB2013,80,44917,1227,0,0,0,0,46144
CRAB2013,81,19725,0,1001,0,0,0,20726
CRAB2013,82,22502,0,0,0,0,0,22502
CRAB2013,83,369,0,0,0,0,0,369
CRAB2013,84,8397,0,1452,0,0,0,9849
CRAB2013,90,795,0,0,0,0,0,795
CRAB2013,96,0,936,0,0,0,0,936
CRAB2013,98,0,705,0,0,0,0,705
CRAB2013,100,0,1296,1452,0,0,0,2748
CRAB2014,17,15424,0,0,0,0,0,15424
CRAB2014,22,1044,0,0,0,0,0,1044
CRAB2014,23,20334,0,0,0,0,0,20334
CRAB2014,24,27124,0,0,0,0,0,27124
CRAB2014,26,0,1258,939,0,0,0,2196
CRAB2014,27,5430,0,0,0,0,0,5430
CRAB2014,28,3798,0,0,0,0,0,3798
CRAB2014,29,4839,0,0,0,0,0,4839
CRAB2014,30,16900,0,6331,0,0,0,23231
CRAB2014,31,27199,0,8460,0,0,0,35660
CRAB2014,32,88630,18072,16272,0,0,6185,129160
CRAB2014,33,98419,22339,16606,0,0,17912,155275
CRAB2014,34,91740,99990,37191,0,0,24741,253662
CRAB2014,35,150388,76414,41337,0,0,12370,280510
CRAB2014,36,160936,189881,27936,0,0,19458,398211
CRAB2014,37,216603,114018,20019,0,0,10048,360688
CRAB2014,38,201512,164865,29545,0,0,29934,425857
CRAB2014,39,172856,262858,25454,0,0,10117,471285
CRAB2014,40,236056,110842,21533,0,0,12294,380725
CRAB2014,41,279851,225468,17123,0,0,27010,549452
CRAB2014,42,242078,137964,17642,0,0,10671,408355
CRAB2014,43,212917,155291,18777,0,0,15547,402532
CRAB2014,44,252798,134278,12516,0,0,4788,404380
CRAB2014,45,243601,247716,10060,0,0,23610,524988
CRAB2014,46,169551,131101,1693,0,0,12361,314707
CRAB2014,47,175498,111204,14956,0,0,29885,331544
CRAB2014,48,170537,103488,5844,0,0,15590,295458
CRAB2014,49,96005,120737,8188,0,0,13155,238086
CRAB2014,50,100300,80739,9915,0,0,11751,202704
CRAB2014,51,126148,70912,21383,0,0,25092,243535
CRAB2014,52,144760,67835,12464,0,0,13516,238574
CRAB2014,53,178469,34056,17023,0,0,13989,243538
CRAB2014,54,94061,100013,24147,0,0,7706,225928
CRAB2014,55,232558,36305,12841,0,0,21588,303292
CRAB2014,56,161852,69804,15838,0,0,23679,271173
CRAB2014,57,343392,50463,5541,0,0,26204,425601
CRAB2014,58,408780,99016,16753,0,0,21491,546040
CRAB2014,59,399664,105754,16711,0,0,28395,550524
CRAB2014,60,138873,65608,7222,0,0,35088,246791
CRAB2014,61,117410,71277,14692,0,0,56888,260267
CRAB2014,62,146412,69439,10388,0,0,58033,284272
CRAB2014,63,212756,71508,14153,0,0,33438,331855
CRAB2014,64,291283,104835,4771,0,0,62275,463164
CRAB2014,65,198601,47179,15418,0,0,38867,300066
CRAB2014,66,124140,30918,12838,0,0,61492,229388
CRAB2014,67,162855,27899,8164,0,0,108314,307232
CRAB2014,68,330717,22615,3421,0,0,58605,415358
CRAB2014,69,171790,15373,14820,0,0,53532,255514
CRAB2014,70,286997,11690,11437,0,0,34061,344185
CRAB2014,71,166426,14235,9590,0,0,27588,217840
CRAB2014,72,80919,11602,7180,0,0,25553,125254
CRAB2014,73,89383,11123,7842,0,0,15264,123612
CRAB2014,74,68107,2153,2851,0,0,5387,78497
CRAB2014,75,272471,1170,11005,0,0,8714,293360
CRAB2014,76,31944,2449,2805,0,0,0,37198
CRAB2014,77,84972,0,4390,0,0,1139,90501
CRAB2014,78,3242,0,5236,0,0,0,8478
CRAB2014,79,12471,0,8358,0,0,0,20829
CRAB2014,80,56817,963,3712,0,0,0,61492
CRAB2014,81,8372,0,994,0,0,4661,14026
CRAB2014,82,1942,0,2153,0,0,0,4095
CRAB2014,83,2846,1492,1201,0,0,0,5539
CRAB2014,85,0,0,3194,0,0,0,3194
CRAB2014,88,0,0,4215,0,0,0,4215
CRAB2014,89,2208,0,0,0,0,0,2208
CRAB2014,90,65394,0,6388,0,0,0,71782
CRAB2014,93,365,0,0,0,0,0,365
CRAB2014,95,816,0,0,0,0,0,816
CRAB2014,101,477,0,0,0,0,0,477
CRAB2015,10,3746,0,0,0,0,0,3746
CRAB2015,11,7200,0,0,0,0,0,7200
CRAB2015,19,0,901,0,0,0,0,901
CRAB2015,21,0,3021,939,0,0,0,3960
CRAB2015,22,0,901,2098,0,0,0,2999
CRAB2015,23,0,3500,2098,0,0,0,5598
CRAB2015,24,0,3915,8229,0,0,3139,15283
CRAB2015,25,668,5050,5966,0,0,0,11684
CRAB2015,26,0,2908,15546,0,0,1570,20024
CRAB2015,27,0,987,19386,0,0,0,20374
CRAB2015,28,180,179,3755,0,0,1570,5684
CRAB2015,29,4219,2702,4032,0,0,0,10953
CRAB2015,30,21452,3613,3037,0,0,0,28102
CRAB2015,31,10914,8658,0,0,0,0,19572
CRAB2015,32,5486,4370,2098,0,0,0,11954
CRAB2015,33,15730,1801,1078,0,0,0,18610
CRAB2015,34,19558,2737,4197,0,0,1570,28061
CRAB2015,35,22267,13279,1934,0,0,5387,42867
CRAB2015,36,37174,9019,4174,0,0,0,50368
CRAB2015,37,12665,26706,4253,0,0,5804,49428
CRAB2015,38,56653,67877,4197,0,0,1570,130296
CRAB2015,39,65822,31179,11154,0,0,7342,115496
CRAB2015,40,94034,52996,10233,0,0,6813,164075
CRAB2015,41,79824,68646,4647,0,0,4521,157638
CRAB2015,42,71771,55816,23048,0,0,1570,152204
CRAB2015,43,105217,48615,8596,0,0,6781,169209
CRAB2015,44,138787,69327,11581,0,0,13635,233330
CRAB2015,45,129706,90739,13931,0,0,13445,247820
CRAB2015,46,160862,98683,6101,0,0,28616,294262
CRAB2015,47,186095,120182,13066,0,0,20042,339384
CRAB2015,48,224458,117419,25948,0,0,18368,386193
CRAB2015,49,243043,144744,14706,0,0,21983,424477
CRAB2015,50,284408,147369,20217,0,0,23452,475446
CRAB2015,51,293776,104207,27978,0,0,23149,449110
CRAB2015,52,231479,72271,30977,0,0,24626,359354
CRAB2015,53,182653,107149,11919,0,0,12544,314264
CRAB2015,54,221231,79525,19601,0,0,38735,359092
CRAB2015,55,135845,89389,14257,0,0,27363,266854
CRAB2015,56,104664,86807,16056,0,0,34816,242342
CRAB2015,57,92711,46553,28061,0,0,18635,185960
CRAB2015,58,94540,43109,16541,0,0,14244,168435
CRAB2015,59,70176,53121,12951,0,0,15796,152043
CRAB2015,60,43708,56193,15727,0,0,18114,133742
CRAB2015,61,38662,40418,9284,0,0,10802,99165
CRAB2015,62,23267,36530,4914,0,0,8971,73682
CRAB2015,63,42163,43084,9262,0,0,14307,108816
CRAB2015,64,17765,37369,4689,0,0,10257,70080
CRAB2015,65,27223,44395,9449,0,0,13443,94510
CRAB2015,66,53291,16768,6081,0,0,12591,88732
CRAB2015,67,14981,37700,12867,0,0,17670,83217
CRAB2015,68,22428,29637,12084,0,0,7885,72034
CRAB2015,69,15042,67121,15882,0,0,8365,106410
CRAB2015,70,16505,15206,4854,0,0,1720,38285
CRAB2015,71,8935,25872,15251,0,0,8657,58715
CRAB2015,72,37121,23047,991,0,0,2475,63634
CRAB2015,73,2005,7527,18366,0,0,4842,32740
CRAB2015,74,10912,1253,6880,0,0,1215,20260
CRAB2015,75,12156,29659,492,0,0,760,43067
CRAB2015,76,13887,0,3427,0,0,4895,22209
CRAB2015,77,14117,2162,0,0,0,949,17228
CRAB2015,78,9298,4062,5535,0,0,949,19845
CRAB2015,79,1226,2172,0,0,0,1934,5332
CRAB2015,80,2556,0,819,0,0,0,3375
CRAB2015,81,4278,0,2341,0,0,949,7569
CRAB2015,82,744,0,7461,0,0,1795,10000
CRAB2015,83,1408,0,0,0,0,1902,3310
CRAB2015,84,0,2449,2691,0,0,760,5899
CRAB2015,85,0,949,0,0,0,0,949
CRAB2015,86,0,949,0,0,0,0,949
CRAB2015,88,933,0,0,0,0,0,933
CRAB2015,90,1688,0,5535,0,0,0,7223
CRAB2015,91,0,0,7109,0,0,0,7109
CRAB2015,92,5567,0,819,0,0,0,6386
CRAB2015,94,0,0,819,0,0,0,819
CRAB2015,96,0,1492,0,0,0,0,1492
CRAB2015,100,0,564,0,0,0,0,564
CRAB2015,102,0,980,0,0,0,0,980
CRAB2016,6,0,8429,0,0,0,0,8429
CRAB2016,7,0,70063,0,0,0,10315,80378
CRAB2016,8,0,235294,0,0,0,41259,276553
CRAB2016,9,0,366331,0,0,0,20629,386961
CRAB2016,10,0,263104,0,0,0,0,263104
CRAB2016,11,7200,104375,0,0,0,0,111576
CRAB2016,12,0,1113,0,0,0,0,1113
CRAB2016,20,1323,0,0,0,0,0,1323
CRAB2016,23,567,0,0,0,0,0,567
CRAB2016,24,0,0,0,0,0,1570,1570
CRAB2016,25,4747,0,0,0,0,3139,7886
CRAB2016,26,0,2803,0,0,0,6279,9081
CRAB2016,29,4747,0,0,0,0,0,4747
CRAB2016,30,0,931,0,0,0,0,931
CRAB2016,31,4747,0,0,0,0,0,4747
CRAB2016,32,0,0,2852,0,0,0,2852
CRAB2016,33,9357,0,0,0,0,917,10275
CRAB2016,34,5669,29086,2852,0,0,0,37607
CRAB2016,35,26904,68872,2852,0,0,0,98629
CRAB2016,36,24857,20712,5704,0,0,0,51273
CRAB2016,37,20932,24052,13687,0,0,917,59589
CRAB2016,38,12283,27586,12346,0,0,0,52215
CRAB2016,39,54349,22817,12281,0,0,1650,91097
CRAB2016,40,55897,43544,2540,0,0,3544,105524
CRAB2016,41,60829,47949,13805,0,0,0,122583
CRAB2016,42,70524,69287,7640,0,0,917,148369
CRAB2016,43,101369,84807,5704,0,0,8876,200755
CRAB2016,44,100220,110647,4962,0,0,6100,221929
CRAB2016,45,84390,143360,4957,0,0,12468,245175
CRAB2016,46,107582,150807,9286,0,0,5746,273421
CRAB2016,47,64904,166347,16498,0,0,10776,258524
CRAB2016,48,100567,169568,7758,0,0,3705,281598
CRAB2016,49,135115,107405,16214,0,0,3052,261786
CRAB2016,50,91573,115799,13258,0,0,15750,236380
CRAB2016,51,102647,110333,7245,0,0,10846,231071
CRAB2016,52,129930,122544,12867,0,0,15490,280831
CRAB2016,53,122926,86259,12187,0,0,15805,237177
CRAB2016,54,122426,79412,16660,0,0,29396,247893
CRAB2016,55,116083,55877,17135,0,0,22308,211403
CRAB2016,56,92648,65418,17149,0,0,16616,191832
CRAB2016,57,88524,49625,16479,0,0,5587,160215
CRAB2016,58,72805,37002,12020,0,0,10686,132514
CRAB2016,59,88519,29653,19688,0,0,14294,152154
CRAB2016,60,78401,25454,16548,0,0,12699,133102
CRAB2016,61,66602,30722,8783,0,0,11582,117690
CRAB2016,62,49437,15567,14002,0,0,6314,85321
CRAB2016,63,36209,16757,11674,0,0,9395,74035
CRAB2016,64,50405,27897,13832,0,0,11838,103970
CRAB2016,65,24701,25962,8035,0,0,917,59615
CRAB2016,66,10707,14709,7279,0,0,2635,35329
CRAB2016,67,13910,14836,3313,0,0,2005,34064
CRAB2016,68,5172,5828,1288,0,0,456,12744
CRAB2016,69,5846,11694,6720,0,0,4800,29061
CRAB2016,70,2852,23563,7122,0,0,0,33537
CRAB2016,71,7010,16450,1650,0,0,0,25110
CRAB2016,72,6936,3269,5600,0,0,653,16459
CRAB2016,73,684,5421,0,0,0,0,6105
CRAB2016,74,6216,24441,1156,0,0,2976,34788
CRAB2016,75,6702,14594,1288,0,0,653,23237
CRAB2016,76,1618,14952,1011,0,0,0,17581
CRAB2016,77,120,1422,0,0,0,0,1542
CRAB2016,78,0,3052,0,0,0,0,3052
CRAB2016,79,1585,4385,2023,0,0,1650,9642
CRAB2016,80,0,1285,2012,0,0,0,3297
CRAB2016,82,1302,963,700,0,0,0,2965
CRAB2016,83,3464,2754,2023,0,0,2180,10420
CRAB2016,84,1065,3849,1156,0,0,1934,8004
CRAB2016,90,949,0,1288,0,0,0,2237
CRAB2016,92,152,0,1156,0,0,0,1308
CRAB2016,93,0,750,1288,0,0,0,2038
CRAB2016,95,0,0,2012,0,0,0,2012
CRAB2016,96,0,0,925,0,0,0,925
CRAB2016,97,0,0,1159,0,0,0,1159
CRAB2016,98,0,0,1011,0,0,0,1011
CRAB2017,21,2266,0,0,0,0,0,2266
CRAB2017,23,0,939,0,0,0,0,939
CRAB2017,24,3242,0,0,0,0,4709,7950
CRAB2017,25,2948,1697,0,0,0,6279,10924
CRAB2017,26,3594,0,0,0,0,4709,8303
CRAB2017,27,12117,845,0,0,0,7848,20810
CRAB2017,28,8242,3647,0,0,0,10987,22877
CRAB2017,29,9318,0,949,0,0,14420,24687
CRAB2017,30,4024,845,0,0,0,6279,11147
CRAB2017,31,10331,1697,0,0,0,6702,18730
CRAB2017,32,15249,1689,0,0,0,7848,24787
CRAB2017,33,34577,0,0,0,0,0,34577
CRAB2017,34,20780,0,4006,0,0,0,24786
CRAB2017,35,26782,0,995,0,0,1570,29346
CRAB2017,36,5600,0,0,0,0,0,5600
CRAB2017,37,7472,0,0,0,0,0,7472
CRAB2017,38,2134,3164,0,0,0,0,5298
CRAB2017,39,6434,2350,4006,0,0,0,12791
CRAB2017,40,13709,11490,4006,0,0,0,29205
CRAB2017,41,5910,5561,9007,0,0,0,20478
CRAB2017,42,15134,3232,4006,0,0,0,22371
CRAB2017,43,5449,11453,6467,0,0,0,23368
CRAB2017,44,26996,6644,16024,0,0,1557,51222
CRAB2017,45,17985,37252,17019,0,0,2928,75185
CRAB2017,46,28366,17451,17535,0,0,3526,66878
CRAB2017,47,25249,36386,33992,0,0,10556,106183
CRAB2017,48,27439,58390,34038,0,0,3097,122964
CRAB2017,49,45863,95677,22561,0,0,13002,177104
CRAB2017,50,48273,74128,26026,0,0,13239,161665
CRAB2017,51,41697,100850,16989,0,0,10998,170533
CRAB2017,52,56838,129259,33629,0,0,23593,243320
CRAB2017,53,72435,131820,13906,0,0,11388,229550
CRAB2017,54,73147,121138,9918,0,0,15857,220061
CRAB2017,55,55515,126670,10368,0,0,24744,217298
CRAB2017,56,79076,116165,15073,0,0,25351,235665
CRAB2017,57,84105,114818,11620,0,0,21940,232483
CRAB2017,58,102481,115049,9030,0,0,25176,251736
CRAB2017,59,67317,90846,4493,0,0,20113,182770
CRAB2017,60,59054,70475,7620,0,0,21589,158737
CRAB2017,61,85347,53930,11338,0,0,15985,166600
CRAB2017,62,59827,45193,9689,0,0,6808,121517
CRAB2017,63,55284,40671,7788,0,0,9702,113444
CRAB2017,64,69295,54392,12116,0,0,13129,148932
CRAB2017,65,50827,32066,7838,0,0,17556,108288
CRAB2017,66,26902,19278,2220,0,0,16628,65027
CRAB2017,67,36417,14337,7260,0,0,3544,61557
CRAB2017,68,20539,13638,3313,0,0,7768,45257
CRAB2017,69,34140,21046,1899,0,0,2210,59295
CRAB2017,70,7893,15646,5983,0,0,7237,36758
CRAB2017,71,8138,20642,1016,0,0,3988,33784
CRAB2017,72,11243,15953,9889,0,0,0,37085
CRAB2017,73,7996,15056,2915,0,0,0,25967
CRAB2017,74,3931,8476,1288,0,0,758,14454
CRAB2017,75,730,12077,2744,0,0,0,15551
CRAB2017,76,4922,5310,1768,0,0,1934,13934
CRAB2017,77,927,1785,4173,0,0,0,6884
CRAB2017,78,623,4000,2289,0,0,699,7610
CRAB2017,79,4610,4967,949,0,0,0,10527
CRAB2017,80,477,1671,778,0,0,0,2926
CRAB2017,81,6325,13008,949,0,0,5470,25752
CRAB2017,82,744,2801,1016,0,0,0,4562
CRAB2017,83,6325,4486,0,0,0,0,10811
CRAB2017,84,3638,835,2260,0,0,1557,8291
CRAB2017,85,0,1621,0,0,0,0,1621
CRAB2017,89,0,0,1016,0,0,0,1016
CRAB2017,90,0,1956,0,0,0,0,1956
CRAB2017,92,0,1671,0,0,0,0,1671
CRAB2017,93,0,0,1966,0,0,0,1966
CRAB2017,94,1428,714,2576,0,0,0,4718
CRAB2017,95,0,1209,925,0,0,0,2134
CRAB2017,96,567,0,819,0,0,0,1385
CRAB2017,97,1428,0,0,0,0,0,1428
CRAB2017,99,0,0,1016,0,0,0,1016
CRAB2017,103,0,867,1926,0,0,0,2793
CRAB2017,105,0,0,0,0,0,2055,2055
CRAB2018,5,0,6205,0,0,0,0,6205
CRAB2018,6,0,14341,0,0,0,3139,17481
CRAB2018,7,0,52802,0,0,0,0,52802
CRAB2018,8,0,78310,0,0,0,0,78310
CRAB2018,9,0,86613,0,0,0,0,86613
CRAB2018,10,0,34888,0,0,0,0,34888
CRAB2018,11,0,4052,0,0,0,0,4052
CRAB2018,22,567,0,0,0,0,0,567
CRAB2018,23,0,0,0,0,0,3139,3139
CRAB2018,24,1145,2424,0,0,0,1570,5139
CRAB2018,25,949,2424,0,0,0,0,3373
CRAB2018,26,0,9696,0,0,0,1570,11265
CRAB2018,27,0,4848,0,0,0,3139,7987
CRAB2018,28,10157,4848,0,0,0,3139,18144
CRAB2018,29,6439,9696,0,0,0,3139,19273
CRAB2018,30,29114,14543,939,0,0,6279,50875
CRAB2018,31,16082,5734,0,0,0,0,21816
CRAB2018,32,2171,2424,0,0,0,0,4595
CRAB2018,33,13442,6642,0,0,0,0,20084
CRAB2018,34,10823,0,0,0,0,0,10823
CRAB2018,35,5605,0,0,0,0,0,5605
CRAB2018,36,5099,886,0,0,0,0,5985
CRAB2018,37,6292,1048,1836,0,0,0,9176
CRAB2018,38,196,0,949,0,0,0,1145
CRAB2018,39,4365,4848,1836,0,0,0,11049
CRAB2018,40,9903,0,5253,0,0,0,15157
CRAB2018,41,17927,2424,1836,0,0,0,22187
CRAB2018,42,17023,2424,2603,0,0,0,22050
CRAB2018,43,19374,1551,1581,0,0,0,22507
CRAB2018,44,27720,9202,2400,0,0,3968,43289
CRAB2018,45,30135,4691,2359,0,0,0,37186
CRAB2018,46,70985,5703,1033,0,0,760,78481
CRAB2018,47,103034,7643,2348,0,0,5557,118582
CRAB2018,48,75237,845,7295,0,0,807,84182
CRAB2018,49,89650,7643,0,0,0,971,98264
CRAB2018,50,54138,6032,1581,0,0,948,62699
CRAB2018,51,50455,18501,767,0,0,2180,71902
CRAB2018,52,51258,19149,0,0,0,4738,75146
CRAB2018,53,40103,10579,1779,0,0,1568,54028
CRAB2018,54,41027,40485,516,0,0,4285,86313
CRAB2018,55,45349,25239,3672,0,0,5997,80257
CRAB2018,56,46519,25864,516,0,0,12755,85654
CRAB2018,57,22619,20003,3302,0,0,5876,51800
CRAB2018,58,20041,45501,516,0,0,17459,83518
CRAB2018,59,49957,47415,6663,0,0,22831,126866
CRAB2018,60,67129,42133,5973,0,0,21542,136777
CRAB2018,61,48191,40098,3909,0,0,25990,118188
CRAB2018,62,59990,50407,5410,0,0,15985,131792
CRAB2018,63,52735,49972,6957,0,0,37857,147521
CRAB2018,64,67817,48275,9664,0,0,39441,165196
CRAB2018,65,59389,34713,11761,0,0,29177,135041
CRAB2018,66,72087,45098,8198,0,0,33795,159178
CRAB2018,67,50801,40903,4952,0,0,56922,153578
CRAB2018,68,43061,22126,11174,0,0,30631,106993
CRAB2018,69,41630,16521,11410,0,0,28961,98522
CRAB2018,70,31481,18984,7498,0,0,19636,77600
CRAB2018,71,29967,14209,6202,0,0,8373,58750
CRAB2018,72,32204,13212,6218,0,0,19701,71335
CRAB2018,73,9325,11648,3507,0,0,14375,38855
CRAB2018,74,12458,14153,6443,0,0,4260,37314
CRAB2018,75,25176,1987,2055,0,0,6167,35386
CRAB2018,76,17319,5933,4996,0,0,5449,33697
CRAB2018,77,13042,7284,0,0,0,7404,27730
CRAB2018,78,2262,936,3573,0,0,760,7530
CRAB2018,79,1235,778,0,0,0,2421,4434
CRAB2018,80,1367,3780,3344,0,0,0,8491
CRAB2018,81,2186,949,0,0,0,2421,5556
CRAB2018,82,3008,4764,0,0,0,0,7772
CRAB2018,83,1543,1650,1001,0,0,0,4194
CRAB2018,84,2769,688,4240,0,0,0,7697
CRAB2018,92,933,0,0,0,0,0,933
CRAB2018,93,258,1209,0,0,0,0,1467
CRAB2018,97,0,1492,0,0,0,0,1492
CRAB2018,100,149,919,0,0,0,0,1068
CRAB2018,102,0,714,0,0,0,0,714
CRAB2019,22,3906,2101,0,0,0,0,6007
CRAB2019,23,1592,0,0,0,0,1570,3161
CRAB2019,24,5008,1124,0,0,0,0,6132
CRAB2019,25,3906,8612,0,0,0,3139,15657
CRAB2019,26,3171,1537,0,0,0,0,4707
CRAB2019,27,16425,5704,0,0,0,0,22129
CRAB2019,28,13613,9967,0,0,0,0,23581
CRAB2019,29,34449,4230,0,0,0,0,38678
CRAB2019,30,26783,5605,0,0,0,0,32388
CRAB2019,31,42768,9294,0,0,0,0,52062
CRAB2019,32,29384,6155,0,0,0,0,35539
CRAB2019,33,36238,6747,2652,0,0,0,45637
CRAB2019,34,30251,6997,939,0,0,0,38187
CRAB2019,35,22853,0,2652,0,0,0,25505
CRAB2019,36,29035,3548,0,0,0,0,32583
CRAB2019,37,26141,4466,5304,0,0,0,35911
CRAB2019,38,15555,3206,2652,0,0,0,21413
CRAB2019,39,18188,0,2652,0,0,0,20840
CRAB2019,40,18269,1172,939,0,0,1929,22309
CRAB2019,41,30785,4374,939,0,0,0,36097
CRAB2019,42,35979,5259,939,0,0,0,42177
CRAB2019,43,43264,3680,2652,0,0,1929,51526
CRAB2019,44,82971,6120,949,0,0,705,90745
CRAB2019,45,77385,2715,3591,0,0,5659,89350
CRAB2019,46,50909,5084,3571,0,0,699,60263
CRAB2019,47,84129,9672,6299,0,0,3730,103830
CRAB2019,48,96654,4527,4592,0,0,0,105773
CRAB2019,49,82172,7514,0,0,0,0,89687
CRAB2019,50,104962,8722,6254,0,0,6083,126021
CRAB2019,51,84095,12170,2951,0,0,0,99217
CRAB2019,52,91805,8324,995,0,0,0,101124
CRAB2019,53,82374,9708,925,0,0,1410,94417
CRAB2019,54,84256,6016,738,0,0,705,91715
CRAB2019,55,69647,9875,925,0,0,2612,83059
CRAB2019,56,60520,16325,0,0,0,2967,79811
CRAB2019,57,100867,18130,2652,0,0,0,121648
CRAB2019,58,77585,17605,778,0,0,0,95969
CRAB2019,59,67920,24076,1820,0,0,13910,107726
CRAB2019,60,67876,35342,3940,0,0,3933,111091
CRAB2019,61,79425,19690,0,0,0,2550,101665
CRAB2019,62,95191,30216,1926,0,0,3231,130563
CRAB2019,63,56026,23304,1739,0,0,4996,86065
CRAB2019,64,69564,29459,5424,0,0,7750,112197
CRAB2019,65,63545,41191,1687,0,0,13838,120261
CRAB2019,66,85818,26194,738,0,0,6551,119301
CRAB2019,67,58915,29747,2421,0,0,7845,98928
CRAB2019,68,31457,24389,2576,0,0,18765,77187
CRAB2019,69,49328,44815,1874,0,0,8739,104756
CRAB2019,70,65345,24622,819,0,0,11738,102524
CRAB2019,71,18791,14429,6761,0,0,8564,48545
CRAB2019,72,46986,11343,0,0,0,8118,66448
CRAB2019,73,38975,24486,0,0,0,13787,77248
CRAB2019,74,16594,9893,5372,0,0,11588,43447
CRAB2019,75,14239,17698,2213,0,0,6586,40737
CRAB2019,76,10013,11311,2006,0,0,807,24136
CRAB2019,77,10574,5232,1288,0,0,699,17792
CRAB2019,78,5198,8613,925,0,0,5048,19784
CRAB2019,79,17652,4941,492,0,0,442,23526
CRAB2019,80,3366,3163,1850,0,0,0,8379
CRAB2019,81,6641,1492,0,0,0,0,8133
CRAB2019,82,11164,2133,1744,0,0,4107,19148
CRAB2019,83,3301,0,3144,0,0,0,6445
CRAB2019,84,7718,10941,0,0,0,3941,22600
CRAB2019,85,410,0,0,0,0,0,410
CRAB2019,87,0,0,819,0,0,0,819
CRAB2019,88,290,0,819,0,0,0,1108
CRAB2019,89,9653,972,0,0,0,0,10625
CRAB2019,90,344,1492,819,0,0,0,2655
CRAB2019,92,0,0,819,0,0,0,819
CRAB2019,93,0,2110,0,0,0,0,2110
CRAB2019,94,0,1938,0,0,0,0,1938
CRAB2019,95,709,0,0,0,0,0,709
CRAB2019,96,0,972,0,0,0,0,972
CRAB2020,23,0,0,0,0,0,1570,1570
CRAB2020,24,0,0,0,0,0,6279,6279
CRAB2020,25,0,0,0,0,0,4709,4709
CRAB2020,26,0,0,0,0,0,1570,1570
CRAB2020,27,0,0,0,0,0,1570,1570
CRAB2020,28,0,0,0,0,0,1570,1570
CRAB2020,29,684,0,0,0,0,1570,2253
CRAB2020,30,2800,0,0,0,0,0,2800
CRAB2020,31,963,0,0,0,0,0,963
CRAB2020,32,6043,2121,0,0,0,0,8163
CRAB2020,33,5411,2174,0,0,0,0,7585
CRAB2020,34,360,0,0,0,0,0,360
CRAB2020,35,0,1891,0,0,0,1570,3461
CRAB2020,36,1302,3959,0,0,0,1570,6831
CRAB2020,37,6621,7295,0,0,0,0,13916
CRAB2020,38,11905,14665,0,0,0,0,26570
CRAB2020,39,35637,30294,0,0,0,3127,69057
CRAB2020,40,7605,32137,0,0,0,4709,44451
CRAB2020,41,27422,38708,0,0,0,0,66130
CRAB2020,42,37735,42989,0,0,0,1570,82293
CRAB2020,43,54151,44790,0,0,0,0,98940
CRAB2020,44,62957,49527,0,0,0,10137,122621
CRAB2020,45,114486,41586,0,0,0,1929,158001
CRAB2020,46,97620,25527,0,0,0,2877,126023
CRAB2020,47,116664,51663,0,0,0,0,168327
CRAB2020,48,130052,19713,0,0,0,702,150467
CRAB2020,49,127903,28833,0,0,0,3486,160223
CRAB2020,50,114324,26972,0,0,0,2400,143696
CRAB2020,51,55490,25054,0,0,0,4971,85516
CRAB2020,52,96475,20802,0,0,0,4466,121743
CRAB2020,53,99282,16773,0,0,0,3876,119932
CRAB2020,54,80739,28555,0,0,0,3120,112414
CRAB2020,55,64434,19672,0,0,0,6707,90813
CRAB2020,56,78100,17534,0,0,0,2816,98450
CRAB2020,57,91538,21986,0,0,0,8515,122039
CRAB2020,58,96510,27376,0,0,0,8170,132055
CRAB2020,59,82080,37601,0,0,0,5707,125388
CRAB2020,60,108333,22471,0,0,0,5020,135824
CRAB2020,61,139407,18941,0,0,0,14003,172351
CRAB2020,62,57129,16162,0,0,0,12801,86092
CRAB2020,63,95253,23476,0,0,0,11476,130205
CRAB2020,64,105345,32048,0,0,0,7538,144932
CRAB2020,65,82703,31661,0,0,0,3592,117955
CRAB2020,66,134374,23899,0,0,0,6076,164349
CRAB2020,67,68085,32237,0,0,0,10785,111107
CRAB2020,68,74866,24035,0,0,0,9029,107929
CRAB2020,69,69708,30062,0,0,0,16390,116161
CRAB2020,70,88823,26392,0,0,0,6911,122126
CRAB2020,71,55101,19205,0,0,0,12613,86919
CRAB2020,72,40385,25324,0,0,0,15863,81572
CRAB2020,73,34172,12340,0,0,0,13011,59524
CRAB2020,74,56514,29533,0,0,0,5545,91592
CRAB2020,75,25846,30142,0,0,0,5502,61489
CRAB2020,76,37642,19050,0,0,0,7785,64477
CRAB2020,77,23217,24167,0,0,0,3978,51362
CRAB2020,78,11221,14514,0,0,0,1742,27477
CRAB2020,79,14057,11503,0,0,0,2255,27815
CRAB2020,80,4382,12540,0,0,0,6409,23331
CRAB2020,81,7541,5601,0,0,0,9678,22820
CRAB2020,82,9212,21466,0,0,0,456,31134
CRAB2020,83,5845,25789,0,0,0,5895,37529
CRAB2020,84,3187,10514,0,0,0,0,13701
CRAB2020,85,410,5080,0,0,0,0,5490
CRAB2020,86,1234,2351,0,0,0,0,3586
CRAB2020,87,2163,630,0,0,0,0,2792
CRAB2020,88,949,2148,0,0,0,1864,4961
CRAB2020,89,2185,0,0,0,0,0,2185
CRAB2020,90,1299,0,0,0,0,0,1299
CRAB2020,92,0,1593,0,0,0,0,1593
CRAB2020,94,228,0,0,0,0,0,228
CRAB2020,96,0,750,0,0,0,0,750
CRAB2020,97,0,980,0,0,0,0,980
CRAB2021,18,1519,0,0,0,0,0,1519
CRAB2021,20,3038,0,0,0,0,0,3038
CRAB2021,21,3038,0,0,0,0,0,3038
CRAB2021,22,10886,0,1632,0,0,0,12518
CRAB2021,23,17472,1124,1632,0,0,0,20228
CRAB2021,24,6076,1025,0,0,0,1345,8447
CRAB2021,25,4061,0,1632,0,0,2050,7743
CRAB2021,26,7383,0,3264,0,0,4036,14683
CRAB2021,27,9934,0,3264,0,0,4218,17416
CRAB2021,28,793,1030,0,0,0,2691,4514
CRAB2021,29,29402,3279,939,0,0,0,33620
CRAB2021,30,2086,1718,1632,0,0,0,5436
CRAB2021,31,7848,641,0,0,0,1345,9835
CRAB2021,32,760,4022,0,0,0,1345,6126
CRAB2021,33,3038,0,8160,0,0,0,11198
CRAB2021,34,1364,688,3264,0,0,0,5316
CRAB2021,35,2586,641,4896,0,0,0,8123
CRAB2021,36,1519,5605,1055,0,0,0,8179
CRAB2021,37,0,1282,9450,0,0,0,10732
CRAB2021,38,760,3725,1632,0,0,0,6116
CRAB2021,39,0,1676,5775,0,0,2098,9548
CRAB2021,40,0,4557,5715,0,0,0,10272
CRAB2021,41,24468,5700,17728,0,0,4539,52436
CRAB2021,42,22365,4454,8587,0,0,0,35406
CRAB2021,43,11603,6140,3510,0,0,1929,23181
CRAB2021,44,21858,9761,8948,0,0,2720,43287
CRAB2021,45,41123,7076,4506,0,0,1772,54477
CRAB2021,46,66683,11518,10783,0,0,4385,93368
CRAB2021,47,36387,21114,6779,0,0,7859,72139
CRAB2021,48,7721,37755,4015,0,0,3831,53322
CRAB2021,49,21612,56059,3163,0,0,4628,85462
CRAB2021,50,24428,30855,7100,0,0,948,63331
CRAB2021,51,11677,46819,1632,0,0,0,60128
CRAB2021,52,24207,53104,5227,0,0,9340,91878
CRAB2021,53,12549,96895,7063,0,0,3577,120085
CRAB2021,54,40263,76669,3530,0,0,6418,126880
CRAB2021,55,40084,93065,7938,0,0,2582,143669
CRAB2021,56,47227,65272,5579,0,0,7345,125423
CRAB2021,57,76303,45750,9283,0,0,5785,137121
CRAB2021,58,44125,62428,6767,0,0,10048,123368
CRAB2021,59,60660,61375,9498,0,0,8174,139707
CRAB2021,60,77240,38382,5127,0,0,13016,133765
CRAB2021,61,57965,49986,3879,0,0,7965,119795
CRAB2021,62,73380,18195,4587,0,0,2924,99085
CRAB2021,63,95165,24021,3763,0,0,15538,138487
CRAB2021,64,49093,19867,959,0,0,9969,79888
CRAB2021,65,76377,25847,4983,0,0,9126,116333
CRAB2021,66,49757,4015,778,0,0,8845,63395
CRAB2021,67,54405,26605,2615,0,0,807,84432
CRAB2021,68,38974,23791,0,0,0,5731,68496
CRAB2021,69,23671,21075,2447,0,0,3359,50552
CRAB2021,70,21244,9184,3037,0,0,6924,40388
CRAB2021,71,43168,8497,2768,0,0,7409,61842
CRAB2021,72,27507,4338,959,0,0,1896,34699
CRAB2021,73,19230,6342,3455,0,0,949,29976
CRAB2021,74,5695,4384,1288,0,0,2020,13388
CRAB2021,75,18852,12979,1187,0,0,0,33018
CRAB2021,76,13187,13528,0,0,0,3330,30045
CRAB2021,77,20379,2865,3955,0,0,2326,29524
CRAB2021,78,5889,10462,1703,0,0,3143,21197
CRAB2021,79,22997,18826,0,0,0,2720,44543
CRAB2021,80,19465,5488,0,0,0,1223,26176
CRAB2021,81,2988,3047,1187,0,0,0,7221
CRAB2021,82,2296,1082,778,0,0,949,5105
CRAB2021,83,1823,6868,0,0,0,0,8691
CRAB2021,84,3618,5976,0,0,0,705,10299
CRAB2021,85,933,0,0,0,0,0,933
CRAB2021,87,258,0,0,0,0,0,258
CRAB2021,88,0,6594,0,0,0,0,6594
CRAB2021,89,3647,2946,819,0,0,0,7412
CRAB2021,90,922,0,778,0,0,0,1700
CRAB2021,92,0,782,778,0,0,0,1560
CRAB2021,95,0,1891,0,0,0,0,1891
CRAB2021,97,0,4842,0,0,0,0,4842
