YEAR,INDEX,TEMP3,MODEL,SERIES,USED
2022,7,0.978272915,HADGEM2-AO_2.6,2.6,Y
2023,7,0.166399002,HADGEM2-AO_2.6,2.6,Y
2024,7,1.586496353,HADGEM2-AO_2.6,2.6,Y
2025,7,1.65320015,HADGEM2-AO_2.6,2.6,Y
2026,7,1.075984478,HADGEM2-AO_2.6,2.6,Y
2027,7,1.651165009,HADGEM2-AO_2.6,2.6,Y
2028,7,0.884484291,HADGEM2-AO_2.6,2.6,Y
2029,7,0.977613926,HADGEM2-AO_2.6,2.6,Y
2030,7,0.209900856,HADGEM2-AO_2.6,2.6,Y
2031,7,0.426208019,HADGEM2-AO_2.6,2.6,Y
2032,7,-0.508210659,HADGEM2-AO_2.6,2.6,Y
2033,7,0.641664505,HADGEM2-AO_2.6,2.6,Y
2034,7,-0.047653198,HADGEM2-AO_2.6,2.6,Y
2035,7,0.62719202,HADGEM2-AO_2.6,2.6,Y
2036,7,0.029667854,HADGEM2-AO_2.6,2.6,Y
2037,7,1.321310043,HADGEM2-AO_2.6,2.6,Y
2038,7,1.201983452,HADGEM2-AO_2.6,2.6,Y
2039,7,1.157347202,HADGEM2-AO_2.6,2.6,Y
2040,7,1.281464577,HADGEM2-AO_2.6,2.6,Y
2041,7,1.424844742,HADGEM2-AO_2.6,2.6,Y
2042,7,1.334443092,HADGEM2-AO_2.6,2.6,Y
2043,7,1.228906631,HADGEM2-AO_2.6,2.6,Y
2044,7,1.123914719,HADGEM2-AO_2.6,2.6,Y
2045,7,1.135042191,HADGEM2-AO_2.6,2.6,Y
2046,7,1.092959404,HADGEM2-AO_2.6,2.6,Y
2047,7,1.114388943,HADGEM2-AO_2.6,2.6,Y
2048,7,0.280736446,HADGEM2-AO_2.6,2.6,Y
2049,7,0.647881508,HADGEM2-AO_2.6,2.6,Y
2050,7,1.091421127,HADGEM2-AO_2.6,2.6,Y
2051,7,1.732473373,HADGEM2-AO_2.6,2.6,Y
2052,7,1.312716484,HADGEM2-AO_2.6,2.6,Y
2053,7,1.012383461,HADGEM2-AO_2.6,2.6,Y
2054,7,1.159361839,HADGEM2-AO_2.6,2.6,Y
2055,7,1.770759583,HADGEM2-AO_2.6,2.6,Y
2056,7,1.268241882,HADGEM2-AO_2.6,2.6,Y
2057,7,1.936264038,HADGEM2-AO_2.6,2.6,Y
2058,7,1.591377258,HADGEM2-AO_2.6,2.6,Y
2059,7,1.683268547,HADGEM2-AO_2.6,2.6,Y
2060,7,2.557528496,HADGEM2-AO_2.6,2.6,Y
2061,7,0.849046707,HADGEM2-AO_2.6,2.6,Y
2062,7,0.988788128,HADGEM2-AO_2.6,2.6,Y
2063,7,0.17609787,HADGEM2-AO_2.6,2.6,Y
2064,7,1.531270981,HADGEM2-AO_2.6,2.6,Y
2065,7,1.173769951,HADGEM2-AO_2.6,2.6,Y
2066,7,0.997475624,HADGEM2-AO_2.6,2.6,Y
2067,7,2.069576263,HADGEM2-AO_2.6,2.6,Y
2068,7,1.606068611,HADGEM2-AO_2.6,2.6,Y
2069,7,0.523421764,HADGEM2-AO_2.6,2.6,Y
2070,7,0.594495773,HADGEM2-AO_2.6,2.6,Y
2071,7,1.574859619,HADGEM2-AO_2.6,2.6,Y
2072,7,0.763811111,HADGEM2-AO_2.6,2.6,Y
2073,7,2.351394653,HADGEM2-AO_2.6,2.6,Y
2074,7,1.765844345,HADGEM2-AO_2.6,2.6,Y
2075,7,1.317721367,HADGEM2-AO_2.6,2.6,Y
2076,7,0.746695995,HADGEM2-AO_2.6,2.6,Y
2077,7,0.321964741,HADGEM2-AO_2.6,2.6,Y
2078,7,0.26006031,HADGEM2-AO_2.6,2.6,Y
2079,7,0.864404678,HADGEM2-AO_2.6,2.6,Y
2080,7,0.998761177,HADGEM2-AO_2.6,2.6,Y
2081,7,0.311765194,HADGEM2-AO_2.6,2.6,Y
2082,7,0.50854826,HADGEM2-AO_2.6,2.6,Y
2083,7,1.191587448,HADGEM2-AO_2.6,2.6,Y
2084,7,0.638430595,HADGEM2-AO_2.6,2.6,Y
2085,7,1.858851433,HADGEM2-AO_2.6,2.6,Y
2086,7,1.017530441,HADGEM2-AO_2.6,2.6,Y
2087,7,1.486154556,HADGEM2-AO_2.6,2.6,Y
2088,7,0.910911083,HADGEM2-AO_2.6,2.6,Y
2089,7,1.070837975,HADGEM2-AO_2.6,2.6,Y
2090,7,2.457604408,HADGEM2-AO_2.6,2.6,Y
2091,7,2.376264572,HADGEM2-AO_2.6,2.6,Y
2092,7,1.193724632,HADGEM2-AO_2.6,2.6,Y
2093,7,1.594889641,HADGEM2-AO_2.6,2.6,Y
2094,7,1.647269249,HADGEM2-AO_2.6,2.6,Y
2095,7,1.607129097,HADGEM2-AO_2.6,2.6,Y
2096,7,1.086886883,HADGEM2-AO_2.6,2.6,Y
2097,7,2.184361458,HADGEM2-AO_2.6,2.6,Y
2098,7,2.001753807,HADGEM2-AO_2.6,2.6,Y
2099,7,1.658689499,HADGEM2-AO_2.6,2.6,Y
2022,7,1.234295845,MIROC5_2.6,2.6,Y
2023,7,1.24464035,MIROC5_2.6,2.6,Y
2024,7,0.348668098,MIROC5_2.6,2.6,Y
2025,7,-0.531352997,MIROC5_2.6,2.6,Y
2026,7,0.331740379,MIROC5_2.6,2.6,Y
2027,7,1.073214531,MIROC5_2.6,2.6,Y
2028,7,2.052331924,MIROC5_2.6,2.6,Y
2029,7,1.867629051,MIROC5_2.6,2.6,Y
2030,7,-0.18231678,MIROC5_2.6,2.6,Y
2031,7,-0.697087288,MIROC5_2.6,2.6,Y
2032,7,-1.184524536,MIROC5_2.6,2.6,Y
2033,7,-0.438055992,MIROC5_2.6,2.6,Y
2034,7,-0.543875694,MIROC5_2.6,2.6,Y
2035,7,0.566771507,MIROC5_2.6,2.6,Y
2036,7,1.217441559,MIROC5_2.6,2.6,Y
2037,7,0.980947495,MIROC5_2.6,2.6,Y
2038,7,0.545740128,MIROC5_2.6,2.6,Y
2039,7,0.272550583,MIROC5_2.6,2.6,Y
2040,7,0.861161232,MIROC5_2.6,2.6,Y
2041,7,1.248790741,MIROC5_2.6,2.6,Y
2042,7,1.785601616,MIROC5_2.6,2.6,Y
2043,7,-0.598607063,MIROC5_2.6,2.6,Y
2044,7,-0.125189781,MIROC5_2.6,2.6,Y
2045,7,-0.053382874,MIROC5_2.6,2.6,Y
2046,7,0.555272102,MIROC5_2.6,2.6,Y
2047,7,0.921216965,MIROC5_2.6,2.6,Y
2048,7,1.687829018,MIROC5_2.6,2.6,Y
2049,7,0.054714203,MIROC5_2.6,2.6,Y
2050,7,-0.770474434,MIROC5_2.6,2.6,Y
2051,7,0.055228233,MIROC5_2.6,2.6,Y
2052,7,1.092285156,MIROC5_2.6,2.6,Y
2053,7,1.772363663,MIROC5_2.6,2.6,Y
2054,7,2.465023994,MIROC5_2.6,2.6,Y
2055,7,1.527997971,MIROC5_2.6,2.6,Y
2056,7,1.859391212,MIROC5_2.6,2.6,Y
2057,7,1.760672569,MIROC5_2.6,2.6,Y
2058,7,0.81585598,MIROC5_2.6,2.6,Y
2059,7,1.734002113,MIROC5_2.6,2.6,Y
2060,7,0.151642799,MIROC5_2.6,2.6,Y
2061,7,1.038509369,MIROC5_2.6,2.6,Y
2062,7,-0.18979454,MIROC5_2.6,2.6,Y
2063,7,-0.306411743,MIROC5_2.6,2.6,Y
2064,7,-0.11909008,MIROC5_2.6,2.6,Y
2065,7,0.469950676,MIROC5_2.6,2.6,Y
2066,7,1.487053871,MIROC5_2.6,2.6,Y
2067,7,1.572340012,MIROC5_2.6,2.6,Y
2068,7,0.392207146,MIROC5_2.6,2.6,Y
2069,7,-0.328658104,MIROC5_2.6,2.6,Y
2070,7,0.240629196,MIROC5_2.6,2.6,Y
2071,7,1.600191116,MIROC5_2.6,2.6,Y
2072,7,0.536282539,MIROC5_2.6,2.6,Y
2073,7,0.401112556,MIROC5_2.6,2.6,Y
2074,7,1.052641869,MIROC5_2.6,2.6,Y
2075,7,0.882304192,MIROC5_2.6,2.6,Y
2076,7,2.02250576,MIROC5_2.6,2.6,Y
2077,7,1.00758934,MIROC5_2.6,2.6,Y
2078,7,0.834199905,MIROC5_2.6,2.6,Y
2079,7,0.607514381,MIROC5_2.6,2.6,Y
2080,7,1.3657341,MIROC5_2.6,2.6,Y
2081,7,0.87052536,MIROC5_2.6,2.6,Y
2082,7,0.957613945,MIROC5_2.6,2.6,Y
2083,7,1.23385334,MIROC5_2.6,2.6,Y
2084,7,2.078730583,MIROC5_2.6,2.6,Y
2085,7,0.835884094,MIROC5_2.6,2.6,Y
2086,7,0.916273117,MIROC5_2.6,2.6,Y
2087,7,0.554753304,MIROC5_2.6,2.6,Y
2088,7,1.450935364,MIROC5_2.6,2.6,Y
2089,7,1.035045624,MIROC5_2.6,2.6,Y
2090,7,0.390030861,MIROC5_2.6,2.6,Y
2091,7,0.642670631,MIROC5_2.6,2.6,Y
2092,7,0.594907761,MIROC5_2.6,2.6,Y
2093,7,0.561104774,MIROC5_2.6,2.6,Y
2094,7,1.551269531,MIROC5_2.6,2.6,Y
2095,7,0.422732353,MIROC5_2.6,2.6,Y
2096,7,1.4112463,MIROC5_2.6,2.6,Y
2097,7,0.938957214,MIROC5_2.6,2.6,Y
2098,7,0.607239723,MIROC5_2.6,2.6,Y
2099,7,0.81182003,MIROC5_2.6,2.6,Y
2022,7,0.037565231,MIROC-ESM_2.6,2.6,Y
2023,7,0.739310265,MIROC-ESM_2.6,2.6,Y
2024,7,1.440971375,MIROC-ESM_2.6,2.6,Y
2025,7,0.889294624,MIROC-ESM_2.6,2.6,Y
2026,7,0.949763298,MIROC-ESM_2.6,2.6,Y
2027,7,0.438375473,MIROC-ESM_2.6,2.6,Y
2028,7,0.571051598,MIROC-ESM_2.6,2.6,Y
2029,7,0.758255005,MIROC-ESM_2.6,2.6,Y
2030,7,0.902687073,MIROC-ESM_2.6,2.6,Y
2031,7,1.085597992,MIROC-ESM_2.6,2.6,Y
2032,7,0.685199738,MIROC-ESM_2.6,2.6,Y
2033,7,1.022727966,MIROC-ESM_2.6,2.6,Y
2034,7,1.734118462,MIROC-ESM_2.6,2.6,Y
2035,7,1.691441536,MIROC-ESM_2.6,2.6,Y
2036,7,1.426120758,MIROC-ESM_2.6,2.6,Y
2037,7,0.622864723,MIROC-ESM_2.6,2.6,Y
2038,7,0.337165833,MIROC-ESM_2.6,2.6,Y
2039,7,0.912380219,MIROC-ESM_2.6,2.6,Y
2040,7,1.279920578,MIROC-ESM_2.6,2.6,Y
2041,7,0.987496376,MIROC-ESM_2.6,2.6,Y
2042,7,0.930306435,MIROC-ESM_2.6,2.6,Y
2043,7,0.92512989,MIROC-ESM_2.6,2.6,Y
2044,7,1.545636177,MIROC-ESM_2.6,2.6,Y
2045,7,1.409147263,MIROC-ESM_2.6,2.6,Y
2046,7,1.084160805,MIROC-ESM_2.6,2.6,Y
2047,7,1.719317436,MIROC-ESM_2.6,2.6,Y
2048,7,1.495656967,MIROC-ESM_2.6,2.6,Y
2049,7,0.850411415,MIROC-ESM_2.6,2.6,Y
2050,7,0.576592445,MIROC-ESM_2.6,2.6,Y
2051,7,0.954111099,MIROC-ESM_2.6,2.6,Y
2052,7,0.767708778,MIROC-ESM_2.6,2.6,Y
2053,7,0.57806778,MIROC-ESM_2.6,2.6,Y
2054,7,0.362833977,MIROC-ESM_2.6,2.6,Y
2055,7,0.802963257,MIROC-ESM_2.6,2.6,Y
2056,7,1.582336426,MIROC-ESM_2.6,2.6,Y
2057,7,1.711740494,MIROC-ESM_2.6,2.6,Y
2058,7,1.432355881,MIROC-ESM_2.6,2.6,Y
2059,7,1.36339283,MIROC-ESM_2.6,2.6,Y
2060,7,1.474524498,MIROC-ESM_2.6,2.6,Y
2061,7,1.267067909,MIROC-ESM_2.6,2.6,Y
2062,7,1.615019798,MIROC-ESM_2.6,2.6,Y
2063,7,0.936121941,MIROC-ESM_2.6,2.6,Y
2064,7,0.697945595,MIROC-ESM_2.6,2.6,Y
2065,7,0.360684395,MIROC-ESM_2.6,2.6,Y
2066,7,0.851941109,MIROC-ESM_2.6,2.6,Y
2067,7,1.068112373,MIROC-ESM_2.6,2.6,Y
2068,7,1.247647285,MIROC-ESM_2.6,2.6,Y
2069,7,1.869821548,MIROC-ESM_2.6,2.6,Y
2070,7,1.699238777,MIROC-ESM_2.6,2.6,Y
2071,7,1.954663277,MIROC-ESM_2.6,2.6,Y
2072,7,1.006592751,MIROC-ESM_2.6,2.6,Y
2073,7,0.39390564,MIROC-ESM_2.6,2.6,Y
2074,7,0.842734337,MIROC-ESM_2.6,2.6,Y
2075,7,1.104302406,MIROC-ESM_2.6,2.6,Y
2076,7,1.53950882,MIROC-ESM_2.6,2.6,Y
2077,7,1.858430862,MIROC-ESM_2.6,2.6,Y
2078,7,1.557502747,MIROC-ESM_2.6,2.6,Y
2079,7,0.984485626,MIROC-ESM_2.6,2.6,Y
2080,7,1.115493774,MIROC-ESM_2.6,2.6,Y
2081,7,0.813464165,MIROC-ESM_2.6,2.6,Y
2082,7,1.225506783,MIROC-ESM_2.6,2.6,Y
2083,7,0.695926666,MIROC-ESM_2.6,2.6,Y
2084,7,0.5240345,MIROC-ESM_2.6,2.6,Y
2085,7,1.196181297,MIROC-ESM_2.6,2.6,Y
2086,7,0.871052742,MIROC-ESM_2.6,2.6,Y
2087,7,1.363033295,MIROC-ESM_2.6,2.6,Y
2088,7,1.785786629,MIROC-ESM_2.6,2.6,Y
2089,7,2.125125885,MIROC-ESM_2.6,2.6,Y
2090,7,1.530812263,MIROC-ESM_2.6,2.6,Y
2091,7,1.494250298,MIROC-ESM_2.6,2.6,Y
2092,7,2.148980141,MIROC-ESM_2.6,2.6,Y
2093,7,1.73651123,MIROC-ESM_2.6,2.6,Y
2094,7,1.363968849,MIROC-ESM_2.6,2.6,Y
2095,7,1.146191597,MIROC-ESM_2.6,2.6,Y
2096,7,1.085671425,MIROC-ESM_2.6,2.6,Y
2097,7,1.12523365,MIROC-ESM_2.6,2.6,Y
2098,7,1.352356911,MIROC-ESM_2.6,2.6,Y
2099,7,2.412502289,MIROC-ESM_2.6,2.6,Y
2022,7,0.789736271,MPI-ESM-LR_2.6,2.6,Y
2023,7,0.271130562,MPI-ESM-LR_2.6,2.6,Y
2024,7,0.195224285,MPI-ESM-LR_2.6,2.6,Y
2025,7,0.555932045,MPI-ESM-LR_2.6,2.6,Y
2026,7,0.630019188,MPI-ESM-LR_2.6,2.6,Y
2027,7,1.226992607,MPI-ESM-LR_2.6,2.6,Y
2028,7,0.477890491,MPI-ESM-LR_2.6,2.6,Y
2029,7,0.557256222,MPI-ESM-LR_2.6,2.6,Y
2030,7,1.095242023,MPI-ESM-LR_2.6,2.6,Y
2031,7,1.591940403,MPI-ESM-LR_2.6,2.6,Y
2032,7,0.751669407,MPI-ESM-LR_2.6,2.6,Y
2033,7,0.525704861,MPI-ESM-LR_2.6,2.6,Y
2034,7,0.39940834,MPI-ESM-LR_2.6,2.6,Y
2035,7,1.569257736,MPI-ESM-LR_2.6,2.6,Y
2036,7,1.239916325,MPI-ESM-LR_2.6,2.6,Y
2037,7,2.757148266,MPI-ESM-LR_2.6,2.6,Y
2038,7,1.562927723,MPI-ESM-LR_2.6,2.6,Y
2039,7,0.843821049,MPI-ESM-LR_2.6,2.6,Y
2040,7,0.513147354,MPI-ESM-LR_2.6,2.6,Y
2041,7,0.408488274,MPI-ESM-LR_2.6,2.6,Y
2042,7,0.897932053,MPI-ESM-LR_2.6,2.6,Y
2043,7,0.830249786,MPI-ESM-LR_2.6,2.6,Y
2044,7,2.700930595,MPI-ESM-LR_2.6,2.6,Y
2045,7,0.789954662,MPI-ESM-LR_2.6,2.6,Y
2046,7,1.149250031,MPI-ESM-LR_2.6,2.6,Y
2047,7,0.474020958,MPI-ESM-LR_2.6,2.6,Y
2048,7,1.68629837,MPI-ESM-LR_2.6,2.6,Y
2049,7,0.448471069,MPI-ESM-LR_2.6,2.6,Y
2050,7,0.211878777,MPI-ESM-LR_2.6,2.6,Y
2051,7,1.01813221,MPI-ESM-LR_2.6,2.6,Y
2052,7,1.515804291,MPI-ESM-LR_2.6,2.6,Y
2053,7,1.890412331,MPI-ESM-LR_2.6,2.6,Y
2054,7,1.424200058,MPI-ESM-LR_2.6,2.6,Y
2055,7,0.767217159,MPI-ESM-LR_2.6,2.6,Y
2056,7,1.669975758,MPI-ESM-LR_2.6,2.6,Y
2057,7,0.279252529,MPI-ESM-LR_2.6,2.6,Y
2058,7,0.04627037,MPI-ESM-LR_2.6,2.6,Y
2059,7,-0.332837105,MPI-ESM-LR_2.6,2.6,Y
2060,7,0.281004906,MPI-ESM-LR_2.6,2.6,Y
2061,7,1.556684494,MPI-ESM-LR_2.6,2.6,Y
2062,7,1.684850216,MPI-ESM-LR_2.6,2.6,Y
2063,7,2.581243515,MPI-ESM-LR_2.6,2.6,Y
2064,7,2.063105583,MPI-ESM-LR_2.6,2.6,Y
2065,7,1.751475334,MPI-ESM-LR_2.6,2.6,Y
2066,7,1.637272835,MPI-ESM-LR_2.6,2.6,Y
2067,7,2.840062618,MPI-ESM-LR_2.6,2.6,Y
2068,7,2.62691927,MPI-ESM-LR_2.6,2.6,Y
2069,7,1.746647358,MPI-ESM-LR_2.6,2.6,Y
2070,7,0.778946877,MPI-ESM-LR_2.6,2.6,Y
2071,7,0.171979427,MPI-ESM-LR_2.6,2.6,Y
2072,7,0.724525928,MPI-ESM-LR_2.6,2.6,Y
2073,7,0.680358887,MPI-ESM-LR_2.6,2.6,Y
2074,7,1.456571102,MPI-ESM-LR_2.6,2.6,Y
2075,7,1.595502853,MPI-ESM-LR_2.6,2.6,Y
2076,7,0.939726353,MPI-ESM-LR_2.6,2.6,Y
2077,7,1.588263988,MPI-ESM-LR_2.6,2.6,Y
2078,7,0.818333149,MPI-ESM-LR_2.6,2.6,Y
2079,7,1.552755833,MPI-ESM-LR_2.6,2.6,Y
2080,7,1.186188698,MPI-ESM-LR_2.6,2.6,Y
2081,7,1.646747112,MPI-ESM-LR_2.6,2.6,Y
2082,7,0.916001797,MPI-ESM-LR_2.6,2.6,Y
2083,7,1.227561951,MPI-ESM-LR_2.6,2.6,Y
2084,7,1.66479826,MPI-ESM-LR_2.6,2.6,Y
2085,7,2.708328247,MPI-ESM-LR_2.6,2.6,Y
2086,7,2.03963995,MPI-ESM-LR_2.6,2.6,Y
2087,7,1.740771294,MPI-ESM-LR_2.6,2.6,Y
2088,7,0.121446133,MPI-ESM-LR_2.6,2.6,Y
2089,7,1.347958565,MPI-ESM-LR_2.6,2.6,Y
2090,7,1.091223717,MPI-ESM-LR_2.6,2.6,Y
2091,7,1.7485919,MPI-ESM-LR_2.6,2.6,Y
2092,7,1.566451073,MPI-ESM-LR_2.6,2.6,Y
2093,7,0.951062202,MPI-ESM-LR_2.6,2.6,Y
2094,7,0.519202709,MPI-ESM-LR_2.6,2.6,Y
2095,7,0.728794098,MPI-ESM-LR_2.6,2.6,Y
2096,7,0.977569103,MPI-ESM-LR_2.6,2.6,Y
2097,7,0.802125931,MPI-ESM-LR_2.6,2.6,Y
2098,7,1.949327469,MPI-ESM-LR_2.6,2.6,Y
2099,7,1.118310928,MPI-ESM-LR_2.6,2.6,Y
2022,7,0.204958439,MPI-ESM-MR_2.6,2.6,Y
2023,7,0.973815441,MPI-ESM-MR_2.6,2.6,Y
2024,7,0.521198273,MPI-ESM-MR_2.6,2.6,Y
2025,7,0.318536758,MPI-ESM-MR_2.6,2.6,Y
2026,7,0.789322853,MPI-ESM-MR_2.6,2.6,Y
2027,7,0.171993732,MPI-ESM-MR_2.6,2.6,Y
2028,7,-0.221333027,MPI-ESM-MR_2.6,2.6,Y
2029,7,1.182352066,MPI-ESM-MR_2.6,2.6,Y
2030,7,-0.127708435,MPI-ESM-MR_2.6,2.6,Y
2031,7,0.828204155,MPI-ESM-MR_2.6,2.6,Y
2032,7,1.074491501,MPI-ESM-MR_2.6,2.6,Y
2033,7,1.058905125,MPI-ESM-MR_2.6,2.6,Y
2034,7,0.967625141,MPI-ESM-MR_2.6,2.6,Y
2035,7,1.097990036,MPI-ESM-MR_2.6,2.6,Y
2036,7,0.687482357,MPI-ESM-MR_2.6,2.6,Y
2037,7,1.216883659,MPI-ESM-MR_2.6,2.6,Y
2038,7,1.768078804,MPI-ESM-MR_2.6,2.6,Y
2039,7,2.626734257,MPI-ESM-MR_2.6,2.6,Y
2040,7,2.385463238,MPI-ESM-MR_2.6,2.6,Y
2041,7,1.017907143,MPI-ESM-MR_2.6,2.6,Y
2042,7,1.251552582,MPI-ESM-MR_2.6,2.6,Y
2043,7,2.382379532,MPI-ESM-MR_2.6,2.6,Y
2044,7,1.170808315,MPI-ESM-MR_2.6,2.6,Y
2045,7,2.399575233,MPI-ESM-MR_2.6,2.6,Y
2046,7,2.109650612,MPI-ESM-MR_2.6,2.6,Y
2047,7,1.549600601,MPI-ESM-MR_2.6,2.6,Y
2048,7,0.094292164,MPI-ESM-MR_2.6,2.6,Y
2049,7,1.219277382,MPI-ESM-MR_2.6,2.6,Y
2050,7,0.218714237,MPI-ESM-MR_2.6,2.6,Y
2051,7,0.373602867,MPI-ESM-MR_2.6,2.6,Y
2052,7,0.041410446,MPI-ESM-MR_2.6,2.6,Y
2053,7,1.160347462,MPI-ESM-MR_2.6,2.6,Y
2054,7,1.11828661,MPI-ESM-MR_2.6,2.6,Y
2055,7,0.405840874,MPI-ESM-MR_2.6,2.6,Y
2056,7,1.582188129,MPI-ESM-MR_2.6,2.6,Y
2057,7,1.117283344,MPI-ESM-MR_2.6,2.6,Y
2058,7,1.358156681,MPI-ESM-MR_2.6,2.6,Y
2059,7,1.11439085,MPI-ESM-MR_2.6,2.6,Y
2060,7,1.390767097,MPI-ESM-MR_2.6,2.6,Y
2061,7,2.149526596,MPI-ESM-MR_2.6,2.6,Y
2062,7,2.554088116,MPI-ESM-MR_2.6,2.6,Y
2063,7,1.195108414,MPI-ESM-MR_2.6,2.6,Y
2064,7,0.67441082,MPI-ESM-MR_2.6,2.6,Y
2065,7,2.024591923,MPI-ESM-MR_2.6,2.6,Y
2066,7,0.886906624,MPI-ESM-MR_2.6,2.6,Y
2067,7,0.960775375,MPI-ESM-MR_2.6,2.6,Y
2068,7,0.009830475,MPI-ESM-MR_2.6,2.6,Y
2069,7,0.634364128,MPI-ESM-MR_2.6,2.6,Y
2070,7,1.4788661,MPI-ESM-MR_2.6,2.6,Y
2071,7,0.359915733,MPI-ESM-MR_2.6,2.6,Y
2072,7,0.284142971,MPI-ESM-MR_2.6,2.6,Y
2073,7,0.251790524,MPI-ESM-MR_2.6,2.6,Y
2074,7,1.644011497,MPI-ESM-MR_2.6,2.6,Y
2075,7,1.219796658,MPI-ESM-MR_2.6,2.6,Y
2076,7,1.987865925,MPI-ESM-MR_2.6,2.6,Y
2077,7,2.745888233,MPI-ESM-MR_2.6,2.6,Y
2078,7,3.605875492,MPI-ESM-MR_2.6,2.6,Y
2079,7,2.347715855,MPI-ESM-MR_2.6,2.6,Y
2080,7,0.782492161,MPI-ESM-MR_2.6,2.6,Y
2081,7,2.020894527,MPI-ESM-MR_2.6,2.6,Y
2082,7,1.441826344,MPI-ESM-MR_2.6,2.6,Y
2083,7,2.505181313,MPI-ESM-MR_2.6,2.6,Y
2084,7,1.173615456,MPI-ESM-MR_2.6,2.6,Y
2085,7,1.217738628,MPI-ESM-MR_2.6,2.6,Y
2086,7,1.189123154,MPI-ESM-MR_2.6,2.6,Y
2087,7,1.132642269,MPI-ESM-MR_2.6,2.6,Y
2088,7,1.895200253,MPI-ESM-MR_2.6,2.6,Y
2089,7,0.461232185,MPI-ESM-MR_2.6,2.6,Y
2090,7,0.28241539,MPI-ESM-MR_2.6,2.6,Y
2091,7,0.16721487,MPI-ESM-MR_2.6,2.6,Y
2092,7,1.511741161,MPI-ESM-MR_2.6,2.6,Y
2093,7,0.915052414,MPI-ESM-MR_2.6,2.6,Y
2094,7,1.307887077,MPI-ESM-MR_2.6,2.6,Y
2095,7,1.721091747,MPI-ESM-MR_2.6,2.6,Y
2096,7,2.226161003,MPI-ESM-MR_2.6,2.6,Y
2097,7,0.412926197,MPI-ESM-MR_2.6,2.6,Y
2098,7,0.417180061,MPI-ESM-MR_2.6,2.6,Y
2099,7,1.85863018,MPI-ESM-MR_2.6,2.6,Y
2022,7,-0.694378853,CESM1-CAM5_4.5,4.5,N
2023,7,-0.361878872,CESM1-CAM5_4.5,4.5,N
2024,7,-1.027239323,CESM1-CAM5_4.5,4.5,N
2025,7,0.825288773,CESM1-CAM5_4.5,4.5,N
2026,7,-0.854319572,CESM1-CAM5_4.5,4.5,N
2027,7,-0.947471619,CESM1-CAM5_4.5,4.5,N
2028,7,-0.767995358,CESM1-CAM5_4.5,4.5,N
2029,7,0.726676464,CESM1-CAM5_4.5,4.5,N
2030,7,0.571368694,CESM1-CAM5_4.5,4.5,N
2031,7,0.869029522,CESM1-CAM5_4.5,4.5,N
2032,7,0.338022709,CESM1-CAM5_4.5,4.5,N
2033,7,0.096915245,CESM1-CAM5_4.5,4.5,N
2034,7,-0.248561382,CESM1-CAM5_4.5,4.5,N
2035,7,0.316834927,CESM1-CAM5_4.5,4.5,N
2036,7,-0.454115868,CESM1-CAM5_4.5,4.5,N
2037,7,0.530100822,CESM1-CAM5_4.5,4.5,N
2038,7,1.109740257,CESM1-CAM5_4.5,4.5,N
2039,7,-0.130157471,CESM1-CAM5_4.5,4.5,N
2040,7,0.579974651,CESM1-CAM5_4.5,4.5,N
2041,7,0.681081772,CESM1-CAM5_4.5,4.5,N
2042,7,0.471052647,CESM1-CAM5_4.5,4.5,N
2043,7,0.346361637,CESM1-CAM5_4.5,4.5,N
2044,7,1.594161034,CESM1-CAM5_4.5,4.5,N
2045,7,0.644159317,CESM1-CAM5_4.5,4.5,N
2046,7,-0.351392746,CESM1-CAM5_4.5,4.5,N
2047,7,1.99869442,CESM1-CAM5_4.5,4.5,N
2048,7,0.756695747,CESM1-CAM5_4.5,4.5,N
2049,7,0.256428719,CESM1-CAM5_4.5,4.5,N
2050,7,1.647465706,CESM1-CAM5_4.5,4.5,N
2051,7,1.391236305,CESM1-CAM5_4.5,4.5,N
2052,7,1.947846413,CESM1-CAM5_4.5,4.5,N
2053,7,1.97300148,CESM1-CAM5_4.5,4.5,N
2054,7,2.78038311,CESM1-CAM5_4.5,4.5,N
2055,7,2.671854019,CESM1-CAM5_4.5,4.5,N
2056,7,1.740194321,CESM1-CAM5_4.5,4.5,N
2057,7,1.841219902,CESM1-CAM5_4.5,4.5,N
2058,7,1.753997803,CESM1-CAM5_4.5,4.5,N
2059,7,2.173893929,CESM1-CAM5_4.5,4.5,N
2060,7,1.857825279,CESM1-CAM5_4.5,4.5,N
2061,7,1.760685921,CESM1-CAM5_4.5,4.5,N
2062,7,0.671630383,CESM1-CAM5_4.5,4.5,N
2063,7,0.537904263,CESM1-CAM5_4.5,4.5,N
2064,7,0.708149433,CESM1-CAM5_4.5,4.5,N
2065,7,2.160052299,CESM1-CAM5_4.5,4.5,N
2066,7,0.957358837,CESM1-CAM5_4.5,4.5,N
2067,7,2.400611877,CESM1-CAM5_4.5,4.5,N
2068,7,2.01785183,CESM1-CAM5_4.5,4.5,N
2069,7,2.430728912,CESM1-CAM5_4.5,4.5,N
2070,7,2.102884293,CESM1-CAM5_4.5,4.5,N
2071,7,0.383498669,CESM1-CAM5_4.5,4.5,N
2072,7,0.600759029,CESM1-CAM5_4.5,4.5,N
2073,7,2.569755554,CESM1-CAM5_4.5,4.5,N
2074,7,1.796120644,CESM1-CAM5_4.5,4.5,N
2075,7,2.155520439,CESM1-CAM5_4.5,4.5,N
2076,7,2.388832092,CESM1-CAM5_4.5,4.5,N
2077,7,1.771032333,CESM1-CAM5_4.5,4.5,N
2078,7,2.445605278,CESM1-CAM5_4.5,4.5,N
2079,7,1.049836159,CESM1-CAM5_4.5,4.5,N
2080,7,1.552857399,CESM1-CAM5_4.5,4.5,N
2081,7,0.831300735,CESM1-CAM5_4.5,4.5,N
2082,7,3.106273651,CESM1-CAM5_4.5,4.5,N
2083,7,2.373830795,CESM1-CAM5_4.5,4.5,N
2084,7,2.090848923,CESM1-CAM5_4.5,4.5,N
2085,7,2.680501938,CESM1-CAM5_4.5,4.5,N
2086,7,3.339745522,CESM1-CAM5_4.5,4.5,N
2087,7,2.780489922,CESM1-CAM5_4.5,4.5,N
2088,7,2.851215363,CESM1-CAM5_4.5,4.5,N
2089,7,2.35289669,CESM1-CAM5_4.5,4.5,N
2090,7,3.133166313,CESM1-CAM5_4.5,4.5,N
2091,7,2.164087296,CESM1-CAM5_4.5,4.5,N
2092,7,0.995750427,CESM1-CAM5_4.5,4.5,N
2093,7,2.140769958,CESM1-CAM5_4.5,4.5,N
2094,7,1.854341507,CESM1-CAM5_4.5,4.5,N
2095,7,1.999576569,CESM1-CAM5_4.5,4.5,N
2096,7,1.882367134,CESM1-CAM5_4.5,4.5,N
2097,7,1.298278809,CESM1-CAM5_4.5,4.5,N
2098,7,1.92934227,CESM1-CAM5_4.5,4.5,N
2099,7,1.332259178,CESM1-CAM5_4.5,4.5,N
2022,7,0.306564331,CMCC-CM_4.5,4.5,N
2023,7,0.235945702,CMCC-CM_4.5,4.5,N
2024,7,0.529729366,CMCC-CM_4.5,4.5,N
2025,7,-0.506415844,CMCC-CM_4.5,4.5,N
2026,7,0.57579565,CMCC-CM_4.5,4.5,N
2027,7,0.159538746,CMCC-CM_4.5,4.5,N
2028,7,0.858745098,CMCC-CM_4.5,4.5,N
2029,7,-0.081658363,CMCC-CM_4.5,4.5,N
2030,7,-0.382092476,CMCC-CM_4.5,4.5,N
2031,7,0.014251709,CMCC-CM_4.5,4.5,N
2032,7,-1.023045063,CMCC-CM_4.5,4.5,N
2033,7,-0.562621117,CMCC-CM_4.5,4.5,N
2034,7,0.068697929,CMCC-CM_4.5,4.5,N
2035,7,1.102253437,CMCC-CM_4.5,4.5,N
2036,7,0.751999855,CMCC-CM_4.5,4.5,N
2037,7,0.933812618,CMCC-CM_4.5,4.5,N
2038,7,-0.132493019,CMCC-CM_4.5,4.5,N
2039,7,1.268539906,CMCC-CM_4.5,4.5,N
2040,7,1.71228075,CMCC-CM_4.5,4.5,N
2041,7,1.269178867,CMCC-CM_4.5,4.5,N
2042,7,1.884111404,CMCC-CM_4.5,4.5,N
2043,7,-0.313738346,CMCC-CM_4.5,4.5,N
2044,7,1.192121506,CMCC-CM_4.5,4.5,N
2045,7,0.721878529,CMCC-CM_4.5,4.5,N
2046,7,0.817999363,CMCC-CM_4.5,4.5,N
2047,7,0.436991692,CMCC-CM_4.5,4.5,N
2048,7,0.801622391,CMCC-CM_4.5,4.5,N
2049,7,1.862419605,CMCC-CM_4.5,4.5,N
2050,7,-0.031330585,CMCC-CM_4.5,4.5,N
2051,7,0.667821884,CMCC-CM_4.5,4.5,N
2052,7,0.935438633,CMCC-CM_4.5,4.5,N
2053,7,1.143824577,CMCC-CM_4.5,4.5,N
2054,7,0.986464977,CMCC-CM_4.5,4.5,N
2055,7,1.869828224,CMCC-CM_4.5,4.5,N
2056,7,0.469171047,CMCC-CM_4.5,4.5,N
2057,7,0.918110371,CMCC-CM_4.5,4.5,N
2058,7,1.900007248,CMCC-CM_4.5,4.5,N
2059,7,2.247458935,CMCC-CM_4.5,4.5,N
2060,7,0.878675938,CMCC-CM_4.5,4.5,N
2061,7,1.912915707,CMCC-CM_4.5,4.5,N
2062,7,1.487875938,CMCC-CM_4.5,4.5,N
2063,7,1.32478857,CMCC-CM_4.5,4.5,N
2064,7,1.717058659,CMCC-CM_4.5,4.5,N
2065,7,0.836701393,CMCC-CM_4.5,4.5,N
2066,7,0.653561592,CMCC-CM_4.5,4.5,N
2067,7,1.123558998,CMCC-CM_4.5,4.5,N
2068,7,0.745230675,CMCC-CM_4.5,4.5,N
2069,7,2.072062016,CMCC-CM_4.5,4.5,N
2070,7,0.940296173,CMCC-CM_4.5,4.5,N
2071,7,1.897880077,CMCC-CM_4.5,4.5,N
2072,7,2.633994102,CMCC-CM_4.5,4.5,N
2073,7,2.276934624,CMCC-CM_4.5,4.5,N
2074,7,1.797224522,CMCC-CM_4.5,4.5,N
2075,7,2.068616867,CMCC-CM_4.5,4.5,N
2076,7,2.457161427,CMCC-CM_4.5,4.5,N
2077,7,2.637477875,CMCC-CM_4.5,4.5,N
2078,7,1.725100994,CMCC-CM_4.5,4.5,N
2079,7,1.599033833,CMCC-CM_4.5,4.5,N
2080,7,1.996206284,CMCC-CM_4.5,4.5,N
2081,7,1.085949898,CMCC-CM_4.5,4.5,N
2082,7,1.950284004,CMCC-CM_4.5,4.5,N
2083,7,2.310550213,CMCC-CM_4.5,4.5,N
2084,7,1.599929333,CMCC-CM_4.5,4.5,N
2085,7,1.648186684,CMCC-CM_4.5,4.5,N
2086,7,2.505807877,CMCC-CM_4.5,4.5,N
2087,7,1.941658974,CMCC-CM_4.5,4.5,N
2088,7,1.998380661,CMCC-CM_4.5,4.5,N
2089,7,2.28745985,CMCC-CM_4.5,4.5,N
2090,7,2.964891434,CMCC-CM_4.5,4.5,N
2091,7,2.172617912,CMCC-CM_4.5,4.5,N
2092,7,1.990801334,CMCC-CM_4.5,4.5,N
2093,7,1.051063538,CMCC-CM_4.5,4.5,N
2094,7,2.166818142,CMCC-CM_4.5,4.5,N
2095,7,1.872293949,CMCC-CM_4.5,4.5,N
2096,7,1.570981503,CMCC-CM_4.5,4.5,N
2097,7,1.764634132,CMCC-CM_4.5,4.5,N
2098,7,2.042213917,CMCC-CM_4.5,4.5,N
2099,7,1.183243752,CMCC-CM_4.5,4.5,N
2022,7,0.00958252,GFDL-ESM2G_4.5,4.5,N
2023,7,0.389525652,GFDL-ESM2G_4.5,4.5,N
2024,7,1.155454874,GFDL-ESM2G_4.5,4.5,N
2025,7,1.88837409,GFDL-ESM2G_4.5,4.5,N
2026,7,-0.308494568,GFDL-ESM2G_4.5,4.5,N
2027,7,0.29305768,GFDL-ESM2G_4.5,4.5,N
2028,7,0.239089489,GFDL-ESM2G_4.5,4.5,N
2029,7,-0.560613871,GFDL-ESM2G_4.5,4.5,N
2030,7,1.481436491,GFDL-ESM2G_4.5,4.5,N
2031,7,0.404900312,GFDL-ESM2G_4.5,4.5,N
2032,7,1.841023207,GFDL-ESM2G_4.5,4.5,N
2033,7,0.6334517,GFDL-ESM2G_4.5,4.5,N
2034,7,-0.50811553,GFDL-ESM2G_4.5,4.5,N
2035,7,0.922434807,GFDL-ESM2G_4.5,4.5,N
2036,7,1.026340723,GFDL-ESM2G_4.5,4.5,N
2037,7,1.067051172,GFDL-ESM2G_4.5,4.5,N
2038,7,0.489559889,GFDL-ESM2G_4.5,4.5,N
2039,7,0.286776304,GFDL-ESM2G_4.5,4.5,N
2040,7,1.144403219,GFDL-ESM2G_4.5,4.5,N
2041,7,0.858472824,GFDL-ESM2G_4.5,4.5,N
2042,7,0.881854534,GFDL-ESM2G_4.5,4.5,N
2043,7,0.848022461,GFDL-ESM2G_4.5,4.5,N
2044,7,0.648101091,GFDL-ESM2G_4.5,4.5,N
2045,7,-0.443754673,GFDL-ESM2G_4.5,4.5,N
2046,7,1.05840373,GFDL-ESM2G_4.5,4.5,N
2047,7,-0.435593605,GFDL-ESM2G_4.5,4.5,N
2048,7,-0.077064276,GFDL-ESM2G_4.5,4.5,N
2049,7,1.39343524,GFDL-ESM2G_4.5,4.5,N
2050,7,1.932797194,GFDL-ESM2G_4.5,4.5,N
2051,7,2.35826087,GFDL-ESM2G_4.5,4.5,N
2052,7,1.574525118,GFDL-ESM2G_4.5,4.5,N
2053,7,2.376911402,GFDL-ESM2G_4.5,4.5,N
2054,7,1.82237649,GFDL-ESM2G_4.5,4.5,N
2055,7,0.231664181,GFDL-ESM2G_4.5,4.5,N
2056,7,2.382147074,GFDL-ESM2G_4.5,4.5,N
2057,7,0.690915108,GFDL-ESM2G_4.5,4.5,N
2058,7,1.583135366,GFDL-ESM2G_4.5,4.5,N
2059,7,2.039114714,GFDL-ESM2G_4.5,4.5,N
2060,7,2.15169692,GFDL-ESM2G_4.5,4.5,N
2061,7,1.819350958,GFDL-ESM2G_4.5,4.5,N
2062,7,1.364560843,GFDL-ESM2G_4.5,4.5,N
2063,7,-0.180688381,GFDL-ESM2G_4.5,4.5,N
2064,7,1.600559473,GFDL-ESM2G_4.5,4.5,N
2065,7,2.163466692,GFDL-ESM2G_4.5,4.5,N
2066,7,2.787463903,GFDL-ESM2G_4.5,4.5,N
2067,7,3.120083094,GFDL-ESM2G_4.5,4.5,N
2068,7,1.890906096,GFDL-ESM2G_4.5,4.5,N
2069,7,2.196705103,GFDL-ESM2G_4.5,4.5,N
2070,7,2.251574755,GFDL-ESM2G_4.5,4.5,N
2071,7,0.597088575,GFDL-ESM2G_4.5,4.5,N
2072,7,1.582219362,GFDL-ESM2G_4.5,4.5,N
2073,7,2.526200533,GFDL-ESM2G_4.5,4.5,N
2074,7,1.906261206,GFDL-ESM2G_4.5,4.5,N
2075,7,1.536401987,GFDL-ESM2G_4.5,4.5,N
2076,7,1.011971235,GFDL-ESM2G_4.5,4.5,N
2077,7,0.63506031,GFDL-ESM2G_4.5,4.5,N
2078,7,2.886053324,GFDL-ESM2G_4.5,4.5,N
2079,7,2.544316053,GFDL-ESM2G_4.5,4.5,N
2080,7,1.551216364,GFDL-ESM2G_4.5,4.5,N
2081,7,0.760623932,GFDL-ESM2G_4.5,4.5,N
2082,7,0.491591215,GFDL-ESM2G_4.5,4.5,N
2083,7,1.062861681,GFDL-ESM2G_4.5,4.5,N
2084,7,0.622369051,GFDL-ESM2G_4.5,4.5,N
2085,7,0.874173403,GFDL-ESM2G_4.5,4.5,N
2086,7,1.637035608,GFDL-ESM2G_4.5,4.5,N
2087,7,1.884921789,GFDL-ESM2G_4.5,4.5,N
2088,7,2.35250783,GFDL-ESM2G_4.5,4.5,N
2089,7,1.574320078,GFDL-ESM2G_4.5,4.5,N
2090,7,2.95518136,GFDL-ESM2G_4.5,4.5,N
2091,7,2.628191233,GFDL-ESM2G_4.5,4.5,N
2092,7,1.933229208,GFDL-ESM2G_4.5,4.5,N
2093,7,1.133956194,GFDL-ESM2G_4.5,4.5,N
2094,7,2.621350527,GFDL-ESM2G_4.5,4.5,N
2095,7,2.002453089,GFDL-ESM2G_4.5,4.5,N
2096,7,1.492683649,GFDL-ESM2G_4.5,4.5,N
2097,7,2.588827848,GFDL-ESM2G_4.5,4.5,N
2098,7,1.789309263,GFDL-ESM2G_4.5,4.5,N
2099,7,1.70201087,GFDL-ESM2G_4.5,4.5,N
2022,7,1.157617092,HADGEM2-ES_4.5,4.5,Y
2023,7,1.306717873,HADGEM2-ES_4.5,4.5,Y
2024,7,0.943669796,HADGEM2-ES_4.5,4.5,Y
2025,7,0.967414379,HADGEM2-ES_4.5,4.5,Y
2026,7,0.306829453,HADGEM2-ES_4.5,4.5,Y
2027,7,0.525431633,HADGEM2-ES_4.5,4.5,Y
2028,7,0.137394905,HADGEM2-ES_4.5,4.5,Y
2029,7,0.733609676,HADGEM2-ES_4.5,4.5,Y
2030,7,-0.097825527,HADGEM2-ES_4.5,4.5,Y
2031,7,0.802276611,HADGEM2-ES_4.5,4.5,Y
2032,7,2.258207798,HADGEM2-ES_4.5,4.5,Y
2033,7,1.952557087,HADGEM2-ES_4.5,4.5,Y
2034,7,1.426604271,HADGEM2-ES_4.5,4.5,Y
2035,7,1.477543354,HADGEM2-ES_4.5,4.5,Y
2036,7,0.565067768,HADGEM2-ES_4.5,4.5,Y
2037,7,0.929841995,HADGEM2-ES_4.5,4.5,Y
2038,7,0.989304543,HADGEM2-ES_4.5,4.5,Y
2039,7,1.584172726,HADGEM2-ES_4.5,4.5,Y
2040,7,0.948862553,HADGEM2-ES_4.5,4.5,Y
2041,7,1.311053753,HADGEM2-ES_4.5,4.5,Y
2042,7,0.426018715,HADGEM2-ES_4.5,4.5,Y
2043,7,0.993340015,HADGEM2-ES_4.5,4.5,Y
2044,7,1.539112091,HADGEM2-ES_4.5,4.5,Y
2045,7,2.173531055,HADGEM2-ES_4.5,4.5,Y
2046,7,1.920730114,HADGEM2-ES_4.5,4.5,Y
2047,7,2.035775661,HADGEM2-ES_4.5,4.5,Y
2048,7,1.953265667,HADGEM2-ES_4.5,4.5,Y
2049,7,2.077057362,HADGEM2-ES_4.5,4.5,Y
2050,7,1.875934124,HADGEM2-ES_4.5,4.5,Y
2051,7,0.76852417,HADGEM2-ES_4.5,4.5,Y
2052,7,1.042799473,HADGEM2-ES_4.5,4.5,Y
2053,7,1.944633961,HADGEM2-ES_4.5,4.5,Y
2054,7,2.066753864,HADGEM2-ES_4.5,4.5,Y
2055,7,2.218523502,HADGEM2-ES_4.5,4.5,Y
2056,7,0.845904827,HADGEM2-ES_4.5,4.5,Y
2057,7,1.453240871,HADGEM2-ES_4.5,4.5,Y
2058,7,2.922709942,HADGEM2-ES_4.5,4.5,Y
2059,7,2.211140156,HADGEM2-ES_4.5,4.5,Y
2060,7,1.331950188,HADGEM2-ES_4.5,4.5,Y
2061,7,1.586707592,HADGEM2-ES_4.5,4.5,Y
2062,7,2.150006771,HADGEM2-ES_4.5,4.5,Y
2063,7,2.055903912,HADGEM2-ES_4.5,4.5,Y
2064,7,2.6835742,HADGEM2-ES_4.5,4.5,Y
2065,7,1.639462948,HADGEM2-ES_4.5,4.5,Y
2066,7,1.981507778,HADGEM2-ES_4.5,4.5,Y
2067,7,2.29458952,HADGEM2-ES_4.5,4.5,Y
2068,7,1.422422886,HADGEM2-ES_4.5,4.5,Y
2069,7,1.778624058,HADGEM2-ES_4.5,4.5,Y
2070,7,1.633550167,HADGEM2-ES_4.5,4.5,Y
2071,7,1.332360744,HADGEM2-ES_4.5,4.5,Y
2072,7,2.265531063,HADGEM2-ES_4.5,4.5,Y
2073,7,2.990285397,HADGEM2-ES_4.5,4.5,Y
2074,7,2.415654659,HADGEM2-ES_4.5,4.5,Y
2075,7,2.282872677,HADGEM2-ES_4.5,4.5,Y
2076,7,1.983271122,HADGEM2-ES_4.5,4.5,Y
2077,7,2.500832081,HADGEM2-ES_4.5,4.5,Y
2078,7,3.24689436,HADGEM2-ES_4.5,4.5,Y
2079,7,2.758647442,HADGEM2-ES_4.5,4.5,Y
2080,7,1.808681965,HADGEM2-ES_4.5,4.5,Y
2081,7,1.582296848,HADGEM2-ES_4.5,4.5,Y
2082,7,2.910891056,HADGEM2-ES_4.5,4.5,Y
2083,7,2.205952168,HADGEM2-ES_4.5,4.5,Y
2084,7,3.130914211,HADGEM2-ES_4.5,4.5,Y
2085,7,2.767118931,HADGEM2-ES_4.5,4.5,Y
2086,7,2.026956081,HADGEM2-ES_4.5,4.5,Y
2087,7,2.545809269,HADGEM2-ES_4.5,4.5,Y
2088,7,1.608456135,HADGEM2-ES_4.5,4.5,Y
2089,7,1.696956158,HADGEM2-ES_4.5,4.5,Y
2090,7,2.40184164,HADGEM2-ES_4.5,4.5,Y
2091,7,2.087040424,HADGEM2-ES_4.5,4.5,Y
2092,7,2.48230505,HADGEM2-ES_4.5,4.5,Y
2093,7,1.646156311,HADGEM2-ES_4.5,4.5,Y
2094,7,2.639199734,HADGEM2-ES_4.5,4.5,Y
2095,7,3.048420429,HADGEM2-ES_4.5,4.5,Y
2096,7,2.552187443,HADGEM2-ES_4.5,4.5,Y
2097,7,2.427665234,HADGEM2-ES_4.5,4.5,Y
2098,7,2.580731869,HADGEM2-ES_4.5,4.5,Y
2099,7,2.37869978,HADGEM2-ES_4.5,4.5,Y
2022,7,-0.18091011,IPSL-CM5A-LR_4.5,4.5,N
2023,7,0.627103329,IPSL-CM5A-LR_4.5,4.5,N
2024,7,-0.570620537,IPSL-CM5A-LR_4.5,4.5,N
2025,7,-0.363832474,IPSL-CM5A-LR_4.5,4.5,N
2026,7,1.009306431,IPSL-CM5A-LR_4.5,4.5,N
2027,7,-0.10695982,IPSL-CM5A-LR_4.5,4.5,N
2028,7,1.308864594,IPSL-CM5A-LR_4.5,4.5,N
2029,7,0.404459476,IPSL-CM5A-LR_4.5,4.5,N
2030,7,1.419382572,IPSL-CM5A-LR_4.5,4.5,N
2031,7,0.845063686,IPSL-CM5A-LR_4.5,4.5,N
2032,7,0.699297905,IPSL-CM5A-LR_4.5,4.5,N
2033,7,1.074028969,IPSL-CM5A-LR_4.5,4.5,N
2034,7,1.646690369,IPSL-CM5A-LR_4.5,4.5,N
2035,7,1.714437485,IPSL-CM5A-LR_4.5,4.5,N
2036,7,0.910336018,IPSL-CM5A-LR_4.5,4.5,N
2037,7,1.144612789,IPSL-CM5A-LR_4.5,4.5,N
2038,7,1.06709671,IPSL-CM5A-LR_4.5,4.5,N
2039,7,1.193082809,IPSL-CM5A-LR_4.5,4.5,N
2040,7,1.169024944,IPSL-CM5A-LR_4.5,4.5,N
2041,7,1.136964798,IPSL-CM5A-LR_4.5,4.5,N
2042,7,1.194569588,IPSL-CM5A-LR_4.5,4.5,N
2043,7,1.114174366,IPSL-CM5A-LR_4.5,4.5,N
2044,7,0.776952744,IPSL-CM5A-LR_4.5,4.5,N
2045,7,1.883399963,IPSL-CM5A-LR_4.5,4.5,N
2046,7,1.938173294,IPSL-CM5A-LR_4.5,4.5,N
2047,7,2.010603905,IPSL-CM5A-LR_4.5,4.5,N
2048,7,2.70706749,IPSL-CM5A-LR_4.5,4.5,N
2049,7,2.06435585,IPSL-CM5A-LR_4.5,4.5,N
2050,7,1.985484123,IPSL-CM5A-LR_4.5,4.5,N
2051,7,0.727932453,IPSL-CM5A-LR_4.5,4.5,N
2052,7,1.19103384,IPSL-CM5A-LR_4.5,4.5,N
2053,7,2.173665047,IPSL-CM5A-LR_4.5,4.5,N
2054,7,2.259349823,IPSL-CM5A-LR_4.5,4.5,N
2055,7,1.90930748,IPSL-CM5A-LR_4.5,4.5,N
2056,7,1.814463615,IPSL-CM5A-LR_4.5,4.5,N
2057,7,0.050274849,IPSL-CM5A-LR_4.5,4.5,N
2058,7,0.779939651,IPSL-CM5A-LR_4.5,4.5,N
2059,7,0.544455528,IPSL-CM5A-LR_4.5,4.5,N
2060,7,1.375266075,IPSL-CM5A-LR_4.5,4.5,N
2061,7,1.145092487,IPSL-CM5A-LR_4.5,4.5,N
2062,7,1.958886147,IPSL-CM5A-LR_4.5,4.5,N
2063,7,2.800640106,IPSL-CM5A-LR_4.5,4.5,N
2064,7,0.547148705,IPSL-CM5A-LR_4.5,4.5,N
2065,7,2.163562775,IPSL-CM5A-LR_4.5,4.5,N
2066,7,2.13442421,IPSL-CM5A-LR_4.5,4.5,N
2067,7,2.601689339,IPSL-CM5A-LR_4.5,4.5,N
2068,7,2.372961998,IPSL-CM5A-LR_4.5,4.5,N
2069,7,1.225373745,IPSL-CM5A-LR_4.5,4.5,N
2070,7,1.760146141,IPSL-CM5A-LR_4.5,4.5,N
2071,7,0.987682819,IPSL-CM5A-LR_4.5,4.5,N
2072,7,1.047588825,IPSL-CM5A-LR_4.5,4.5,N
2073,7,-0.181880474,IPSL-CM5A-LR_4.5,4.5,N
2074,7,1.836092949,IPSL-CM5A-LR_4.5,4.5,N
2075,7,1.560500145,IPSL-CM5A-LR_4.5,4.5,N
2076,7,3.014241219,IPSL-CM5A-LR_4.5,4.5,N
2077,7,2.690808296,IPSL-CM5A-LR_4.5,4.5,N
2078,7,3.254380226,IPSL-CM5A-LR_4.5,4.5,N
2079,7,2.120139122,IPSL-CM5A-LR_4.5,4.5,N
2080,7,2.195091248,IPSL-CM5A-LR_4.5,4.5,N
2081,7,1.819396019,IPSL-CM5A-LR_4.5,4.5,N
2082,7,1.686904907,IPSL-CM5A-LR_4.5,4.5,N
2083,7,3.281815529,IPSL-CM5A-LR_4.5,4.5,N
2084,7,2.751665115,IPSL-CM5A-LR_4.5,4.5,N
2085,7,1.80324173,IPSL-CM5A-LR_4.5,4.5,N
2086,7,0.423054218,IPSL-CM5A-LR_4.5,4.5,N
2087,7,1.583114624,IPSL-CM5A-LR_4.5,4.5,N
2088,7,1.254122257,IPSL-CM5A-LR_4.5,4.5,N
2089,7,2.655413628,IPSL-CM5A-LR_4.5,4.5,N
2090,7,0.765733242,IPSL-CM5A-LR_4.5,4.5,N
2091,7,0.564293861,IPSL-CM5A-LR_4.5,4.5,N
2092,7,2.928494453,IPSL-CM5A-LR_4.5,4.5,N
2093,7,3.119836807,IPSL-CM5A-LR_4.5,4.5,N
2094,7,2.629055023,IPSL-CM5A-LR_4.5,4.5,N
2095,7,2.142941475,IPSL-CM5A-LR_4.5,4.5,N
2096,7,0.565050602,IPSL-CM5A-LR_4.5,4.5,N
2097,7,2.80447197,IPSL-CM5A-LR_4.5,4.5,N
2098,7,3.364331245,IPSL-CM5A-LR_4.5,4.5,N
2099,7,1.783679962,IPSL-CM5A-LR_4.5,4.5,N
2022,7,1.071960449,IPSL-CM5A-MR_4.5,4.5,N
2023,7,0.544410706,IPSL-CM5A-MR_4.5,4.5,N
2024,7,1.15233469,IPSL-CM5A-MR_4.5,4.5,N
2025,7,0.494862556,IPSL-CM5A-MR_4.5,4.5,N
2026,7,0.554998875,IPSL-CM5A-MR_4.5,4.5,N
2027,7,1.322008133,IPSL-CM5A-MR_4.5,4.5,N
2028,7,0.920452118,IPSL-CM5A-MR_4.5,4.5,N
2029,7,0.102869511,IPSL-CM5A-MR_4.5,4.5,N
2030,7,1.013527393,IPSL-CM5A-MR_4.5,4.5,N
2031,7,0.994919777,IPSL-CM5A-MR_4.5,4.5,N
2032,7,-0.285111904,IPSL-CM5A-MR_4.5,4.5,N
2033,7,1.13121748,IPSL-CM5A-MR_4.5,4.5,N
2034,7,1.550753593,IPSL-CM5A-MR_4.5,4.5,N
2035,7,1.347566605,IPSL-CM5A-MR_4.5,4.5,N
2036,7,0.772222996,IPSL-CM5A-MR_4.5,4.5,N
2037,7,0.69728899,IPSL-CM5A-MR_4.5,4.5,N
2038,7,-0.244878769,IPSL-CM5A-MR_4.5,4.5,N
2039,7,0.451120377,IPSL-CM5A-MR_4.5,4.5,N
2040,7,-0.734708309,IPSL-CM5A-MR_4.5,4.5,N
2041,7,0.771397114,IPSL-CM5A-MR_4.5,4.5,N
2042,7,0.969894886,IPSL-CM5A-MR_4.5,4.5,N
2043,7,-0.044604778,IPSL-CM5A-MR_4.5,4.5,N
2044,7,-0.865824699,IPSL-CM5A-MR_4.5,4.5,N
2045,7,1.527650833,IPSL-CM5A-MR_4.5,4.5,N
2046,7,1.050393105,IPSL-CM5A-MR_4.5,4.5,N
2047,7,1.008735657,IPSL-CM5A-MR_4.5,4.5,N
2048,7,1.077699184,IPSL-CM5A-MR_4.5,4.5,N
2049,7,-0.048550129,IPSL-CM5A-MR_4.5,4.5,N
2050,7,1.3420434,IPSL-CM5A-MR_4.5,4.5,N
2051,7,2.03537941,IPSL-CM5A-MR_4.5,4.5,N
2052,7,2.011792183,IPSL-CM5A-MR_4.5,4.5,N
2053,7,1.799771309,IPSL-CM5A-MR_4.5,4.5,N
2054,7,1.790218353,IPSL-CM5A-MR_4.5,4.5,N
2055,7,1.775637627,IPSL-CM5A-MR_4.5,4.5,N
2056,7,1.415143013,IPSL-CM5A-MR_4.5,4.5,N
2057,7,0.721512794,IPSL-CM5A-MR_4.5,4.5,N
2058,7,1.260613441,IPSL-CM5A-MR_4.5,4.5,N
2059,7,0.834292889,IPSL-CM5A-MR_4.5,4.5,N
2060,7,1.438889503,IPSL-CM5A-MR_4.5,4.5,N
2061,7,1.112892151,IPSL-CM5A-MR_4.5,4.5,N
2062,7,2.022800446,IPSL-CM5A-MR_4.5,4.5,N
2063,7,1.432300568,IPSL-CM5A-MR_4.5,4.5,N
2064,7,1.184828281,IPSL-CM5A-MR_4.5,4.5,N
2065,7,1.931909561,IPSL-CM5A-MR_4.5,4.5,N
2066,7,2.709235191,IPSL-CM5A-MR_4.5,4.5,N
2067,7,2.012288094,IPSL-CM5A-MR_4.5,4.5,N
2068,7,2.731376648,IPSL-CM5A-MR_4.5,4.5,N
2069,7,2.037963867,IPSL-CM5A-MR_4.5,4.5,N
2070,7,1.68817997,IPSL-CM5A-MR_4.5,4.5,N
2071,7,1.673257828,IPSL-CM5A-MR_4.5,4.5,N
2072,7,1.820173264,IPSL-CM5A-MR_4.5,4.5,N
2073,7,2.40170002,IPSL-CM5A-MR_4.5,4.5,N
2074,7,0.969600201,IPSL-CM5A-MR_4.5,4.5,N
2075,7,1.523210526,IPSL-CM5A-MR_4.5,4.5,N
2076,7,2.334543228,IPSL-CM5A-MR_4.5,4.5,N
2077,7,2.153383255,IPSL-CM5A-MR_4.5,4.5,N
2078,7,0.833505154,IPSL-CM5A-MR_4.5,4.5,N
2079,7,1.922164917,IPSL-CM5A-MR_4.5,4.5,N
2080,7,2.172929764,IPSL-CM5A-MR_4.5,4.5,N
2081,7,2.200725555,IPSL-CM5A-MR_4.5,4.5,N
2082,7,0.948654175,IPSL-CM5A-MR_4.5,4.5,N
2083,7,0.939073563,IPSL-CM5A-MR_4.5,4.5,N
2084,7,0.417196751,IPSL-CM5A-MR_4.5,4.5,N
2085,7,1.547298431,IPSL-CM5A-MR_4.5,4.5,N
2086,7,2.274766922,IPSL-CM5A-MR_4.5,4.5,N
2087,7,1.320746422,IPSL-CM5A-MR_4.5,4.5,N
2088,7,1.871231079,IPSL-CM5A-MR_4.5,4.5,N
2089,7,2.049465179,IPSL-CM5A-MR_4.5,4.5,N
2090,7,2.183860779,IPSL-CM5A-MR_4.5,4.5,N
2091,7,2.076413155,IPSL-CM5A-MR_4.5,4.5,N
2092,7,1.478363037,IPSL-CM5A-MR_4.5,4.5,N
2093,7,2.255436897,IPSL-CM5A-MR_4.5,4.5,N
2094,7,2.560763359,IPSL-CM5A-MR_4.5,4.5,N
2095,7,0.0204072,IPSL-CM5A-MR_4.5,4.5,N
2096,7,1.597830772,IPSL-CM5A-MR_4.5,4.5,N
2097,7,0.500763893,IPSL-CM5A-MR_4.5,4.5,N
2098,7,0.923569202,IPSL-CM5A-MR_4.5,4.5,N
2099,7,2.06197834,IPSL-CM5A-MR_4.5,4.5,N
2022,7,0.697024345,MIROC5_4.5,4.5,Y
2023,7,-0.358477592,MIROC5_4.5,4.5,Y
2024,7,0.010959625,MIROC5_4.5,4.5,Y
2025,7,0.238337517,MIROC5_4.5,4.5,Y
2026,7,0.325984955,MIROC5_4.5,4.5,Y
2027,7,1.300681114,MIROC5_4.5,4.5,Y
2028,7,0.552721977,MIROC5_4.5,4.5,Y
2029,7,0.081305504,MIROC5_4.5,4.5,Y
2030,7,-0.067968369,MIROC5_4.5,4.5,Y
2031,7,0.763997078,MIROC5_4.5,4.5,Y
2032,7,0.901412964,MIROC5_4.5,4.5,Y
2033,7,1.50976181,MIROC5_4.5,4.5,Y
2034,7,1.153717995,MIROC5_4.5,4.5,Y
2035,7,-0.1407547,MIROC5_4.5,4.5,Y
2036,7,0.046578407,MIROC5_4.5,4.5,Y
2037,7,1.340595245,MIROC5_4.5,4.5,Y
2038,7,1.586684227,MIROC5_4.5,4.5,Y
2039,7,0.964813232,MIROC5_4.5,4.5,Y
2040,7,-0.374184608,MIROC5_4.5,4.5,Y
2041,7,-0.313343048,MIROC5_4.5,4.5,Y
2042,7,0.891890526,MIROC5_4.5,4.5,Y
2043,7,1.672430992,MIROC5_4.5,4.5,Y
2044,7,1.712080956,MIROC5_4.5,4.5,Y
2045,7,0.429680824,MIROC5_4.5,4.5,Y
2046,7,0.303120613,MIROC5_4.5,4.5,Y
2047,7,0.510278702,MIROC5_4.5,4.5,Y
2048,7,0.856200218,MIROC5_4.5,4.5,Y
2049,7,1.170654297,MIROC5_4.5,4.5,Y
2050,7,0.04366684,MIROC5_4.5,4.5,Y
2051,7,-0.501468658,MIROC5_4.5,4.5,Y
2052,7,1.415385246,MIROC5_4.5,4.5,Y
2053,7,1.366974831,MIROC5_4.5,4.5,Y
2054,7,1.349241257,MIROC5_4.5,4.5,Y
2055,7,2.108465195,MIROC5_4.5,4.5,Y
2056,7,0.837808609,MIROC5_4.5,4.5,Y
2057,7,-0.573163986,MIROC5_4.5,4.5,Y
2058,7,-0.00142765,MIROC5_4.5,4.5,Y
2059,7,0.585693359,MIROC5_4.5,4.5,Y
2060,7,2.493755341,MIROC5_4.5,4.5,Y
2061,7,1.344633102,MIROC5_4.5,4.5,Y
2062,7,0.538229942,MIROC5_4.5,4.5,Y
2063,7,-0.39245224,MIROC5_4.5,4.5,Y
2064,7,-0.272373199,MIROC5_4.5,4.5,Y
2065,7,1.264440536,MIROC5_4.5,4.5,Y
2066,7,1.741014481,MIROC5_4.5,4.5,Y
2067,7,0.123746872,MIROC5_4.5,4.5,Y
2068,7,0.095110893,MIROC5_4.5,4.5,Y
2069,7,-0.423887253,MIROC5_4.5,4.5,Y
2070,7,1.710773468,MIROC5_4.5,4.5,Y
2071,7,2.602799416,MIROC5_4.5,4.5,Y
2072,7,2.403655052,MIROC5_4.5,4.5,Y
2073,7,0.762034416,MIROC5_4.5,4.5,Y
2074,7,0.732890129,MIROC5_4.5,4.5,Y
2075,7,0.470933914,MIROC5_4.5,4.5,Y
2076,7,1.313468933,MIROC5_4.5,4.5,Y
2077,7,0.183796883,MIROC5_4.5,4.5,Y
2078,7,0.837715149,MIROC5_4.5,4.5,Y
2079,7,1.868353844,MIROC5_4.5,4.5,Y
2080,7,1.282738686,MIROC5_4.5,4.5,Y
2081,7,1.333908081,MIROC5_4.5,4.5,Y
2082,7,0.859704971,MIROC5_4.5,4.5,Y
2083,7,0.19560051,MIROC5_4.5,4.5,Y
2084,7,2.226759911,MIROC5_4.5,4.5,Y
2085,7,2.170101166,MIROC5_4.5,4.5,Y
2086,7,1.356435776,MIROC5_4.5,4.5,Y
2087,7,0.578733444,MIROC5_4.5,4.5,Y
2088,7,0.475689888,MIROC5_4.5,4.5,Y
2089,7,1.88375473,MIROC5_4.5,4.5,Y
2090,7,2.589818954,MIROC5_4.5,4.5,Y
2091,7,1.069227219,MIROC5_4.5,4.5,Y
2092,7,0.552719116,MIROC5_4.5,4.5,Y
2093,7,0.757070541,MIROC5_4.5,4.5,Y
2094,7,1.040822029,MIROC5_4.5,4.5,Y
2095,7,1.237822533,MIROC5_4.5,4.5,Y
2096,7,2.073584557,MIROC5_4.5,4.5,Y
2097,7,2.006839752,MIROC5_4.5,4.5,Y
2098,7,2.434229851,MIROC5_4.5,4.5,Y
2099,7,2.555103302,MIROC5_4.5,4.5,Y
2022,7,0.715538025,MIROC-ESM_4.5,4.5,Y
2023,7,1.295556068,MIROC-ESM_4.5,4.5,Y
2024,7,1.323776245,MIROC-ESM_4.5,4.5,Y
2025,7,0.281471252,MIROC-ESM_4.5,4.5,Y
2026,7,1.068386078,MIROC-ESM_4.5,4.5,Y
2027,7,1.15020752,MIROC-ESM_4.5,4.5,Y
2028,7,1.557068825,MIROC-ESM_4.5,4.5,Y
2029,7,1.438524246,MIROC-ESM_4.5,4.5,Y
2030,7,0.923823357,MIROC-ESM_4.5,4.5,Y
2031,7,1.104551315,MIROC-ESM_4.5,4.5,Y
2032,7,1.597002029,MIROC-ESM_4.5,4.5,Y
2033,7,1.181013107,MIROC-ESM_4.5,4.5,Y
2034,7,1.245271683,MIROC-ESM_4.5,4.5,Y
2035,7,1.704195976,MIROC-ESM_4.5,4.5,Y
2036,7,0.606167793,MIROC-ESM_4.5,4.5,Y
2037,7,0.967690468,MIROC-ESM_4.5,4.5,Y
2038,7,1.086883545,MIROC-ESM_4.5,4.5,Y
2039,7,0.54234314,MIROC-ESM_4.5,4.5,Y
2040,7,0.918468475,MIROC-ESM_4.5,4.5,Y
2041,7,1.141389847,MIROC-ESM_4.5,4.5,Y
2042,7,0.741849899,MIROC-ESM_4.5,4.5,Y
2043,7,1.967826843,MIROC-ESM_4.5,4.5,Y
2044,7,2.704504013,MIROC-ESM_4.5,4.5,Y
2045,7,2.271413803,MIROC-ESM_4.5,4.5,Y
2046,7,1.954657555,MIROC-ESM_4.5,4.5,Y
2047,7,0.974259377,MIROC-ESM_4.5,4.5,Y
2048,7,1.646980286,MIROC-ESM_4.5,4.5,Y
2049,7,1.46894455,MIROC-ESM_4.5,4.5,Y
2050,7,1.422017097,MIROC-ESM_4.5,4.5,Y
2051,7,1.044630051,MIROC-ESM_4.5,4.5,Y
2052,7,1.247520447,MIROC-ESM_4.5,4.5,Y
2053,7,0.438797951,MIROC-ESM_4.5,4.5,Y
2054,7,0.266752243,MIROC-ESM_4.5,4.5,Y
2055,7,0.427885056,MIROC-ESM_4.5,4.5,Y
2056,7,0.478077888,MIROC-ESM_4.5,4.5,Y
2057,7,1.24577713,MIROC-ESM_4.5,4.5,Y
2058,7,1.721845627,MIROC-ESM_4.5,4.5,Y
2059,7,1.504471779,MIROC-ESM_4.5,4.5,Y
2060,7,1.484384537,MIROC-ESM_4.5,4.5,Y
2061,7,1.309201241,MIROC-ESM_4.5,4.5,Y
2062,7,1.482971191,MIROC-ESM_4.5,4.5,Y
2063,7,1.76213932,MIROC-ESM_4.5,4.5,Y
2064,7,1.813840866,MIROC-ESM_4.5,4.5,Y
2065,7,1.566274643,MIROC-ESM_4.5,4.5,Y
2066,7,1.654374123,MIROC-ESM_4.5,4.5,Y
2067,7,1.992163658,MIROC-ESM_4.5,4.5,Y
2068,7,1.538123131,MIROC-ESM_4.5,4.5,Y
2069,7,1.420244217,MIROC-ESM_4.5,4.5,Y
2070,7,1.007511139,MIROC-ESM_4.5,4.5,Y
2071,7,1.733707428,MIROC-ESM_4.5,4.5,Y
2072,7,1.948207855,MIROC-ESM_4.5,4.5,Y
2073,7,2.039439201,MIROC-ESM_4.5,4.5,Y
2074,7,1.712656975,MIROC-ESM_4.5,4.5,Y
2075,7,1.761961937,MIROC-ESM_4.5,4.5,Y
2076,7,2.43420887,MIROC-ESM_4.5,4.5,Y
2077,7,2.629634857,MIROC-ESM_4.5,4.5,Y
2078,7,2.020529747,MIROC-ESM_4.5,4.5,Y
2079,7,1.81293869,MIROC-ESM_4.5,4.5,Y
2080,7,1.522004128,MIROC-ESM_4.5,4.5,Y
2081,7,2.626549721,MIROC-ESM_4.5,4.5,Y
2082,7,2.225851059,MIROC-ESM_4.5,4.5,Y
2083,7,2.189042091,MIROC-ESM_4.5,4.5,Y
2084,7,1.325651169,MIROC-ESM_4.5,4.5,Y
2085,7,1.032422066,MIROC-ESM_4.5,4.5,Y
2086,7,0.686501503,MIROC-ESM_4.5,4.5,Y
2087,7,1.572398186,MIROC-ESM_4.5,4.5,Y
2088,7,1.39586544,MIROC-ESM_4.5,4.5,Y
2089,7,0.702010155,MIROC-ESM_4.5,4.5,Y
2090,7,2.196822166,MIROC-ESM_4.5,4.5,Y
2091,7,1.399433136,MIROC-ESM_4.5,4.5,Y
2092,7,2.162302971,MIROC-ESM_4.5,4.5,Y
2093,7,1.771073341,MIROC-ESM_4.5,4.5,Y
2094,7,2.032360077,MIROC-ESM_4.5,4.5,Y
2095,7,1.844726563,MIROC-ESM_4.5,4.5,Y
2096,7,1.168138504,MIROC-ESM_4.5,4.5,Y
2097,7,0.825146675,MIROC-ESM_4.5,4.5,Y
2098,7,2.001664162,MIROC-ESM_4.5,4.5,Y
2099,7,1.525109291,MIROC-ESM_4.5,4.5,Y
2022,7,1.209778309,MPI-ESM-LR_4.5,4.5,Y
2023,7,-0.35157299,MPI-ESM-LR_4.5,4.5,Y
2024,7,-0.056659222,MPI-ESM-LR_4.5,4.5,Y
2025,7,0.526097775,MPI-ESM-LR_4.5,4.5,Y
2026,7,0.144185543,MPI-ESM-LR_4.5,4.5,Y
2027,7,-0.0550313,MPI-ESM-LR_4.5,4.5,Y
2028,7,0.919387817,MPI-ESM-LR_4.5,4.5,Y
2029,7,-0.582700253,MPI-ESM-LR_4.5,4.5,Y
2030,7,0.488473415,MPI-ESM-LR_4.5,4.5,Y
2031,7,1.932620049,MPI-ESM-LR_4.5,4.5,Y
2032,7,2.229405403,MPI-ESM-LR_4.5,4.5,Y
2033,7,3.102946758,MPI-ESM-LR_4.5,4.5,Y
2034,7,2.733173847,MPI-ESM-LR_4.5,4.5,Y
2035,7,1.252119064,MPI-ESM-LR_4.5,4.5,Y
2036,7,2.006561279,MPI-ESM-LR_4.5,4.5,Y
2037,7,1.260997295,MPI-ESM-LR_4.5,4.5,Y
2038,7,0.248806,MPI-ESM-LR_4.5,4.5,Y
2039,7,0.648338318,MPI-ESM-LR_4.5,4.5,Y
2040,7,-0.096139431,MPI-ESM-LR_4.5,4.5,Y
2041,7,1.250025272,MPI-ESM-LR_4.5,4.5,Y
2042,7,0.958206654,MPI-ESM-LR_4.5,4.5,Y
2043,7,-0.424550772,MPI-ESM-LR_4.5,4.5,Y
2044,7,1.632472515,MPI-ESM-LR_4.5,4.5,Y
2045,7,1.45722723,MPI-ESM-LR_4.5,4.5,Y
2046,7,0.509121895,MPI-ESM-LR_4.5,4.5,Y
2047,7,1.053092003,MPI-ESM-LR_4.5,4.5,Y
2048,7,1.39427042,MPI-ESM-LR_4.5,4.5,Y
2049,7,1.122882843,MPI-ESM-LR_4.5,4.5,Y
2050,7,1.204592705,MPI-ESM-LR_4.5,4.5,Y
2051,7,3.117116928,MPI-ESM-LR_4.5,4.5,Y
2052,7,2.077686787,MPI-ESM-LR_4.5,4.5,Y
2053,7,1.464025497,MPI-ESM-LR_4.5,4.5,Y
2054,7,1.532205105,MPI-ESM-LR_4.5,4.5,Y
2055,7,2.426383018,MPI-ESM-LR_4.5,4.5,Y
2056,7,0.543179035,MPI-ESM-LR_4.5,4.5,Y
2057,7,0.718766689,MPI-ESM-LR_4.5,4.5,Y
2058,7,1.962520123,MPI-ESM-LR_4.5,4.5,Y
2059,7,2.446996689,MPI-ESM-LR_4.5,4.5,Y
2060,7,1.566195011,MPI-ESM-LR_4.5,4.5,Y
2061,7,1.940027237,MPI-ESM-LR_4.5,4.5,Y
2062,7,1.277348518,MPI-ESM-LR_4.5,4.5,Y
2063,7,1.48658371,MPI-ESM-LR_4.5,4.5,Y
2064,7,2.098666668,MPI-ESM-LR_4.5,4.5,Y
2065,7,0.968577385,MPI-ESM-LR_4.5,4.5,Y
2066,7,2.801083088,MPI-ESM-LR_4.5,4.5,Y
2067,7,1.407416344,MPI-ESM-LR_4.5,4.5,Y
2068,7,2.448041439,MPI-ESM-LR_4.5,4.5,Y
2069,7,1.758147717,MPI-ESM-LR_4.5,4.5,Y
2070,7,1.536042213,MPI-ESM-LR_4.5,4.5,Y
2071,7,2.271332741,MPI-ESM-LR_4.5,4.5,Y
2072,7,1.830251694,MPI-ESM-LR_4.5,4.5,Y
2073,7,0.308506489,MPI-ESM-LR_4.5,4.5,Y
2074,7,0.922710896,MPI-ESM-LR_4.5,4.5,Y
2075,7,-0.473564386,MPI-ESM-LR_4.5,4.5,Y
2076,7,1.97232914,MPI-ESM-LR_4.5,4.5,Y
2077,7,0.572119713,MPI-ESM-LR_4.5,4.5,Y
2078,7,0.752235413,MPI-ESM-LR_4.5,4.5,Y
2079,7,1.837202072,MPI-ESM-LR_4.5,4.5,Y
2080,7,2.588947296,MPI-ESM-LR_4.5,4.5,Y
2081,7,3.34015131,MPI-ESM-LR_4.5,4.5,Y
2082,7,3.386973858,MPI-ESM-LR_4.5,4.5,Y
2083,7,2.705449581,MPI-ESM-LR_4.5,4.5,Y
2084,7,1.150458813,MPI-ESM-LR_4.5,4.5,Y
2085,7,1.209075451,MPI-ESM-LR_4.5,4.5,Y
2086,7,2.029149532,MPI-ESM-LR_4.5,4.5,Y
2087,7,1.697640419,MPI-ESM-LR_4.5,4.5,Y
2088,7,1.295237064,MPI-ESM-LR_4.5,4.5,Y
2089,7,1.499339581,MPI-ESM-LR_4.5,4.5,Y
2090,7,2.267949104,MPI-ESM-LR_4.5,4.5,Y
2091,7,2.116382122,MPI-ESM-LR_4.5,4.5,Y
2092,7,0.95282793,MPI-ESM-LR_4.5,4.5,Y
2093,7,0.657093525,MPI-ESM-LR_4.5,4.5,Y
2094,7,1.009802341,MPI-ESM-LR_4.5,4.5,Y
2095,7,0.975892544,MPI-ESM-LR_4.5,4.5,Y
2096,7,2.072938442,MPI-ESM-LR_4.5,4.5,Y
2097,7,2.168472767,MPI-ESM-LR_4.5,4.5,Y
2098,7,0.982524872,MPI-ESM-LR_4.5,4.5,Y
2099,7,-0.125891447,MPI-ESM-LR_4.5,4.5,Y
2022,7,-0.082914352,MPI-ESM-MR_4.5,4.5,Y
2023,7,1.095597267,MPI-ESM-MR_4.5,4.5,Y
2024,7,0.378985882,MPI-ESM-MR_4.5,4.5,Y
2025,7,1.112171173,MPI-ESM-MR_4.5,4.5,Y
2026,7,0.571191788,MPI-ESM-MR_4.5,4.5,Y
2027,7,0.952041149,MPI-ESM-MR_4.5,4.5,Y
2028,7,0.801522255,MPI-ESM-MR_4.5,4.5,Y
2029,7,0.901237011,MPI-ESM-MR_4.5,4.5,Y
2030,7,0.905758381,MPI-ESM-MR_4.5,4.5,Y
2031,7,-0.294997215,MPI-ESM-MR_4.5,4.5,Y
2032,7,0.958855152,MPI-ESM-MR_4.5,4.5,Y
2033,7,0.299479008,MPI-ESM-MR_4.5,4.5,Y
2034,7,0.131484985,MPI-ESM-MR_4.5,4.5,Y
2035,7,-0.905170679,MPI-ESM-MR_4.5,4.5,Y
2036,7,0.020819187,MPI-ESM-MR_4.5,4.5,Y
2037,7,0.530433655,MPI-ESM-MR_4.5,4.5,Y
2038,7,0.818722248,MPI-ESM-MR_4.5,4.5,Y
2039,7,0.135876179,MPI-ESM-MR_4.5,4.5,Y
2040,7,1.08995676,MPI-ESM-MR_4.5,4.5,Y
2041,7,1.293062687,MPI-ESM-MR_4.5,4.5,Y
2042,7,1.277477264,MPI-ESM-MR_4.5,4.5,Y
2043,7,2.153211594,MPI-ESM-MR_4.5,4.5,Y
2044,7,-0.110366821,MPI-ESM-MR_4.5,4.5,Y
2045,7,0.448750973,MPI-ESM-MR_4.5,4.5,Y
2046,7,0.901111603,MPI-ESM-MR_4.5,4.5,Y
2047,7,2.029897213,MPI-ESM-MR_4.5,4.5,Y
2048,7,0.115508556,MPI-ESM-MR_4.5,4.5,Y
2049,7,1.599503517,MPI-ESM-MR_4.5,4.5,Y
2050,7,1.905201912,MPI-ESM-MR_4.5,4.5,Y
2051,7,0.537899494,MPI-ESM-MR_4.5,4.5,Y
2052,7,1.752515316,MPI-ESM-MR_4.5,4.5,Y
2053,7,1.405549526,MPI-ESM-MR_4.5,4.5,Y
2054,7,0.297000408,MPI-ESM-MR_4.5,4.5,Y
2055,7,1.071190357,MPI-ESM-MR_4.5,4.5,Y
2056,7,0.70355463,MPI-ESM-MR_4.5,4.5,Y
2057,7,0.485137463,MPI-ESM-MR_4.5,4.5,Y
2058,7,1.681172848,MPI-ESM-MR_4.5,4.5,Y
2059,7,0.345924377,MPI-ESM-MR_4.5,4.5,Y
2060,7,1.278614998,MPI-ESM-MR_4.5,4.5,Y
2061,7,1.50608778,MPI-ESM-MR_4.5,4.5,Y
2062,7,1.718906403,MPI-ESM-MR_4.5,4.5,Y
2063,7,2.58632946,MPI-ESM-MR_4.5,4.5,Y
2064,7,0.883601189,MPI-ESM-MR_4.5,4.5,Y
2065,7,1.547224045,MPI-ESM-MR_4.5,4.5,Y
2066,7,1.804639339,MPI-ESM-MR_4.5,4.5,Y
2067,7,2.237895012,MPI-ESM-MR_4.5,4.5,Y
2068,7,2.002930164,MPI-ESM-MR_4.5,4.5,Y
2069,7,0.661167622,MPI-ESM-MR_4.5,4.5,Y
2070,7,1.181195736,MPI-ESM-MR_4.5,4.5,Y
2071,7,0.187129021,MPI-ESM-MR_4.5,4.5,Y
2072,7,0.340109825,MPI-ESM-MR_4.5,4.5,Y
2073,7,1.223061085,MPI-ESM-MR_4.5,4.5,Y
2074,7,1.726437569,MPI-ESM-MR_4.5,4.5,Y
2075,7,1.123736382,MPI-ESM-MR_4.5,4.5,Y
2076,7,0.646355629,MPI-ESM-MR_4.5,4.5,Y
2077,7,1.887452126,MPI-ESM-MR_4.5,4.5,Y
2078,7,2.229937553,MPI-ESM-MR_4.5,4.5,Y
2079,7,0.801448345,MPI-ESM-MR_4.5,4.5,Y
2080,7,-0.162025928,MPI-ESM-MR_4.5,4.5,Y
2081,7,1.199793816,MPI-ESM-MR_4.5,4.5,Y
2082,7,1.555341244,MPI-ESM-MR_4.5,4.5,Y
2083,7,1.951384544,MPI-ESM-MR_4.5,4.5,Y
2084,7,0.812249184,MPI-ESM-MR_4.5,4.5,Y
2085,7,2.996583939,MPI-ESM-MR_4.5,4.5,Y
2086,7,1.094470501,MPI-ESM-MR_4.5,4.5,Y
2087,7,1.049712658,MPI-ESM-MR_4.5,4.5,Y
2088,7,2.121422768,MPI-ESM-MR_4.5,4.5,Y
2089,7,2.28431654,MPI-ESM-MR_4.5,4.5,Y
2090,7,2.06102705,MPI-ESM-MR_4.5,4.5,Y
2091,7,0.926166058,MPI-ESM-MR_4.5,4.5,Y
2092,7,2.523098469,MPI-ESM-MR_4.5,4.5,Y
2093,7,2.23073864,MPI-ESM-MR_4.5,4.5,Y
2094,7,0.368055344,MPI-ESM-MR_4.5,4.5,Y
2095,7,1.583616257,MPI-ESM-MR_4.5,4.5,Y
2096,7,1.999858856,MPI-ESM-MR_4.5,4.5,Y
2097,7,1.560776711,MPI-ESM-MR_4.5,4.5,Y
2098,7,3.671015739,MPI-ESM-MR_4.5,4.5,Y
2099,7,2.14311409,MPI-ESM-MR_4.5,4.5,Y
2022,7,0.194106102,NORESM1-ME_4.5,4.5,N
2023,7,0.121973991,NORESM1-ME_4.5,4.5,N
2024,7,-0.03168726,NORESM1-ME_4.5,4.5,N
2025,7,1.518461704,NORESM1-ME_4.5,4.5,N
2026,7,0.05064249,NORESM1-ME_4.5,4.5,N
2027,7,-0.654116154,NORESM1-ME_4.5,4.5,N
2028,7,0.234677792,NORESM1-ME_4.5,4.5,N
2029,7,0.33960247,NORESM1-ME_4.5,4.5,N
2030,7,0.633238316,NORESM1-ME_4.5,4.5,N
2031,7,0.472604752,NORESM1-ME_4.5,4.5,N
2032,7,0.48955965,NORESM1-ME_4.5,4.5,N
2033,7,0.134895325,NORESM1-ME_4.5,4.5,N
2034,7,0.298138142,NORESM1-ME_4.5,4.5,N
2035,7,-0.14516592,NORESM1-ME_4.5,4.5,N
2036,7,1.189698219,NORESM1-ME_4.5,4.5,N
2037,7,0.829594612,NORESM1-ME_4.5,4.5,N
2038,7,1.819534779,NORESM1-ME_4.5,4.5,N
2039,7,0.279374599,NORESM1-ME_4.5,4.5,N
2040,7,0.70071125,NORESM1-ME_4.5,4.5,N
2041,7,0.780783653,NORESM1-ME_4.5,4.5,N
2042,7,0.520896435,NORESM1-ME_4.5,4.5,N
2043,7,1.349781036,NORESM1-ME_4.5,4.5,N
2044,7,0.367240429,NORESM1-ME_4.5,4.5,N
2045,7,0.665949345,NORESM1-ME_4.5,4.5,N
2046,7,0.739145279,NORESM1-ME_4.5,4.5,N
2047,7,0.992202282,NORESM1-ME_4.5,4.5,N
2048,7,0.977859974,NORESM1-ME_4.5,4.5,N
2049,7,1.000365257,NORESM1-ME_4.5,4.5,N
2050,7,0.193324089,NORESM1-ME_4.5,4.5,N
2051,7,2.032046318,NORESM1-ME_4.5,4.5,N
2052,7,1.853719711,NORESM1-ME_4.5,4.5,N
2053,7,1.848487377,NORESM1-ME_4.5,4.5,N
2054,7,0.986978531,NORESM1-ME_4.5,4.5,N
2055,7,0.656962395,NORESM1-ME_4.5,4.5,N
2056,7,1.91501236,NORESM1-ME_4.5,4.5,N
2057,7,1.134016991,NORESM1-ME_4.5,4.5,N
2058,7,1.287118435,NORESM1-ME_4.5,4.5,N
2059,7,2.465717316,NORESM1-ME_4.5,4.5,N
2060,7,1.743335724,NORESM1-ME_4.5,4.5,N
2061,7,1.286358833,NORESM1-ME_4.5,4.5,N
2062,7,0.378086567,NORESM1-ME_4.5,4.5,N
2063,7,0.718111992,NORESM1-ME_4.5,4.5,N
2064,7,2.241084099,NORESM1-ME_4.5,4.5,N
2065,7,2.167697906,NORESM1-ME_4.5,4.5,N
2066,7,0.639322281,NORESM1-ME_4.5,4.5,N
2067,7,1.373323441,NORESM1-ME_4.5,4.5,N
2068,7,0.680788517,NORESM1-ME_4.5,4.5,N
2069,7,0.931707859,NORESM1-ME_4.5,4.5,N
2070,7,1.942207813,NORESM1-ME_4.5,4.5,N
2071,7,1.843445301,NORESM1-ME_4.5,4.5,N
2072,7,2.044967651,NORESM1-ME_4.5,4.5,N
2073,7,2.364043236,NORESM1-ME_4.5,4.5,N
2074,7,2.684250832,NORESM1-ME_4.5,4.5,N
2075,7,2.401992798,NORESM1-ME_4.5,4.5,N
2076,7,2.013786316,NORESM1-ME_4.5,4.5,N
2077,7,1.462659836,NORESM1-ME_4.5,4.5,N
2078,7,1.878974438,NORESM1-ME_4.5,4.5,N
2079,7,1.603990078,NORESM1-ME_4.5,4.5,N
2080,7,0.92321825,NORESM1-ME_4.5,4.5,N
2081,7,1.255548,NORESM1-ME_4.5,4.5,N
2082,7,0.615303993,NORESM1-ME_4.5,4.5,N
2083,7,1.010494232,NORESM1-ME_4.5,4.5,N
2084,7,1.502421856,NORESM1-ME_4.5,4.5,N
2085,7,1.768576145,NORESM1-ME_4.5,4.5,N
2086,7,1.625527859,NORESM1-ME_4.5,4.5,N
2087,7,0.875957012,NORESM1-ME_4.5,4.5,N
2088,7,0.840492249,NORESM1-ME_4.5,4.5,N
2089,7,1.829876423,NORESM1-ME_4.5,4.5,N
2090,7,3.024945259,NORESM1-ME_4.5,4.5,N
2091,7,3.122707367,NORESM1-ME_4.5,4.5,N
2092,7,1.134358883,NORESM1-ME_4.5,4.5,N
2093,7,1.828862667,NORESM1-ME_4.5,4.5,N
2094,7,1.262598038,NORESM1-ME_4.5,4.5,N
2095,7,2.035416603,NORESM1-ME_4.5,4.5,N
2096,7,2.136015892,NORESM1-ME_4.5,4.5,N
2097,7,1.580096722,NORESM1-ME_4.5,4.5,N
2098,7,1.86217308,NORESM1-ME_4.5,4.5,N
2099,7,1.610076427,NORESM1-ME_4.5,4.5,N
2022,7,-0.002927303,CESM1-CAM5_8.5,8.5,N
2023,7,0.448311329,CESM1-CAM5_8.5,8.5,N
2024,7,1.086783409,CESM1-CAM5_8.5,8.5,N
2025,7,0.334280968,CESM1-CAM5_8.5,8.5,N
2026,7,0.865865707,CESM1-CAM5_8.5,8.5,N
2027,7,-0.101788521,CESM1-CAM5_8.5,8.5,N
2028,7,-1.27259922,CESM1-CAM5_8.5,8.5,N
2029,7,0.176056862,CESM1-CAM5_8.5,8.5,N
2030,7,0.671438694,CESM1-CAM5_8.5,8.5,N
2031,7,0.15493679,CESM1-CAM5_8.5,8.5,N
2032,7,0.53731823,CESM1-CAM5_8.5,8.5,N
2033,7,1.359185219,CESM1-CAM5_8.5,8.5,N
2034,7,2.44214344,CESM1-CAM5_8.5,8.5,N
2035,7,0.706081867,CESM1-CAM5_8.5,8.5,N
2036,7,-0.001384258,CESM1-CAM5_8.5,8.5,N
2037,7,-0.043822765,CESM1-CAM5_8.5,8.5,N
2038,7,-0.004417419,CESM1-CAM5_8.5,8.5,N
2039,7,-0.337360382,CESM1-CAM5_8.5,8.5,N
2040,7,0.787100792,CESM1-CAM5_8.5,8.5,N
2041,7,1.753009796,CESM1-CAM5_8.5,8.5,N
2042,7,1.737083435,CESM1-CAM5_8.5,8.5,N
2043,7,1.506318092,CESM1-CAM5_8.5,8.5,N
2044,7,1.166788101,CESM1-CAM5_8.5,8.5,N
2045,7,0.344096184,CESM1-CAM5_8.5,8.5,N
2046,7,1.284991264,CESM1-CAM5_8.5,8.5,N
2047,7,0.477046013,CESM1-CAM5_8.5,8.5,N
2048,7,2.177679062,CESM1-CAM5_8.5,8.5,N
2049,7,2.278944969,CESM1-CAM5_8.5,8.5,N
2050,7,2.155309677,CESM1-CAM5_8.5,8.5,N
2051,7,2.078537941,CESM1-CAM5_8.5,8.5,N
2052,7,0.986252308,CESM1-CAM5_8.5,8.5,N
2053,7,1.809123039,CESM1-CAM5_8.5,8.5,N
2054,7,1.365084648,CESM1-CAM5_8.5,8.5,N
2055,7,1.642319679,CESM1-CAM5_8.5,8.5,N
2056,7,1.1929636,CESM1-CAM5_8.5,8.5,N
2057,7,0.722380638,CESM1-CAM5_8.5,8.5,N
2058,7,2.480960846,CESM1-CAM5_8.5,8.5,N
2059,7,2.591867447,CESM1-CAM5_8.5,8.5,N
2060,7,2.899147987,CESM1-CAM5_8.5,8.5,N
2061,7,2.890574455,CESM1-CAM5_8.5,8.5,N
2062,7,2.13644886,CESM1-CAM5_8.5,8.5,N
2063,7,2.243663788,CESM1-CAM5_8.5,8.5,N
2064,7,1.258422852,CESM1-CAM5_8.5,8.5,N
2065,7,2.358799934,CESM1-CAM5_8.5,8.5,N
2066,7,3.333240509,CESM1-CAM5_8.5,8.5,N
2067,7,3.366823196,CESM1-CAM5_8.5,8.5,N
2068,7,2.827254295,CESM1-CAM5_8.5,8.5,N
2069,7,3.236727715,CESM1-CAM5_8.5,8.5,N
2070,7,4.032798767,CESM1-CAM5_8.5,8.5,N
2071,7,2.951150894,CESM1-CAM5_8.5,8.5,N
2072,7,2.286013603,CESM1-CAM5_8.5,8.5,N
2073,7,3.159991264,CESM1-CAM5_8.5,8.5,N
2074,7,1.802894592,CESM1-CAM5_8.5,8.5,N
2075,7,3.077448845,CESM1-CAM5_8.5,8.5,N
2076,7,1.393600464,CESM1-CAM5_8.5,8.5,N
2077,7,2.860326767,CESM1-CAM5_8.5,8.5,N
2078,7,3.042164803,CESM1-CAM5_8.5,8.5,N
2079,7,2.552630424,CESM1-CAM5_8.5,8.5,N
2080,7,2.483431816,CESM1-CAM5_8.5,8.5,N
2081,7,3.776182175,CESM1-CAM5_8.5,8.5,N
2082,7,2.683645248,CESM1-CAM5_8.5,8.5,N
2083,7,3.007307053,CESM1-CAM5_8.5,8.5,N
2084,7,3.588625908,CESM1-CAM5_8.5,8.5,N
2085,7,3.052154541,CESM1-CAM5_8.5,8.5,N
2086,7,2.78045845,CESM1-CAM5_8.5,8.5,N
2087,7,3.84590435,CESM1-CAM5_8.5,8.5,N
2088,7,3.050936699,CESM1-CAM5_8.5,8.5,N
2089,7,1.828302383,CESM1-CAM5_8.5,8.5,N
2090,7,3.737733841,CESM1-CAM5_8.5,8.5,N
2091,7,3.420413017,CESM1-CAM5_8.5,8.5,N
2092,7,3.885126114,CESM1-CAM5_8.5,8.5,N
2093,7,4.052653313,CESM1-CAM5_8.5,8.5,N
2094,7,4.02931118,CESM1-CAM5_8.5,8.5,N
2095,7,3.498330116,CESM1-CAM5_8.5,8.5,N
2096,7,2.382454872,CESM1-CAM5_8.5,8.5,N
2097,7,4.3950243,CESM1-CAM5_8.5,8.5,N
2098,7,4.363853455,CESM1-CAM5_8.5,8.5,N
2099,7,3.728610992,CESM1-CAM5_8.5,8.5,N
2022,7,-0.376783371,CMCC-CM_8.5,8.5,N
2023,7,0.420501232,CMCC-CM_8.5,8.5,N
2024,7,-0.116965294,CMCC-CM_8.5,8.5,N
2025,7,0.861828327,CMCC-CM_8.5,8.5,N
2026,7,0.563406467,CMCC-CM_8.5,8.5,N
2027,7,0.996840954,CMCC-CM_8.5,8.5,N
2028,7,1.151782513,CMCC-CM_8.5,8.5,N
2029,7,0.64951992,CMCC-CM_8.5,8.5,N
2030,7,0.667831898,CMCC-CM_8.5,8.5,N
2031,7,1.053555965,CMCC-CM_8.5,8.5,N
2032,7,0.84954071,CMCC-CM_8.5,8.5,N
2033,7,0.856121063,CMCC-CM_8.5,8.5,N
2034,7,0.794780731,CMCC-CM_8.5,8.5,N
2035,7,1.54834795,CMCC-CM_8.5,8.5,N
2036,7,1.665626526,CMCC-CM_8.5,8.5,N
2037,7,0.884472847,CMCC-CM_8.5,8.5,N
2038,7,1.573671341,CMCC-CM_8.5,8.5,N
2039,7,1.683082581,CMCC-CM_8.5,8.5,N
2040,7,1.297222614,CMCC-CM_8.5,8.5,N
2041,7,1.500929356,CMCC-CM_8.5,8.5,N
2042,7,1.242984772,CMCC-CM_8.5,8.5,N
2043,7,1.298188686,CMCC-CM_8.5,8.5,N
2044,7,1.848474503,CMCC-CM_8.5,8.5,N
2045,7,0.910875797,CMCC-CM_8.5,8.5,N
2046,7,0.812528133,CMCC-CM_8.5,8.5,N
2047,7,1.002721786,CMCC-CM_8.5,8.5,N
2048,7,0.553578854,CMCC-CM_8.5,8.5,N
2049,7,1.141931534,CMCC-CM_8.5,8.5,N
2050,7,0.229959011,CMCC-CM_8.5,8.5,N
2051,7,0.937355995,CMCC-CM_8.5,8.5,N
2052,7,0.394512653,CMCC-CM_8.5,8.5,N
2053,7,1.489494801,CMCC-CM_8.5,8.5,N
2054,7,0.491364002,CMCC-CM_8.5,8.5,N
2055,7,1.326324463,CMCC-CM_8.5,8.5,N
2056,7,2.379325867,CMCC-CM_8.5,8.5,N
2057,7,2.240009308,CMCC-CM_8.5,8.5,N
2058,7,1.556082726,CMCC-CM_8.5,8.5,N
2059,7,2.041238785,CMCC-CM_8.5,8.5,N
2060,7,2.535984039,CMCC-CM_8.5,8.5,N
2061,7,2.177270412,CMCC-CM_8.5,8.5,N
2062,7,2.443396568,CMCC-CM_8.5,8.5,N
2063,7,1.14613533,CMCC-CM_8.5,8.5,N
2064,7,1.793055534,CMCC-CM_8.5,8.5,N
2065,7,1.65871954,CMCC-CM_8.5,8.5,N
2066,7,1.894049644,CMCC-CM_8.5,8.5,N
2067,7,1.064198971,CMCC-CM_8.5,8.5,N
2068,7,1.636483669,CMCC-CM_8.5,8.5,N
2069,7,1.55369091,CMCC-CM_8.5,8.5,N
2070,7,2.6684618,CMCC-CM_8.5,8.5,N
2071,7,2.429469585,CMCC-CM_8.5,8.5,N
2072,7,2.507855415,CMCC-CM_8.5,8.5,N
2073,7,2.811828613,CMCC-CM_8.5,8.5,N
2074,7,2.026001453,CMCC-CM_8.5,8.5,N
2075,7,2.558470726,CMCC-CM_8.5,8.5,N
2076,7,1.723480701,CMCC-CM_8.5,8.5,N
2077,7,2.108865261,CMCC-CM_8.5,8.5,N
2078,7,3.050380707,CMCC-CM_8.5,8.5,N
2079,7,3.562054634,CMCC-CM_8.5,8.5,N
2080,7,2.467529297,CMCC-CM_8.5,8.5,N
2081,7,2.8552742,CMCC-CM_8.5,8.5,N
2082,7,2.468557358,CMCC-CM_8.5,8.5,N
2083,7,3.492987633,CMCC-CM_8.5,8.5,N
2084,7,3.615972519,CMCC-CM_8.5,8.5,N
2085,7,2.768537521,CMCC-CM_8.5,8.5,N
2086,7,2.013822556,CMCC-CM_8.5,8.5,N
2087,7,1.586315632,CMCC-CM_8.5,8.5,N
2088,7,1.564270496,CMCC-CM_8.5,8.5,N
2089,7,2.781535149,CMCC-CM_8.5,8.5,N
2090,7,2.20800209,CMCC-CM_8.5,8.5,N
2091,7,2.55314064,CMCC-CM_8.5,8.5,N
2092,7,3.349047661,CMCC-CM_8.5,8.5,N
2093,7,1.740207672,CMCC-CM_8.5,8.5,N
2094,7,1.733314037,CMCC-CM_8.5,8.5,N
2095,7,2.246865749,CMCC-CM_8.5,8.5,N
2096,7,3.214744568,CMCC-CM_8.5,8.5,N
2097,7,3.229610443,CMCC-CM_8.5,8.5,N
2098,7,3.08881855,CMCC-CM_8.5,8.5,N
2099,7,2.633069992,CMCC-CM_8.5,8.5,N
2022,7,2.030724049,GFDL-ESM2G_8.5,8.5,N
2023,7,2.010792732,GFDL-ESM2G_8.5,8.5,N
2024,7,0.613108397,GFDL-ESM2G_8.5,8.5,N
2025,7,1.113744497,GFDL-ESM2G_8.5,8.5,N
2026,7,0.280372858,GFDL-ESM2G_8.5,8.5,N
2027,7,-1.016110539,GFDL-ESM2G_8.5,8.5,N
2028,7,1.388075829,GFDL-ESM2G_8.5,8.5,N
2029,7,2.055217266,GFDL-ESM2G_8.5,8.5,N
2030,7,1.682109356,GFDL-ESM2G_8.5,8.5,N
2031,7,1.38368082,GFDL-ESM2G_8.5,8.5,N
2032,7,1.800792217,GFDL-ESM2G_8.5,8.5,N
2033,7,0.672720671,GFDL-ESM2G_8.5,8.5,N
2034,7,2.295394897,GFDL-ESM2G_8.5,8.5,N
2035,7,0.157656908,GFDL-ESM2G_8.5,8.5,N
2036,7,0.894061565,GFDL-ESM2G_8.5,8.5,N
2037,7,1.082032442,GFDL-ESM2G_8.5,8.5,N
2038,7,0.700591326,GFDL-ESM2G_8.5,8.5,N
2039,7,0.438042879,GFDL-ESM2G_8.5,8.5,N
2040,7,1.786673546,GFDL-ESM2G_8.5,8.5,N
2041,7,2.393971443,GFDL-ESM2G_8.5,8.5,N
2042,7,0.648525476,GFDL-ESM2G_8.5,8.5,N
2043,7,0.25593996,GFDL-ESM2G_8.5,8.5,N
2044,7,2.270698071,GFDL-ESM2G_8.5,8.5,N
2045,7,1.253996849,GFDL-ESM2G_8.5,8.5,N
2046,7,0.936316967,GFDL-ESM2G_8.5,8.5,N
2047,7,2.295387268,GFDL-ESM2G_8.5,8.5,N
2048,7,1.363303185,GFDL-ESM2G_8.5,8.5,N
2049,7,1.379617691,GFDL-ESM2G_8.5,8.5,N
2050,7,1.572997093,GFDL-ESM2G_8.5,8.5,N
2051,7,1.061874628,GFDL-ESM2G_8.5,8.5,N
2052,7,1.045181274,GFDL-ESM2G_8.5,8.5,N
2053,7,2.45511961,GFDL-ESM2G_8.5,8.5,N
2054,7,1.738519192,GFDL-ESM2G_8.5,8.5,N
2055,7,1.747071266,GFDL-ESM2G_8.5,8.5,N
2056,7,2.682332516,GFDL-ESM2G_8.5,8.5,N
2057,7,3.153650284,GFDL-ESM2G_8.5,8.5,N
2058,7,2.946984768,GFDL-ESM2G_8.5,8.5,N
2059,7,1.26346159,GFDL-ESM2G_8.5,8.5,N
2060,7,1.352250576,GFDL-ESM2G_8.5,8.5,N
2061,7,2.858892441,GFDL-ESM2G_8.5,8.5,N
2062,7,1.487023354,GFDL-ESM2G_8.5,8.5,N
2063,7,-0.0066185,GFDL-ESM2G_8.5,8.5,N
2064,7,1.647896767,GFDL-ESM2G_8.5,8.5,N
2065,7,0.100395918,GFDL-ESM2G_8.5,8.5,N
2066,7,2.186011791,GFDL-ESM2G_8.5,8.5,N
2067,7,2.656900883,GFDL-ESM2G_8.5,8.5,N
2068,7,2.186172009,GFDL-ESM2G_8.5,8.5,N
2069,7,3.19593811,GFDL-ESM2G_8.5,8.5,N
2070,7,2.356408596,GFDL-ESM2G_8.5,8.5,N
2071,7,1.188378811,GFDL-ESM2G_8.5,8.5,N
2072,7,2.367926598,GFDL-ESM2G_8.5,8.5,N
2073,7,1.108094454,GFDL-ESM2G_8.5,8.5,N
2074,7,1.830126762,GFDL-ESM2G_8.5,8.5,N
2075,7,3.419905663,GFDL-ESM2G_8.5,8.5,N
2076,7,3.843070507,GFDL-ESM2G_8.5,8.5,N
2077,7,4.374568939,GFDL-ESM2G_8.5,8.5,N
2078,7,3.22766161,GFDL-ESM2G_8.5,8.5,N
2079,7,2.32189846,GFDL-ESM2G_8.5,8.5,N
2080,7,2.777124882,GFDL-ESM2G_8.5,8.5,N
2081,7,3.025743484,GFDL-ESM2G_8.5,8.5,N
2082,7,1.502479553,GFDL-ESM2G_8.5,8.5,N
2083,7,1.521094799,GFDL-ESM2G_8.5,8.5,N
2084,7,1.121153593,GFDL-ESM2G_8.5,8.5,N
2085,7,2.779870987,GFDL-ESM2G_8.5,8.5,N
2086,7,2.379947186,GFDL-ESM2G_8.5,8.5,N
2087,7,4.14295435,GFDL-ESM2G_8.5,8.5,N
2088,7,3.091882706,GFDL-ESM2G_8.5,8.5,N
2089,7,4.173963547,GFDL-ESM2G_8.5,8.5,N
2090,7,5.027061462,GFDL-ESM2G_8.5,8.5,N
2091,7,3.532312393,GFDL-ESM2G_8.5,8.5,N
2092,7,2.485353947,GFDL-ESM2G_8.5,8.5,N
2093,7,2.890649319,GFDL-ESM2G_8.5,8.5,N
2094,7,3.539698124,GFDL-ESM2G_8.5,8.5,N
2095,7,3.340301037,GFDL-ESM2G_8.5,8.5,N
2096,7,4.421265602,GFDL-ESM2G_8.5,8.5,N
2097,7,4.728567123,GFDL-ESM2G_8.5,8.5,N
2098,7,4.226092339,GFDL-ESM2G_8.5,8.5,N
2099,7,3.756515026,GFDL-ESM2G_8.5,8.5,N
2022,7,0.905823708,HADGEM2-ES_8.5,8.5,Y
2023,7,1.320812225,HADGEM2-ES_8.5,8.5,Y
2024,7,1.18129921,HADGEM2-ES_8.5,8.5,Y
2025,7,1.288033009,HADGEM2-ES_8.5,8.5,Y
2026,7,0.879714966,HADGEM2-ES_8.5,8.5,Y
2027,7,1.929459572,HADGEM2-ES_8.5,8.5,Y
2028,7,1.419331551,HADGEM2-ES_8.5,8.5,Y
2029,7,0.76676321,HADGEM2-ES_8.5,8.5,Y
2030,7,0.532972336,HADGEM2-ES_8.5,8.5,Y
2031,7,0.781724453,HADGEM2-ES_8.5,8.5,Y
2032,7,1.260103703,HADGEM2-ES_8.5,8.5,Y
2033,7,0.838128567,HADGEM2-ES_8.5,8.5,Y
2034,7,0.995572567,HADGEM2-ES_8.5,8.5,Y
2035,7,1.34664011,HADGEM2-ES_8.5,8.5,Y
2036,7,1.264165878,HADGEM2-ES_8.5,8.5,Y
2037,7,1.187046528,HADGEM2-ES_8.5,8.5,Y
2038,7,2.104412079,HADGEM2-ES_8.5,8.5,Y
2039,7,1.051594734,HADGEM2-ES_8.5,8.5,Y
2040,7,1.691513538,HADGEM2-ES_8.5,8.5,Y
2041,7,1.555550575,HADGEM2-ES_8.5,8.5,Y
2042,7,1.497529507,HADGEM2-ES_8.5,8.5,Y
2043,7,1.505086899,HADGEM2-ES_8.5,8.5,Y
2044,7,1.223963737,HADGEM2-ES_8.5,8.5,Y
2045,7,1.925568581,HADGEM2-ES_8.5,8.5,Y
2046,7,2.163449287,HADGEM2-ES_8.5,8.5,Y
2047,7,1.54264164,HADGEM2-ES_8.5,8.5,Y
2048,7,2.404497147,HADGEM2-ES_8.5,8.5,Y
2049,7,2.500896454,HADGEM2-ES_8.5,8.5,Y
2050,7,1.961392403,HADGEM2-ES_8.5,8.5,Y
2051,7,2.593297958,HADGEM2-ES_8.5,8.5,Y
2052,7,2.011221886,HADGEM2-ES_8.5,8.5,Y
2053,7,2.360632896,HADGEM2-ES_8.5,8.5,Y
2054,7,2.372035027,HADGEM2-ES_8.5,8.5,Y
2055,7,2.712708473,HADGEM2-ES_8.5,8.5,Y
2056,7,2.179916382,HADGEM2-ES_8.5,8.5,Y
2057,7,2.887660027,HADGEM2-ES_8.5,8.5,Y
2058,7,2.250484467,HADGEM2-ES_8.5,8.5,Y
2059,7,3.523053169,HADGEM2-ES_8.5,8.5,Y
2060,7,2.716921806,HADGEM2-ES_8.5,8.5,Y
2061,7,2.370546341,HADGEM2-ES_8.5,8.5,Y
2062,7,2.859740257,HADGEM2-ES_8.5,8.5,Y
2063,7,2.53366375,HADGEM2-ES_8.5,8.5,Y
2064,7,2.535284042,HADGEM2-ES_8.5,8.5,Y
2065,7,2.828780174,HADGEM2-ES_8.5,8.5,Y
2066,7,3.285502434,HADGEM2-ES_8.5,8.5,Y
2067,7,3.309407234,HADGEM2-ES_8.5,8.5,Y
2068,7,3.182033539,HADGEM2-ES_8.5,8.5,Y
2069,7,3.762605667,HADGEM2-ES_8.5,8.5,Y
2070,7,2.912167549,HADGEM2-ES_8.5,8.5,Y
2071,7,2.988951683,HADGEM2-ES_8.5,8.5,Y
2072,7,3.009752274,HADGEM2-ES_8.5,8.5,Y
2073,7,3.87131691,HADGEM2-ES_8.5,8.5,Y
2074,7,3.793446541,HADGEM2-ES_8.5,8.5,Y
2075,7,2.84738636,HADGEM2-ES_8.5,8.5,Y
2076,7,3.014992714,HADGEM2-ES_8.5,8.5,Y
2077,7,3.081596375,HADGEM2-ES_8.5,8.5,Y
2078,7,2.763577461,HADGEM2-ES_8.5,8.5,Y
2079,7,3.772054672,HADGEM2-ES_8.5,8.5,Y
2080,7,4.100782394,HADGEM2-ES_8.5,8.5,Y
2081,7,4.271473885,HADGEM2-ES_8.5,8.5,Y
2082,7,4.114624977,HADGEM2-ES_8.5,8.5,Y
2083,7,3.914735794,HADGEM2-ES_8.5,8.5,Y
2084,7,4.226258278,HADGEM2-ES_8.5,8.5,Y
2085,7,3.653887749,HADGEM2-ES_8.5,8.5,Y
2086,7,4.536546707,HADGEM2-ES_8.5,8.5,Y
2087,7,4.326719284,HADGEM2-ES_8.5,8.5,Y
2088,7,4.636958122,HADGEM2-ES_8.5,8.5,Y
2089,7,5.036826134,HADGEM2-ES_8.5,8.5,Y
2090,7,4.416285515,HADGEM2-ES_8.5,8.5,Y
2091,7,4.994040489,HADGEM2-ES_8.5,8.5,Y
2092,7,4.268847466,HADGEM2-ES_8.5,8.5,Y
2093,7,4.163949013,HADGEM2-ES_8.5,8.5,Y
2094,7,3.498317719,HADGEM2-ES_8.5,8.5,Y
2095,7,4.101868629,HADGEM2-ES_8.5,8.5,Y
2096,7,4.515419006,HADGEM2-ES_8.5,8.5,Y
2097,7,4.552672386,HADGEM2-ES_8.5,8.5,Y
2098,7,4.686803818,HADGEM2-ES_8.5,8.5,Y
2099,7,4.833198547,HADGEM2-ES_8.5,8.5,Y
2022,7,0.81208086,IPSL-CM5A-LR_8.5,8.5,N
2023,7,1.440057755,IPSL-CM5A-LR_8.5,8.5,N
2024,7,0.954493046,IPSL-CM5A-LR_8.5,8.5,N
2025,7,0.385848522,IPSL-CM5A-LR_8.5,8.5,N
2026,7,0.980171204,IPSL-CM5A-LR_8.5,8.5,N
2027,7,1.808286667,IPSL-CM5A-LR_8.5,8.5,N
2028,7,1.727388382,IPSL-CM5A-LR_8.5,8.5,N
2029,7,0.498336315,IPSL-CM5A-LR_8.5,8.5,N
2030,7,0.643311977,IPSL-CM5A-LR_8.5,8.5,N
2031,7,1.926687241,IPSL-CM5A-LR_8.5,8.5,N
2032,7,0.71868515,IPSL-CM5A-LR_8.5,8.5,N
2033,7,1.704896927,IPSL-CM5A-LR_8.5,8.5,N
2034,7,1.050383568,IPSL-CM5A-LR_8.5,8.5,N
2035,7,-0.120608807,IPSL-CM5A-LR_8.5,8.5,N
2036,7,0.333901405,IPSL-CM5A-LR_8.5,8.5,N
2037,7,1.470582008,IPSL-CM5A-LR_8.5,8.5,N
2038,7,1.026354313,IPSL-CM5A-LR_8.5,8.5,N
2039,7,1.068878651,IPSL-CM5A-LR_8.5,8.5,N
2040,7,0.120234013,IPSL-CM5A-LR_8.5,8.5,N
2041,7,1.410838127,IPSL-CM5A-LR_8.5,8.5,N
2042,7,0.229832172,IPSL-CM5A-LR_8.5,8.5,N
2043,7,-0.303818226,IPSL-CM5A-LR_8.5,8.5,N
2044,7,2.405525208,IPSL-CM5A-LR_8.5,8.5,N
2045,7,1.255097389,IPSL-CM5A-LR_8.5,8.5,N
2046,7,1.892313004,IPSL-CM5A-LR_8.5,8.5,N
2047,7,0.080372334,IPSL-CM5A-LR_8.5,8.5,N
2048,7,1.726291656,IPSL-CM5A-LR_8.5,8.5,N
2049,7,2.458972931,IPSL-CM5A-LR_8.5,8.5,N
2050,7,2.248693466,IPSL-CM5A-LR_8.5,8.5,N
2051,7,2.060807228,IPSL-CM5A-LR_8.5,8.5,N
2052,7,1.632556915,IPSL-CM5A-LR_8.5,8.5,N
2053,7,2.203601837,IPSL-CM5A-LR_8.5,8.5,N
2054,7,3.090353966,IPSL-CM5A-LR_8.5,8.5,N
2055,7,2.951745987,IPSL-CM5A-LR_8.5,8.5,N
2056,7,1.834301949,IPSL-CM5A-LR_8.5,8.5,N
2057,7,1.743545532,IPSL-CM5A-LR_8.5,8.5,N
2058,7,2.175124168,IPSL-CM5A-LR_8.5,8.5,N
2059,7,2.19546032,IPSL-CM5A-LR_8.5,8.5,N
2060,7,2.392199516,IPSL-CM5A-LR_8.5,8.5,N
2061,7,1.862228394,IPSL-CM5A-LR_8.5,8.5,N
2062,7,0.984737396,IPSL-CM5A-LR_8.5,8.5,N
2063,7,1.571270943,IPSL-CM5A-LR_8.5,8.5,N
2064,7,2.597799301,IPSL-CM5A-LR_8.5,8.5,N
2065,7,1.382352352,IPSL-CM5A-LR_8.5,8.5,N
2066,7,3.807723999,IPSL-CM5A-LR_8.5,8.5,N
2067,7,2.316231728,IPSL-CM5A-LR_8.5,8.5,N
2068,7,2.274041176,IPSL-CM5A-LR_8.5,8.5,N
2069,7,2.841236115,IPSL-CM5A-LR_8.5,8.5,N
2070,7,3.106361389,IPSL-CM5A-LR_8.5,8.5,N
2071,7,2.80510807,IPSL-CM5A-LR_8.5,8.5,N
2072,7,2.386629105,IPSL-CM5A-LR_8.5,8.5,N
2073,7,3.348039627,IPSL-CM5A-LR_8.5,8.5,N
2074,7,4.011689186,IPSL-CM5A-LR_8.5,8.5,N
2075,7,2.961491585,IPSL-CM5A-LR_8.5,8.5,N
2076,7,2.554906845,IPSL-CM5A-LR_8.5,8.5,N
2077,7,2.574458122,IPSL-CM5A-LR_8.5,8.5,N
2078,7,3.602640152,IPSL-CM5A-LR_8.5,8.5,N
2079,7,2.409453392,IPSL-CM5A-LR_8.5,8.5,N
2080,7,3.356648445,IPSL-CM5A-LR_8.5,8.5,N
2081,7,3.712276459,IPSL-CM5A-LR_8.5,8.5,N
2082,7,3.056297302,IPSL-CM5A-LR_8.5,8.5,N
2083,7,3.66517067,IPSL-CM5A-LR_8.5,8.5,N
2084,7,4.034393311,IPSL-CM5A-LR_8.5,8.5,N
2085,7,3.968784332,IPSL-CM5A-LR_8.5,8.5,N
2086,7,4.036612511,IPSL-CM5A-LR_8.5,8.5,N
2087,7,4.08255291,IPSL-CM5A-LR_8.5,8.5,N
2088,7,3.621809959,IPSL-CM5A-LR_8.5,8.5,N
2089,7,3.988035202,IPSL-CM5A-LR_8.5,8.5,N
2090,7,3.76308918,IPSL-CM5A-LR_8.5,8.5,N
2091,7,3.229519844,IPSL-CM5A-LR_8.5,8.5,N
2092,7,3.10593605,IPSL-CM5A-LR_8.5,8.5,N
2093,7,2.841955185,IPSL-CM5A-LR_8.5,8.5,N
2094,7,3.193616867,IPSL-CM5A-LR_8.5,8.5,N
2095,7,4.499341965,IPSL-CM5A-LR_8.5,8.5,N
2096,7,4.631250381,IPSL-CM5A-LR_8.5,8.5,N
2097,7,4.816074371,IPSL-CM5A-LR_8.5,8.5,N
2098,7,4.706809044,IPSL-CM5A-LR_8.5,8.5,N
2099,7,4.040685654,IPSL-CM5A-LR_8.5,8.5,N
2022,7,-0.051586151,IPSL-CM5A-MR_8.5,8.5,N
2023,7,0.165414333,IPSL-CM5A-MR_8.5,8.5,N
2024,7,1.180776119,IPSL-CM5A-MR_8.5,8.5,N
2025,7,1.204505444,IPSL-CM5A-MR_8.5,8.5,N
2026,7,1.301222801,IPSL-CM5A-MR_8.5,8.5,N
2027,7,0.432875633,IPSL-CM5A-MR_8.5,8.5,N
2028,7,-0.056994438,IPSL-CM5A-MR_8.5,8.5,N
2029,7,1.065868855,IPSL-CM5A-MR_8.5,8.5,N
2030,7,1.169762135,IPSL-CM5A-MR_8.5,8.5,N
2031,7,1.709280014,IPSL-CM5A-MR_8.5,8.5,N
2032,7,1.21992445,IPSL-CM5A-MR_8.5,8.5,N
2033,7,1.434343338,IPSL-CM5A-MR_8.5,8.5,N
2034,7,1.523266792,IPSL-CM5A-MR_8.5,8.5,N
2035,7,1.584617615,IPSL-CM5A-MR_8.5,8.5,N
2036,7,1.227934361,IPSL-CM5A-MR_8.5,8.5,N
2037,7,1.774710655,IPSL-CM5A-MR_8.5,8.5,N
2038,7,1.870321274,IPSL-CM5A-MR_8.5,8.5,N
2039,7,-0.157520294,IPSL-CM5A-MR_8.5,8.5,N
2040,7,0.848130703,IPSL-CM5A-MR_8.5,8.5,N
2041,7,-0.090662003,IPSL-CM5A-MR_8.5,8.5,N
2042,7,-0.122756958,IPSL-CM5A-MR_8.5,8.5,N
2043,7,1.835312843,IPSL-CM5A-MR_8.5,8.5,N
2044,7,1.396818161,IPSL-CM5A-MR_8.5,8.5,N
2045,7,1.333449841,IPSL-CM5A-MR_8.5,8.5,N
2046,7,1.159034729,IPSL-CM5A-MR_8.5,8.5,N
2047,7,2.7284832,IPSL-CM5A-MR_8.5,8.5,N
2048,7,2.722700119,IPSL-CM5A-MR_8.5,8.5,N
2049,7,1.628564835,IPSL-CM5A-MR_8.5,8.5,N
2050,7,0.8545084,IPSL-CM5A-MR_8.5,8.5,N
2051,7,2.055900574,IPSL-CM5A-MR_8.5,8.5,N
2052,7,2.041550636,IPSL-CM5A-MR_8.5,8.5,N
2053,7,1.870473862,IPSL-CM5A-MR_8.5,8.5,N
2054,7,1.71408844,IPSL-CM5A-MR_8.5,8.5,N
2055,7,0.111836433,IPSL-CM5A-MR_8.5,8.5,N
2056,7,1.726150513,IPSL-CM5A-MR_8.5,8.5,N
2057,7,1.579607964,IPSL-CM5A-MR_8.5,8.5,N
2058,7,2.447975159,IPSL-CM5A-MR_8.5,8.5,N
2059,7,2.776115417,IPSL-CM5A-MR_8.5,8.5,N
2060,7,2.358236313,IPSL-CM5A-MR_8.5,8.5,N
2061,7,2.908112526,IPSL-CM5A-MR_8.5,8.5,N
2062,7,2.866937637,IPSL-CM5A-MR_8.5,8.5,N
2063,7,0.570665836,IPSL-CM5A-MR_8.5,8.5,N
2064,7,2.165868759,IPSL-CM5A-MR_8.5,8.5,N
2065,7,3.202368736,IPSL-CM5A-MR_8.5,8.5,N
2066,7,2.220896721,IPSL-CM5A-MR_8.5,8.5,N
2067,7,2.875137329,IPSL-CM5A-MR_8.5,8.5,N
2068,7,2.551645279,IPSL-CM5A-MR_8.5,8.5,N
2069,7,2.880270004,IPSL-CM5A-MR_8.5,8.5,N
2070,7,2.687050819,IPSL-CM5A-MR_8.5,8.5,N
2071,7,1.648111343,IPSL-CM5A-MR_8.5,8.5,N
2072,7,2.683540344,IPSL-CM5A-MR_8.5,8.5,N
2073,7,2.966703415,IPSL-CM5A-MR_8.5,8.5,N
2074,7,2.815470695,IPSL-CM5A-MR_8.5,8.5,N
2075,7,3.00239563,IPSL-CM5A-MR_8.5,8.5,N
2076,7,3.039682388,IPSL-CM5A-MR_8.5,8.5,N
2077,7,2.938971519,IPSL-CM5A-MR_8.5,8.5,N
2078,7,2.930403709,IPSL-CM5A-MR_8.5,8.5,N
2079,7,3.574931145,IPSL-CM5A-MR_8.5,8.5,N
2080,7,3.678705215,IPSL-CM5A-MR_8.5,8.5,N
2081,7,3.880734444,IPSL-CM5A-MR_8.5,8.5,N
2082,7,3.08642292,IPSL-CM5A-MR_8.5,8.5,N
2083,7,3.211541176,IPSL-CM5A-MR_8.5,8.5,N
2084,7,2.483065605,IPSL-CM5A-MR_8.5,8.5,N
2085,7,1.324059963,IPSL-CM5A-MR_8.5,8.5,N
2086,7,3.351296425,IPSL-CM5A-MR_8.5,8.5,N
2087,7,3.384313583,IPSL-CM5A-MR_8.5,8.5,N
2088,7,2.772651672,IPSL-CM5A-MR_8.5,8.5,N
2089,7,3.362732887,IPSL-CM5A-MR_8.5,8.5,N
2090,7,2.446965218,IPSL-CM5A-MR_8.5,8.5,N
2091,7,3.143485069,IPSL-CM5A-MR_8.5,8.5,N
2092,7,2.818321228,IPSL-CM5A-MR_8.5,8.5,N
2093,7,2.838870049,IPSL-CM5A-MR_8.5,8.5,N
2094,7,3.095979691,IPSL-CM5A-MR_8.5,8.5,N
2095,7,4.046127319,IPSL-CM5A-MR_8.5,8.5,N
2096,7,3.790493965,IPSL-CM5A-MR_8.5,8.5,N
2097,7,4.022792816,IPSL-CM5A-MR_8.5,8.5,N
2098,7,3.228446007,IPSL-CM5A-MR_8.5,8.5,N
2099,7,3.742908478,IPSL-CM5A-MR_8.5,8.5,N
2022,7,0.237802505,MIROC5_8.5,8.5,Y
2023,7,-0.156574249,MIROC5_8.5,8.5,Y
2024,7,0.329884529,MIROC5_8.5,8.5,Y
2025,7,1.289944649,MIROC5_8.5,8.5,Y
2026,7,0.535990715,MIROC5_8.5,8.5,Y
2027,7,-0.027161598,MIROC5_8.5,8.5,Y
2028,7,0.720419884,MIROC5_8.5,8.5,Y
2029,7,1.567943573,MIROC5_8.5,8.5,Y
2030,7,1.082564354,MIROC5_8.5,8.5,Y
2031,7,-0.081665993,MIROC5_8.5,8.5,Y
2032,7,-0.727495193,MIROC5_8.5,8.5,Y
2033,7,0.265926361,MIROC5_8.5,8.5,Y
2034,7,0.847165108,MIROC5_8.5,8.5,Y
2035,7,1.070205688,MIROC5_8.5,8.5,Y
2036,7,0.355049133,MIROC5_8.5,8.5,Y
2037,7,0.014169693,MIROC5_8.5,8.5,Y
2038,7,1.43499279,MIROC5_8.5,8.5,Y
2039,7,1.032093048,MIROC5_8.5,8.5,Y
2040,7,0.639307022,MIROC5_8.5,8.5,Y
2041,7,0.994876862,MIROC5_8.5,8.5,Y
2042,7,0.763047218,MIROC5_8.5,8.5,Y
2043,7,1.372778893,MIROC5_8.5,8.5,Y
2044,7,1.79548645,MIROC5_8.5,8.5,Y
2045,7,0.235625267,MIROC5_8.5,8.5,Y
2046,7,0.101570129,MIROC5_8.5,8.5,Y
2047,7,1.682355881,MIROC5_8.5,8.5,Y
2048,7,0.952831268,MIROC5_8.5,8.5,Y
2049,7,1.18238163,MIROC5_8.5,8.5,Y
2050,7,-0.313944817,MIROC5_8.5,8.5,Y
2051,7,-1.001241207,MIROC5_8.5,8.5,Y
2052,7,0.260670662,MIROC5_8.5,8.5,Y
2053,7,1.664542198,MIROC5_8.5,8.5,Y
2054,7,2.558806419,MIROC5_8.5,8.5,Y
2055,7,2.661905289,MIROC5_8.5,8.5,Y
2056,7,0.870510101,MIROC5_8.5,8.5,Y
2057,7,-0.015040398,MIROC5_8.5,8.5,Y
2058,7,0.60665226,MIROC5_8.5,8.5,Y
2059,7,0.692504883,MIROC5_8.5,8.5,Y
2060,7,2.105932236,MIROC5_8.5,8.5,Y
2061,7,1.152127266,MIROC5_8.5,8.5,Y
2062,7,0.372392654,MIROC5_8.5,8.5,Y
2063,7,0.732110977,MIROC5_8.5,8.5,Y
2064,7,0.853553772,MIROC5_8.5,8.5,Y
2065,7,2.252547264,MIROC5_8.5,8.5,Y
2066,7,1.537272453,MIROC5_8.5,8.5,Y
2067,7,2.138781548,MIROC5_8.5,8.5,Y
2068,7,1.393222809,MIROC5_8.5,8.5,Y
2069,7,1.06016922,MIROC5_8.5,8.5,Y
2070,7,0.714978218,MIROC5_8.5,8.5,Y
2071,7,0.85953331,MIROC5_8.5,8.5,Y
2072,7,2.495724678,MIROC5_8.5,8.5,Y
2073,7,2.302096367,MIROC5_8.5,8.5,Y
2074,7,1.560513496,MIROC5_8.5,8.5,Y
2075,7,1.606666565,MIROC5_8.5,8.5,Y
2076,7,3.002051353,MIROC5_8.5,8.5,Y
2077,7,2.251915932,MIROC5_8.5,8.5,Y
2078,7,2.335109711,MIROC5_8.5,8.5,Y
2079,7,1.201033592,MIROC5_8.5,8.5,Y
2080,7,0.284118652,MIROC5_8.5,8.5,Y
2081,7,1.353754997,MIROC5_8.5,8.5,Y
2082,7,2.819919586,MIROC5_8.5,8.5,Y
2083,7,2.765613556,MIROC5_8.5,8.5,Y
2084,7,1.513504028,MIROC5_8.5,8.5,Y
2085,7,1.932229996,MIROC5_8.5,8.5,Y
2086,7,2.34924221,MIROC5_8.5,8.5,Y
2087,7,3.28830719,MIROC5_8.5,8.5,Y
2088,7,2.922225952,MIROC5_8.5,8.5,Y
2089,7,2.087110519,MIROC5_8.5,8.5,Y
2090,7,2.996496201,MIROC5_8.5,8.5,Y
2091,7,2.999750137,MIROC5_8.5,8.5,Y
2092,7,3.11835289,MIROC5_8.5,8.5,Y
2093,7,2.0004282,MIROC5_8.5,8.5,Y
2094,7,1.249919891,MIROC5_8.5,8.5,Y
2095,7,1.845065117,MIROC5_8.5,8.5,Y
2096,7,2.808319092,MIROC5_8.5,8.5,Y
2097,7,2.727881432,MIROC5_8.5,8.5,Y
2098,7,3.016641617,MIROC5_8.5,8.5,Y
2099,7,2.321600914,MIROC5_8.5,8.5,Y
2022,7,0.626150131,MIROC-ESM_8.5,8.5,Y
2023,7,0.708880424,MIROC-ESM_8.5,8.5,Y
2024,7,0.392126083,MIROC-ESM_8.5,8.5,Y
2025,7,0.909928322,MIROC-ESM_8.5,8.5,Y
2026,7,0.137408257,MIROC-ESM_8.5,8.5,Y
2027,7,0.676013947,MIROC-ESM_8.5,8.5,Y
2028,7,1.262677193,MIROC-ESM_8.5,8.5,Y
2029,7,0.783676147,MIROC-ESM_8.5,8.5,Y
2030,7,1.210838318,MIROC-ESM_8.5,8.5,Y
2031,7,0.85923481,MIROC-ESM_8.5,8.5,Y
2032,7,0.111291885,MIROC-ESM_8.5,8.5,Y
2033,7,1.385615349,MIROC-ESM_8.5,8.5,Y
2034,7,1.521863937,MIROC-ESM_8.5,8.5,Y
2035,7,1.141460419,MIROC-ESM_8.5,8.5,Y
2036,7,1.452142715,MIROC-ESM_8.5,8.5,Y
2037,7,0.947262764,MIROC-ESM_8.5,8.5,Y
2038,7,0.75854969,MIROC-ESM_8.5,8.5,Y
2039,7,1.715624809,MIROC-ESM_8.5,8.5,Y
2040,7,2.156602859,MIROC-ESM_8.5,8.5,Y
2041,7,0.934319496,MIROC-ESM_8.5,8.5,Y
2042,7,0.843109131,MIROC-ESM_8.5,8.5,Y
2043,7,0.762003899,MIROC-ESM_8.5,8.5,Y
2044,7,1.403179169,MIROC-ESM_8.5,8.5,Y
2045,7,1.113711357,MIROC-ESM_8.5,8.5,Y
2046,7,1.946186066,MIROC-ESM_8.5,8.5,Y
2047,7,2.550533295,MIROC-ESM_8.5,8.5,Y
2048,7,1.139206886,MIROC-ESM_8.5,8.5,Y
2049,7,1.069452286,MIROC-ESM_8.5,8.5,Y
2050,7,0.807338715,MIROC-ESM_8.5,8.5,Y
2051,7,1.582364082,MIROC-ESM_8.5,8.5,Y
2052,7,1.138717651,MIROC-ESM_8.5,8.5,Y
2053,7,1.346970558,MIROC-ESM_8.5,8.5,Y
2054,7,1.622612953,MIROC-ESM_8.5,8.5,Y
2055,7,1.193985939,MIROC-ESM_8.5,8.5,Y
2056,7,2.002826691,MIROC-ESM_8.5,8.5,Y
2057,7,1.515034676,MIROC-ESM_8.5,8.5,Y
2058,7,2.228157997,MIROC-ESM_8.5,8.5,Y
2059,7,1.968472481,MIROC-ESM_8.5,8.5,Y
2060,7,1.925951004,MIROC-ESM_8.5,8.5,Y
2061,7,1.262647629,MIROC-ESM_8.5,8.5,Y
2062,7,1.113217354,MIROC-ESM_8.5,8.5,Y
2063,7,1.999415398,MIROC-ESM_8.5,8.5,Y
2064,7,1.500296593,MIROC-ESM_8.5,8.5,Y
2065,7,2.685184479,MIROC-ESM_8.5,8.5,Y
2066,7,2.259762764,MIROC-ESM_8.5,8.5,Y
2067,7,1.898314476,MIROC-ESM_8.5,8.5,Y
2068,7,2.673376083,MIROC-ESM_8.5,8.5,Y
2069,7,2.83979702,MIROC-ESM_8.5,8.5,Y
2070,7,3.591691017,MIROC-ESM_8.5,8.5,Y
2071,7,2.539693832,MIROC-ESM_8.5,8.5,Y
2072,7,2.535101891,MIROC-ESM_8.5,8.5,Y
2073,7,2.935770035,MIROC-ESM_8.5,8.5,Y
2074,7,2.81372261,MIROC-ESM_8.5,8.5,Y
2075,7,2.052542686,MIROC-ESM_8.5,8.5,Y
2076,7,2.118994713,MIROC-ESM_8.5,8.5,Y
2077,7,2.137981415,MIROC-ESM_8.5,8.5,Y
2078,7,2.346213341,MIROC-ESM_8.5,8.5,Y
2079,7,2.158111572,MIROC-ESM_8.5,8.5,Y
2080,7,3.071393013,MIROC-ESM_8.5,8.5,Y
2081,7,3.607018471,MIROC-ESM_8.5,8.5,Y
2082,7,3.772745132,MIROC-ESM_8.5,8.5,Y
2083,7,2.872042656,MIROC-ESM_8.5,8.5,Y
2084,7,2.446188927,MIROC-ESM_8.5,8.5,Y
2085,7,3.079760551,MIROC-ESM_8.5,8.5,Y
2086,7,2.782797813,MIROC-ESM_8.5,8.5,Y
2087,7,2.51556778,MIROC-ESM_8.5,8.5,Y
2088,7,3.541245461,MIROC-ESM_8.5,8.5,Y
2089,7,2.90328598,MIROC-ESM_8.5,8.5,Y
2090,7,2.82134819,MIROC-ESM_8.5,8.5,Y
2091,7,3.257471085,MIROC-ESM_8.5,8.5,Y
2092,7,3.324829102,MIROC-ESM_8.5,8.5,Y
2093,7,2.67133522,MIROC-ESM_8.5,8.5,Y
2094,7,3.665082932,MIROC-ESM_8.5,8.5,Y
2095,7,2.753371239,MIROC-ESM_8.5,8.5,Y
2096,7,3.307385445,MIROC-ESM_8.5,8.5,Y
2097,7,3.002459526,MIROC-ESM_8.5,8.5,Y
2098,7,4.265977859,MIROC-ESM_8.5,8.5,Y
2099,7,3.62534523,MIROC-ESM_8.5,8.5,Y
2022,7,1.599568844,MPI-ESM-LR_8.5,8.5,Y
2023,7,0.831770897,MPI-ESM-LR_8.5,8.5,Y
2024,7,0.375471115,MPI-ESM-LR_8.5,8.5,Y
2025,7,-0.948412895,MPI-ESM-LR_8.5,8.5,Y
2026,7,0.47114563,MPI-ESM-LR_8.5,8.5,Y
2027,7,1.269132614,MPI-ESM-LR_8.5,8.5,Y
2028,7,0.418013096,MPI-ESM-LR_8.5,8.5,Y
2029,7,0.907052517,MPI-ESM-LR_8.5,8.5,Y
2030,7,-0.245570183,MPI-ESM-LR_8.5,8.5,Y
2031,7,0.007383823,MPI-ESM-LR_8.5,8.5,Y
2032,7,-0.247855425,MPI-ESM-LR_8.5,8.5,Y
2033,7,0.702864647,MPI-ESM-LR_8.5,8.5,Y
2034,7,2.087039948,MPI-ESM-LR_8.5,8.5,Y
2035,7,1.600349426,MPI-ESM-LR_8.5,8.5,Y
2036,7,0.292020798,MPI-ESM-LR_8.5,8.5,Y
2037,7,-0.229295015,MPI-ESM-LR_8.5,8.5,Y
2038,7,-0.367245436,MPI-ESM-LR_8.5,8.5,Y
2039,7,2.161933422,MPI-ESM-LR_8.5,8.5,Y
2040,7,1.660004616,MPI-ESM-LR_8.5,8.5,Y
2041,7,1.229130745,MPI-ESM-LR_8.5,8.5,Y
2042,7,0.265505791,MPI-ESM-LR_8.5,8.5,Y
2043,7,1.885488033,MPI-ESM-LR_8.5,8.5,Y
2044,7,1.690501213,MPI-ESM-LR_8.5,8.5,Y
2045,7,1.631633282,MPI-ESM-LR_8.5,8.5,Y
2046,7,1.070599556,MPI-ESM-LR_8.5,8.5,Y
2047,7,1.295289516,MPI-ESM-LR_8.5,8.5,Y
2048,7,1.700746536,MPI-ESM-LR_8.5,8.5,Y
2049,7,1.256679535,MPI-ESM-LR_8.5,8.5,Y
2050,7,1.27306366,MPI-ESM-LR_8.5,8.5,Y
2051,7,0.538841248,MPI-ESM-LR_8.5,8.5,Y
2052,7,2.345201492,MPI-ESM-LR_8.5,8.5,Y
2053,7,2.186800957,MPI-ESM-LR_8.5,8.5,Y
2054,7,1.520194054,MPI-ESM-LR_8.5,8.5,Y
2055,7,1.535799503,MPI-ESM-LR_8.5,8.5,Y
2056,7,2.354794979,MPI-ESM-LR_8.5,8.5,Y
2057,7,1.559517384,MPI-ESM-LR_8.5,8.5,Y
2058,7,1.470476151,MPI-ESM-LR_8.5,8.5,Y
2059,7,1.335848808,MPI-ESM-LR_8.5,8.5,Y
2060,7,2.327111721,MPI-ESM-LR_8.5,8.5,Y
2061,7,1.463012695,MPI-ESM-LR_8.5,8.5,Y
2062,7,1.364910603,MPI-ESM-LR_8.5,8.5,Y
2063,7,2.077441216,MPI-ESM-LR_8.5,8.5,Y
2064,7,2.087195873,MPI-ESM-LR_8.5,8.5,Y
2065,7,1.886968136,MPI-ESM-LR_8.5,8.5,Y
2066,7,1.230164051,MPI-ESM-LR_8.5,8.5,Y
2067,7,1.622238159,MPI-ESM-LR_8.5,8.5,Y
2068,7,2.6913867,MPI-ESM-LR_8.5,8.5,Y
2069,7,4.242420673,MPI-ESM-LR_8.5,8.5,Y
2070,7,3.096157551,MPI-ESM-LR_8.5,8.5,Y
2071,7,3.886146069,MPI-ESM-LR_8.5,8.5,Y
2072,7,1.54520607,MPI-ESM-LR_8.5,8.5,Y
2073,7,2.064723015,MPI-ESM-LR_8.5,8.5,Y
2074,7,2.69230175,MPI-ESM-LR_8.5,8.5,Y
2075,7,3.802384377,MPI-ESM-LR_8.5,8.5,Y
2076,7,3.422584534,MPI-ESM-LR_8.5,8.5,Y
2077,7,3.643038273,MPI-ESM-LR_8.5,8.5,Y
2078,7,4.057790279,MPI-ESM-LR_8.5,8.5,Y
2079,7,2.881241322,MPI-ESM-LR_8.5,8.5,Y
2080,7,2.77350235,MPI-ESM-LR_8.5,8.5,Y
2081,7,2.338205814,MPI-ESM-LR_8.5,8.5,Y
2082,7,2.343365192,MPI-ESM-LR_8.5,8.5,Y
2083,7,3.260572433,MPI-ESM-LR_8.5,8.5,Y
2084,7,4.341189861,MPI-ESM-LR_8.5,8.5,Y
2085,7,2.115857124,MPI-ESM-LR_8.5,8.5,Y
2086,7,1.353735447,MPI-ESM-LR_8.5,8.5,Y
2087,7,4.237761021,MPI-ESM-LR_8.5,8.5,Y
2088,7,4.413728237,MPI-ESM-LR_8.5,8.5,Y
2089,7,3.236998081,MPI-ESM-LR_8.5,8.5,Y
2090,7,2.868479252,MPI-ESM-LR_8.5,8.5,Y
2091,7,3.890848637,MPI-ESM-LR_8.5,8.5,Y
2092,7,3.532945633,MPI-ESM-LR_8.5,8.5,Y
2093,7,3.967983723,MPI-ESM-LR_8.5,8.5,Y
2094,7,4.590977192,MPI-ESM-LR_8.5,8.5,Y
2095,7,4.155864239,MPI-ESM-LR_8.5,8.5,Y
2096,7,3.193700314,MPI-ESM-LR_8.5,8.5,Y
2097,7,3.666429043,MPI-ESM-LR_8.5,8.5,Y
2098,7,3.253574848,MPI-ESM-LR_8.5,8.5,Y
2099,7,2.88254261,MPI-ESM-LR_8.5,8.5,Y
2022,7,0.934168339,MPI-ESM-MR_8.5,8.5,Y
2023,7,0.639742374,MPI-ESM-MR_8.5,8.5,Y
2024,7,0.675710201,MPI-ESM-MR_8.5,8.5,Y
2025,7,0.771922112,MPI-ESM-MR_8.5,8.5,Y
2026,7,-0.597656965,MPI-ESM-MR_8.5,8.5,Y
2027,7,1.359779358,MPI-ESM-MR_8.5,8.5,Y
2028,7,1.104402542,MPI-ESM-MR_8.5,8.5,Y
2029,7,2.556246281,MPI-ESM-MR_8.5,8.5,Y
2030,7,3.186324596,MPI-ESM-MR_8.5,8.5,Y
2031,7,-0.042760611,MPI-ESM-MR_8.5,8.5,Y
2032,7,-0.111061335,MPI-ESM-MR_8.5,8.5,Y
2033,7,1.030878544,MPI-ESM-MR_8.5,8.5,Y
2034,7,-0.767132998,MPI-ESM-MR_8.5,8.5,Y
2035,7,0.549334049,MPI-ESM-MR_8.5,8.5,Y
2036,7,-0.928529978,MPI-ESM-MR_8.5,8.5,Y
2037,7,1.532988548,MPI-ESM-MR_8.5,8.5,Y
2038,7,0.262235641,MPI-ESM-MR_8.5,8.5,Y
2039,7,0.213412762,MPI-ESM-MR_8.5,8.5,Y
2040,7,0.644943237,MPI-ESM-MR_8.5,8.5,Y
2041,7,1.403237343,MPI-ESM-MR_8.5,8.5,Y
2042,7,0.656675339,MPI-ESM-MR_8.5,8.5,Y
2043,7,0.916965008,MPI-ESM-MR_8.5,8.5,Y
2044,7,1.447455883,MPI-ESM-MR_8.5,8.5,Y
2045,7,2.129166126,MPI-ESM-MR_8.5,8.5,Y
2046,7,2.164486885,MPI-ESM-MR_8.5,8.5,Y
2047,7,2.206682682,MPI-ESM-MR_8.5,8.5,Y
2048,7,1.191500187,MPI-ESM-MR_8.5,8.5,Y
2049,7,1.908706188,MPI-ESM-MR_8.5,8.5,Y
2050,7,2.655887127,MPI-ESM-MR_8.5,8.5,Y
2051,7,0.518457413,MPI-ESM-MR_8.5,8.5,Y
2052,7,0.753700256,MPI-ESM-MR_8.5,8.5,Y
2053,7,1.670250416,MPI-ESM-MR_8.5,8.5,Y
2054,7,3.407420158,MPI-ESM-MR_8.5,8.5,Y
2055,7,2.994984627,MPI-ESM-MR_8.5,8.5,Y
2056,7,2.45354414,MPI-ESM-MR_8.5,8.5,Y
2057,7,2.04226923,MPI-ESM-MR_8.5,8.5,Y
2058,7,3.324717999,MPI-ESM-MR_8.5,8.5,Y
2059,7,3.227910995,MPI-ESM-MR_8.5,8.5,Y
2060,7,2.785229683,MPI-ESM-MR_8.5,8.5,Y
2061,7,1.221888542,MPI-ESM-MR_8.5,8.5,Y
2062,7,1.346930981,MPI-ESM-MR_8.5,8.5,Y
2063,7,2.821042538,MPI-ESM-MR_8.5,8.5,Y
2064,7,3.367594242,MPI-ESM-MR_8.5,8.5,Y
2065,7,2.33449316,MPI-ESM-MR_8.5,8.5,Y
2066,7,1.484697342,MPI-ESM-MR_8.5,8.5,Y
2067,7,2.889561176,MPI-ESM-MR_8.5,8.5,Y
2068,7,2.074065685,MPI-ESM-MR_8.5,8.5,Y
2069,7,2.77741766,MPI-ESM-MR_8.5,8.5,Y
2070,7,1.033266544,MPI-ESM-MR_8.5,8.5,Y
2071,7,3.126615047,MPI-ESM-MR_8.5,8.5,Y
2072,7,1.399416924,MPI-ESM-MR_8.5,8.5,Y
2073,7,2.252900124,MPI-ESM-MR_8.5,8.5,Y
2074,7,2.547339916,MPI-ESM-MR_8.5,8.5,Y
2075,7,2.193170071,MPI-ESM-MR_8.5,8.5,Y
2076,7,1.657438755,MPI-ESM-MR_8.5,8.5,Y
2077,7,2.13244772,MPI-ESM-MR_8.5,8.5,Y
2078,7,3.805071831,MPI-ESM-MR_8.5,8.5,Y
2079,7,3.946344852,MPI-ESM-MR_8.5,8.5,Y
2080,7,1.784277439,MPI-ESM-MR_8.5,8.5,Y
2081,7,1.440283298,MPI-ESM-MR_8.5,8.5,Y
2082,7,3.583417892,MPI-ESM-MR_8.5,8.5,Y
2083,7,2.489339352,MPI-ESM-MR_8.5,8.5,Y
2084,7,1.595200062,MPI-ESM-MR_8.5,8.5,Y
2085,7,2.110908031,MPI-ESM-MR_8.5,8.5,Y
2086,7,2.944436073,MPI-ESM-MR_8.5,8.5,Y
2087,7,3.884873867,MPI-ESM-MR_8.5,8.5,Y
2088,7,3.365116596,MPI-ESM-MR_8.5,8.5,Y
2089,7,2.609884262,MPI-ESM-MR_8.5,8.5,Y
2090,7,3.091012478,MPI-ESM-MR_8.5,8.5,Y
2091,7,3.701178551,MPI-ESM-MR_8.5,8.5,Y
2092,7,3.484280109,MPI-ESM-MR_8.5,8.5,Y
2093,7,4.264687061,MPI-ESM-MR_8.5,8.5,Y
2094,7,2.638795376,MPI-ESM-MR_8.5,8.5,Y
2095,7,2.384250164,MPI-ESM-MR_8.5,8.5,Y
2096,7,3.505521774,MPI-ESM-MR_8.5,8.5,Y
2097,7,4.197689533,MPI-ESM-MR_8.5,8.5,Y
2098,7,4.366465092,MPI-ESM-MR_8.5,8.5,Y
2099,7,3.31815815,MPI-ESM-MR_8.5,8.5,Y
2022,7,0.519078255,NORESM1-ME_8.5,8.5,N
2023,7,-0.128872871,NORESM1-ME_8.5,8.5,N
2024,7,0.505058765,NORESM1-ME_8.5,8.5,N
2025,7,0.061761856,NORESM1-ME_8.5,8.5,N
2026,7,0.805265903,NORESM1-ME_8.5,8.5,N
2027,7,0.839366436,NORESM1-ME_8.5,8.5,N
2028,7,-0.863656044,NORESM1-ME_8.5,8.5,N
2029,7,0.883403301,NORESM1-ME_8.5,8.5,N
2030,7,-0.177138805,NORESM1-ME_8.5,8.5,N
2031,7,0.717545986,NORESM1-ME_8.5,8.5,N
2032,7,0.07899332,NORESM1-ME_8.5,8.5,N
2033,7,0.175225735,NORESM1-ME_8.5,8.5,N
2034,7,2.271362782,NORESM1-ME_8.5,8.5,N
2035,7,1.829907417,NORESM1-ME_8.5,8.5,N
2036,7,1.341789246,NORESM1-ME_8.5,8.5,N
2037,7,0.286532402,NORESM1-ME_8.5,8.5,N
2038,7,0.519694805,NORESM1-ME_8.5,8.5,N
2039,7,0.097422123,NORESM1-ME_8.5,8.5,N
2040,7,0.088414669,NORESM1-ME_8.5,8.5,N
2041,7,-0.393466473,NORESM1-ME_8.5,8.5,N
2042,7,0.217743397,NORESM1-ME_8.5,8.5,N
2043,7,-0.525385857,NORESM1-ME_8.5,8.5,N
2044,7,0.481039524,NORESM1-ME_8.5,8.5,N
2045,7,0.612419128,NORESM1-ME_8.5,8.5,N
2046,7,0.346217155,NORESM1-ME_8.5,8.5,N
2047,7,0.019884586,NORESM1-ME_8.5,8.5,N
2048,7,1.384134769,NORESM1-ME_8.5,8.5,N
2049,7,0.059684753,NORESM1-ME_8.5,8.5,N
2050,7,0.4522295,NORESM1-ME_8.5,8.5,N
2051,7,0.685918331,NORESM1-ME_8.5,8.5,N
2052,7,0.610024929,NORESM1-ME_8.5,8.5,N
2053,7,0.299359322,NORESM1-ME_8.5,8.5,N
2054,7,1.139379501,NORESM1-ME_8.5,8.5,N
2055,7,0.29145813,NORESM1-ME_8.5,8.5,N
2056,7,0.877830505,NORESM1-ME_8.5,8.5,N
2057,7,1.380496502,NORESM1-ME_8.5,8.5,N
2058,7,2.108262539,NORESM1-ME_8.5,8.5,N
2059,7,2.982050419,NORESM1-ME_8.5,8.5,N
2060,7,1.281844616,NORESM1-ME_8.5,8.5,N
2061,7,0.530683517,NORESM1-ME_8.5,8.5,N
2062,7,1.875785351,NORESM1-ME_8.5,8.5,N
2063,7,1.542788506,NORESM1-ME_8.5,8.5,N
2064,7,1.662159443,NORESM1-ME_8.5,8.5,N
2065,7,1.220612526,NORESM1-ME_8.5,8.5,N
2066,7,0.950156212,NORESM1-ME_8.5,8.5,N
2067,7,1.357530117,NORESM1-ME_8.5,8.5,N
2068,7,0.99216795,NORESM1-ME_8.5,8.5,N
2069,7,2.796112537,NORESM1-ME_8.5,8.5,N
2070,7,1.813550949,NORESM1-ME_8.5,8.5,N
2071,7,1.231649399,NORESM1-ME_8.5,8.5,N
2072,7,1.056832314,NORESM1-ME_8.5,8.5,N
2073,7,1.390073299,NORESM1-ME_8.5,8.5,N
2074,7,3.130053997,NORESM1-ME_8.5,8.5,N
2075,7,1.858575344,NORESM1-ME_8.5,8.5,N
2076,7,2.130970478,NORESM1-ME_8.5,8.5,N
2077,7,3.106764317,NORESM1-ME_8.5,8.5,N
2078,7,2.641543865,NORESM1-ME_8.5,8.5,N
2079,7,1.817335129,NORESM1-ME_8.5,8.5,N
2080,7,2.962581158,NORESM1-ME_8.5,8.5,N
2081,7,1.822406292,NORESM1-ME_8.5,8.5,N
2082,7,1.790505409,NORESM1-ME_8.5,8.5,N
2083,7,3.095825672,NORESM1-ME_8.5,8.5,N
2084,7,2.757384777,NORESM1-ME_8.5,8.5,N
2085,7,3.337434292,NORESM1-ME_8.5,8.5,N
2086,7,3.627586842,NORESM1-ME_8.5,8.5,N
2087,7,2.193286419,NORESM1-ME_8.5,8.5,N
2088,7,1.884419918,NORESM1-ME_8.5,8.5,N
2089,7,2.340322018,NORESM1-ME_8.5,8.5,N
2090,7,2.742364407,NORESM1-ME_8.5,8.5,N
2091,7,2.131272793,NORESM1-ME_8.5,8.5,N
2092,7,2.066761494,NORESM1-ME_8.5,8.5,N
2093,7,2.680924892,NORESM1-ME_8.5,8.5,N
2094,7,2.636767864,NORESM1-ME_8.5,8.5,N
2095,7,2.087049961,NORESM1-ME_8.5,8.5,N
2096,7,2.98217535,NORESM1-ME_8.5,8.5,N
2097,7,2.368784428,NORESM1-ME_8.5,8.5,N
2098,7,2.472739697,NORESM1-ME_8.5,8.5,N
2099,7,3.548522472,NORESM1-ME_8.5,8.5,N
