YEAR,INDEX,TEMP,MODEL,SERIES,USED
2022,1,1.467329979,HADGEM2-AO_2.6,2.6,Y
2023,1,2.021543503,HADGEM2-AO_2.6,2.6,Y
2024,1,1.918634415,HADGEM2-AO_2.6,2.6,Y
2025,1,1.606221199,HADGEM2-AO_2.6,2.6,Y
2026,1,1.427066803,HADGEM2-AO_2.6,2.6,Y
2027,1,1.090112686,HADGEM2-AO_2.6,2.6,Y
2028,1,1.279813766,HADGEM2-AO_2.6,2.6,Y
2029,1,1.938212395,HADGEM2-AO_2.6,2.6,Y
2030,1,1.383419037,HADGEM2-AO_2.6,2.6,Y
2031,1,-0.585600853,HADGEM2-AO_2.6,2.6,Y
2032,1,0.450561523,HADGEM2-AO_2.6,2.6,Y
2033,1,0.692342758,HADGEM2-AO_2.6,2.6,Y
2034,1,0.016815186,HADGEM2-AO_2.6,2.6,Y
2035,1,0.487137794,HADGEM2-AO_2.6,2.6,Y
2036,1,0.537695885,HADGEM2-AO_2.6,2.6,Y
2037,1,1.979586601,HADGEM2-AO_2.6,2.6,Y
2038,1,0.667527199,HADGEM2-AO_2.6,2.6,Y
2039,1,1.616761208,HADGEM2-AO_2.6,2.6,Y
2040,1,2.047660828,HADGEM2-AO_2.6,2.6,Y
2041,1,1.820619583,HADGEM2-AO_2.6,2.6,Y
2042,1,1.232115746,HADGEM2-AO_2.6,2.6,Y
2043,1,1.070385933,HADGEM2-AO_2.6,2.6,Y
2044,1,1.292457581,HADGEM2-AO_2.6,2.6,Y
2045,1,0.528302193,HADGEM2-AO_2.6,2.6,Y
2046,1,2.692625046,HADGEM2-AO_2.6,2.6,Y
2047,1,1.190534592,HADGEM2-AO_2.6,2.6,Y
2048,1,1.21706295,HADGEM2-AO_2.6,2.6,Y
2049,1,1.434461594,HADGEM2-AO_2.6,2.6,Y
2050,1,2.171035767,HADGEM2-AO_2.6,2.6,Y
2051,1,1.733204842,HADGEM2-AO_2.6,2.6,Y
2052,1,0.629946709,HADGEM2-AO_2.6,2.6,Y
2053,1,1.356519699,HADGEM2-AO_2.6,2.6,Y
2054,1,1.812933922,HADGEM2-AO_2.6,2.6,Y
2055,1,1.936987877,HADGEM2-AO_2.6,2.6,Y
2056,1,1.336987495,HADGEM2-AO_2.6,2.6,Y
2057,1,2.874998093,HADGEM2-AO_2.6,2.6,Y
2058,1,2.909785271,HADGEM2-AO_2.6,2.6,Y
2059,1,1.740339279,HADGEM2-AO_2.6,2.6,Y
2060,1,1.644156456,HADGEM2-AO_2.6,2.6,Y
2061,1,1.443873405,HADGEM2-AO_2.6,2.6,Y
2062,1,0.385663033,HADGEM2-AO_2.6,2.6,Y
2063,1,0.985344887,HADGEM2-AO_2.6,2.6,Y
2064,1,1.283887863,HADGEM2-AO_2.6,2.6,Y
2065,1,1.026220322,HADGEM2-AO_2.6,2.6,Y
2066,1,1.5772295,HADGEM2-AO_2.6,2.6,Y
2067,1,1.127090454,HADGEM2-AO_2.6,2.6,Y
2068,1,1.903337479,HADGEM2-AO_2.6,2.6,Y
2069,1,-0.125530243,HADGEM2-AO_2.6,2.6,Y
2070,1,1.615672112,HADGEM2-AO_2.6,2.6,Y
2071,1,2.18655777,HADGEM2-AO_2.6,2.6,Y
2072,1,1.538858414,HADGEM2-AO_2.6,2.6,Y
2073,1,2.151293755,HADGEM2-AO_2.6,2.6,Y
2074,1,1.147499084,HADGEM2-AO_2.6,2.6,Y
2075,1,1.037602425,HADGEM2-AO_2.6,2.6,Y
2076,1,1.092285156,HADGEM2-AO_2.6,2.6,Y
2077,1,0.73960495,HADGEM2-AO_2.6,2.6,Y
2078,1,1.199667931,HADGEM2-AO_2.6,2.6,Y
2079,1,0.503722191,HADGEM2-AO_2.6,2.6,Y
2080,1,0.948165894,HADGEM2-AO_2.6,2.6,Y
2081,1,1.917830467,HADGEM2-AO_2.6,2.6,Y
2082,1,1.127169609,HADGEM2-AO_2.6,2.6,Y
2083,1,1.586105347,HADGEM2-AO_2.6,2.6,Y
2084,1,0.987646103,HADGEM2-AO_2.6,2.6,Y
2085,1,1.347801208,HADGEM2-AO_2.6,2.6,Y
2086,1,1.472467422,HADGEM2-AO_2.6,2.6,Y
2087,1,1.282187462,HADGEM2-AO_2.6,2.6,Y
2088,1,0.928901672,HADGEM2-AO_2.6,2.6,Y
2089,1,1.826910019,HADGEM2-AO_2.6,2.6,Y
2090,1,2.396854401,HADGEM2-AO_2.6,2.6,Y
2091,1,2.715270996,HADGEM2-AO_2.6,2.6,Y
2092,1,1.185838699,HADGEM2-AO_2.6,2.6,Y
2093,1,1.826981544,HADGEM2-AO_2.6,2.6,Y
2094,1,3.41597271,HADGEM2-AO_2.6,2.6,Y
2095,1,1.938630104,HADGEM2-AO_2.6,2.6,Y
2096,1,1.671757698,HADGEM2-AO_2.6,2.6,Y
2097,1,1.60743618,HADGEM2-AO_2.6,2.6,Y
2098,1,2.272336006,HADGEM2-AO_2.6,2.6,Y
2099,1,1.800549507,HADGEM2-AO_2.6,2.6,Y
2022,1,0.523109436,MIROC5_2.6,2.6,Y
2023,1,0.694888115,MIROC5_2.6,2.6,Y
2024,1,-0.362890244,MIROC5_2.6,2.6,Y
2025,1,-1.019429207,MIROC5_2.6,2.6,Y
2026,1,0.700613976,MIROC5_2.6,2.6,Y
2027,1,1.067684174,MIROC5_2.6,2.6,Y
2028,1,2.067918777,MIROC5_2.6,2.6,Y
2029,1,1.446519852,MIROC5_2.6,2.6,Y
2030,1,-0.750627518,MIROC5_2.6,2.6,Y
2031,1,-1.329679489,MIROC5_2.6,2.6,Y
2032,1,-0.16744709,MIROC5_2.6,2.6,Y
2033,1,0.260371208,MIROC5_2.6,2.6,Y
2034,1,0.329849243,MIROC5_2.6,2.6,Y
2035,1,0.855363846,MIROC5_2.6,2.6,Y
2036,1,1.010613441,MIROC5_2.6,2.6,Y
2037,1,0.832838058,MIROC5_2.6,2.6,Y
2038,1,0.980314255,MIROC5_2.6,2.6,Y
2039,1,0.166139603,MIROC5_2.6,2.6,Y
2040,1,0.617706299,MIROC5_2.6,2.6,Y
2041,1,2.271046638,MIROC5_2.6,2.6,Y
2042,1,0.951488495,MIROC5_2.6,2.6,Y
2043,1,-0.086129189,MIROC5_2.6,2.6,Y
2044,1,-0.146306992,MIROC5_2.6,2.6,Y
2045,1,1.401037216,MIROC5_2.6,2.6,Y
2046,1,1.180422783,MIROC5_2.6,2.6,Y
2047,1,1.943623543,MIROC5_2.6,2.6,Y
2048,1,1.578954697,MIROC5_2.6,2.6,Y
2049,1,-0.375448227,MIROC5_2.6,2.6,Y
2050,1,0.184837341,MIROC5_2.6,2.6,Y
2051,1,-0.098474503,MIROC5_2.6,2.6,Y
2052,1,2.275963783,MIROC5_2.6,2.6,Y
2053,1,2.632050514,MIROC5_2.6,2.6,Y
2054,1,2.077170372,MIROC5_2.6,2.6,Y
2055,1,1.511644363,MIROC5_2.6,2.6,Y
2056,1,1.580287933,MIROC5_2.6,2.6,Y
2057,1,1.128619194,MIROC5_2.6,2.6,Y
2058,1,0.615931511,MIROC5_2.6,2.6,Y
2059,1,1.241036415,MIROC5_2.6,2.6,Y
2060,1,0.880722046,MIROC5_2.6,2.6,Y
2061,1,0.406716347,MIROC5_2.6,2.6,Y
2062,1,0.335541725,MIROC5_2.6,2.6,Y
2063,1,0.278059959,MIROC5_2.6,2.6,Y
2064,1,-0.402781487,MIROC5_2.6,2.6,Y
2065,1,0.630315781,MIROC5_2.6,2.6,Y
2066,1,1.333843231,MIROC5_2.6,2.6,Y
2067,1,1.042725563,MIROC5_2.6,2.6,Y
2068,1,-0.00227356,MIROC5_2.6,2.6,Y
2069,1,0.132130623,MIROC5_2.6,2.6,Y
2070,1,0.824018478,MIROC5_2.6,2.6,Y
2071,1,0.92419529,MIROC5_2.6,2.6,Y
2072,1,1.069752693,MIROC5_2.6,2.6,Y
2073,1,0.950169563,MIROC5_2.6,2.6,Y
2074,1,2.029918671,MIROC5_2.6,2.6,Y
2075,1,1.20111084,MIROC5_2.6,2.6,Y
2076,1,2.397191048,MIROC5_2.6,2.6,Y
2077,1,0.809604645,MIROC5_2.6,2.6,Y
2078,1,0.399927139,MIROC5_2.6,2.6,Y
2079,1,0.965869904,MIROC5_2.6,2.6,Y
2080,1,0.901170731,MIROC5_2.6,2.6,Y
2081,1,0.907588005,MIROC5_2.6,2.6,Y
2082,1,1.278401375,MIROC5_2.6,2.6,Y
2083,1,1.800461769,MIROC5_2.6,2.6,Y
2084,1,1.645814896,MIROC5_2.6,2.6,Y
2085,1,0.965488434,MIROC5_2.6,2.6,Y
2086,1,1.406543732,MIROC5_2.6,2.6,Y
2087,1,0.986077309,MIROC5_2.6,2.6,Y
2088,1,1.475142479,MIROC5_2.6,2.6,Y
2089,1,1.837475777,MIROC5_2.6,2.6,Y
2090,1,0.851818085,MIROC5_2.6,2.6,Y
2091,1,0.008385658,MIROC5_2.6,2.6,Y
2092,1,1.846436501,MIROC5_2.6,2.6,Y
2093,1,1.332098007,MIROC5_2.6,2.6,Y
2094,1,0.929558754,MIROC5_2.6,2.6,Y
2095,1,1.416217804,MIROC5_2.6,2.6,Y
2096,1,0.824025154,MIROC5_2.6,2.6,Y
2097,1,0.89187336,MIROC5_2.6,2.6,Y
2098,1,1.574755669,MIROC5_2.6,2.6,Y
2099,1,1.262797356,MIROC5_2.6,2.6,Y
2022,1,-0.12553978,MIROC-ESM_2.6,2.6,Y
2023,1,1.453555107,MIROC-ESM_2.6,2.6,Y
2024,1,1.761573792,MIROC-ESM_2.6,2.6,Y
2025,1,0.991482735,MIROC-ESM_2.6,2.6,Y
2026,1,2.3673563,MIROC-ESM_2.6,2.6,Y
2027,1,0.367210388,MIROC-ESM_2.6,2.6,Y
2028,1,1.49612236,MIROC-ESM_2.6,2.6,Y
2029,1,1.770516396,MIROC-ESM_2.6,2.6,Y
2030,1,1.581983566,MIROC-ESM_2.6,2.6,Y
2031,1,1.820588112,MIROC-ESM_2.6,2.6,Y
2032,1,0.74714756,MIROC-ESM_2.6,2.6,Y
2033,1,2.80739975,MIROC-ESM_2.6,2.6,Y
2034,1,1.700561523,MIROC-ESM_2.6,2.6,Y
2035,1,2.655608177,MIROC-ESM_2.6,2.6,Y
2036,1,1.694465637,MIROC-ESM_2.6,2.6,Y
2037,1,1.072172165,MIROC-ESM_2.6,2.6,Y
2038,1,1.329076767,MIROC-ESM_2.6,2.6,Y
2039,1,0.843207359,MIROC-ESM_2.6,2.6,Y
2040,1,2.460220337,MIROC-ESM_2.6,2.6,Y
2041,1,1.065678596,MIROC-ESM_2.6,2.6,Y
2042,1,1.442975998,MIROC-ESM_2.6,2.6,Y
2043,1,3.77306366,MIROC-ESM_2.6,2.6,Y
2044,1,2.418016434,MIROC-ESM_2.6,2.6,Y
2045,1,1.943907738,MIROC-ESM_2.6,2.6,Y
2046,1,2.19260788,MIROC-ESM_2.6,2.6,Y
2047,1,2.356811523,MIROC-ESM_2.6,2.6,Y
2048,1,1.413795471,MIROC-ESM_2.6,2.6,Y
2049,1,2.325137138,MIROC-ESM_2.6,2.6,Y
2050,1,2.034790993,MIROC-ESM_2.6,2.6,Y
2051,1,2.022598267,MIROC-ESM_2.6,2.6,Y
2052,1,1.837471008,MIROC-ESM_2.6,2.6,Y
2053,1,0.853685379,MIROC-ESM_2.6,2.6,Y
2054,1,1.242586136,MIROC-ESM_2.6,2.6,Y
2055,1,3.188056946,MIROC-ESM_2.6,2.6,Y
2056,1,0.787045479,MIROC-ESM_2.6,2.6,Y
2057,1,2.783226013,MIROC-ESM_2.6,2.6,Y
2058,1,1.705510139,MIROC-ESM_2.6,2.6,Y
2059,1,2.726626396,MIROC-ESM_2.6,2.6,Y
2060,1,1.40969944,MIROC-ESM_2.6,2.6,Y
2061,1,1.176346779,MIROC-ESM_2.6,2.6,Y
2062,1,2.469346046,MIROC-ESM_2.6,2.6,Y
2063,1,1.542690277,MIROC-ESM_2.6,2.6,Y
2064,1,2.228831291,MIROC-ESM_2.6,2.6,Y
2065,1,1.110656738,MIROC-ESM_2.6,2.6,Y
2066,1,1.542227745,MIROC-ESM_2.6,2.6,Y
2067,1,1.890052795,MIROC-ESM_2.6,2.6,Y
2068,1,2.293151855,MIROC-ESM_2.6,2.6,Y
2069,1,3.139340401,MIROC-ESM_2.6,2.6,Y
2070,1,1.032059669,MIROC-ESM_2.6,2.6,Y
2071,1,3.374450684,MIROC-ESM_2.6,2.6,Y
2072,1,1.56887722,MIROC-ESM_2.6,2.6,Y
2073,1,0.724066734,MIROC-ESM_2.6,2.6,Y
2074,1,2.080463409,MIROC-ESM_2.6,2.6,Y
2075,1,3.275622368,MIROC-ESM_2.6,2.6,Y
2076,1,2.846915245,MIROC-ESM_2.6,2.6,Y
2077,1,2.861420631,MIROC-ESM_2.6,2.6,Y
2078,1,2.161895752,MIROC-ESM_2.6,2.6,Y
2079,1,1.87693882,MIROC-ESM_2.6,2.6,Y
2080,1,2.208754539,MIROC-ESM_2.6,2.6,Y
2081,1,2.125372887,MIROC-ESM_2.6,2.6,Y
2082,1,2.0238657,MIROC-ESM_2.6,2.6,Y
2083,1,1.464691162,MIROC-ESM_2.6,2.6,Y
2084,1,2.227657318,MIROC-ESM_2.6,2.6,Y
2085,1,2.848118782,MIROC-ESM_2.6,2.6,Y
2086,1,0.972080231,MIROC-ESM_2.6,2.6,Y
2087,1,2.001973152,MIROC-ESM_2.6,2.6,Y
2088,1,2.998274803,MIROC-ESM_2.6,2.6,Y
2089,1,3.630475998,MIROC-ESM_2.6,2.6,Y
2090,1,2.187286377,MIROC-ESM_2.6,2.6,Y
2091,1,2.948598862,MIROC-ESM_2.6,2.6,Y
2092,1,2.726863861,MIROC-ESM_2.6,2.6,Y
2093,1,2.178418159,MIROC-ESM_2.6,2.6,Y
2094,1,2.243789673,MIROC-ESM_2.6,2.6,Y
2095,1,2.337200165,MIROC-ESM_2.6,2.6,Y
2096,1,2.120280266,MIROC-ESM_2.6,2.6,Y
2097,1,1.960835457,MIROC-ESM_2.6,2.6,Y
2098,1,2.875213623,MIROC-ESM_2.6,2.6,Y
2099,1,2.993442535,MIROC-ESM_2.6,2.6,Y
2022,1,0.968559265,MPI-ESM-LR_2.6,2.6,Y
2023,1,0.161225319,MPI-ESM-LR_2.6,2.6,Y
2024,1,0.25435257,MPI-ESM-LR_2.6,2.6,Y
2025,1,0.521951675,MPI-ESM-LR_2.6,2.6,Y
2026,1,1.031925201,MPI-ESM-LR_2.6,2.6,Y
2027,1,1.001554489,MPI-ESM-LR_2.6,2.6,Y
2028,1,1.812458992,MPI-ESM-LR_2.6,2.6,Y
2029,1,0.571559906,MPI-ESM-LR_2.6,2.6,Y
2030,1,1.509221077,MPI-ESM-LR_2.6,2.6,Y
2031,1,1.585068703,MPI-ESM-LR_2.6,2.6,Y
2032,1,1.018618584,MPI-ESM-LR_2.6,2.6,Y
2033,1,0.755544662,MPI-ESM-LR_2.6,2.6,Y
2034,1,0.4611063,MPI-ESM-LR_2.6,2.6,Y
2035,1,1.525426865,MPI-ESM-LR_2.6,2.6,Y
2036,1,0.656493187,MPI-ESM-LR_2.6,2.6,Y
2037,1,1.480135918,MPI-ESM-LR_2.6,2.6,Y
2038,1,2.533473015,MPI-ESM-LR_2.6,2.6,Y
2039,1,1.424681664,MPI-ESM-LR_2.6,2.6,Y
2040,1,0.449163437,MPI-ESM-LR_2.6,2.6,Y
2041,1,0.392146111,MPI-ESM-LR_2.6,2.6,Y
2042,1,0.570242882,MPI-ESM-LR_2.6,2.6,Y
2043,1,2.043426514,MPI-ESM-LR_2.6,2.6,Y
2044,1,3.565607071,MPI-ESM-LR_2.6,2.6,Y
2045,1,1.292780876,MPI-ESM-LR_2.6,2.6,Y
2046,1,2.545021057,MPI-ESM-LR_2.6,2.6,Y
2047,1,1.466663361,MPI-ESM-LR_2.6,2.6,Y
2048,1,0.622513771,MPI-ESM-LR_2.6,2.6,Y
2049,1,1.128325462,MPI-ESM-LR_2.6,2.6,Y
2050,1,0.771497726,MPI-ESM-LR_2.6,2.6,Y
2051,1,1.183962822,MPI-ESM-LR_2.6,2.6,Y
2052,1,2.307310104,MPI-ESM-LR_2.6,2.6,Y
2053,1,2.056656837,MPI-ESM-LR_2.6,2.6,Y
2054,1,0.954576492,MPI-ESM-LR_2.6,2.6,Y
2055,1,0.992098808,MPI-ESM-LR_2.6,2.6,Y
2056,1,1.474211693,MPI-ESM-LR_2.6,2.6,Y
2057,1,0.321047783,MPI-ESM-LR_2.6,2.6,Y
2058,1,-0.625555038,MPI-ESM-LR_2.6,2.6,Y
2059,1,0.140205383,MPI-ESM-LR_2.6,2.6,Y
2060,1,1.229841232,MPI-ESM-LR_2.6,2.6,Y
2061,1,2.043290138,MPI-ESM-LR_2.6,2.6,Y
2062,1,1.991785049,MPI-ESM-LR_2.6,2.6,Y
2063,1,3.329586983,MPI-ESM-LR_2.6,2.6,Y
2064,1,1.999196053,MPI-ESM-LR_2.6,2.6,Y
2065,1,1.4061203,MPI-ESM-LR_2.6,2.6,Y
2066,1,1.367308617,MPI-ESM-LR_2.6,2.6,Y
2067,1,4.36911869,MPI-ESM-LR_2.6,2.6,Y
2068,1,2.074669838,MPI-ESM-LR_2.6,2.6,Y
2069,1,0.728962898,MPI-ESM-LR_2.6,2.6,Y
2070,1,0.608913422,MPI-ESM-LR_2.6,2.6,Y
2071,1,0.828826904,MPI-ESM-LR_2.6,2.6,Y
2072,1,1.090138435,MPI-ESM-LR_2.6,2.6,Y
2073,1,1.23591423,MPI-ESM-LR_2.6,2.6,Y
2074,1,1.306079865,MPI-ESM-LR_2.6,2.6,Y
2075,1,1.195361137,MPI-ESM-LR_2.6,2.6,Y
2076,1,0.902536392,MPI-ESM-LR_2.6,2.6,Y
2077,1,1.648077965,MPI-ESM-LR_2.6,2.6,Y
2078,1,0.997493744,MPI-ESM-LR_2.6,2.6,Y
2079,1,1.438209534,MPI-ESM-LR_2.6,2.6,Y
2080,1,1.69652462,MPI-ESM-LR_2.6,2.6,Y
2081,1,1.692734718,MPI-ESM-LR_2.6,2.6,Y
2082,1,0.622704506,MPI-ESM-LR_2.6,2.6,Y
2083,1,0.955866814,MPI-ESM-LR_2.6,2.6,Y
2084,1,1.058022499,MPI-ESM-LR_2.6,2.6,Y
2085,1,1.896284103,MPI-ESM-LR_2.6,2.6,Y
2086,1,2.372076035,MPI-ESM-LR_2.6,2.6,Y
2087,1,1.359054565,MPI-ESM-LR_2.6,2.6,Y
2088,1,0.995393753,MPI-ESM-LR_2.6,2.6,Y
2089,1,0.895380974,MPI-ESM-LR_2.6,2.6,Y
2090,1,0.481829643,MPI-ESM-LR_2.6,2.6,Y
2091,1,2.33659935,MPI-ESM-LR_2.6,2.6,Y
2092,1,2.110283852,MPI-ESM-LR_2.6,2.6,Y
2093,1,0.330627441,MPI-ESM-LR_2.6,2.6,Y
2094,1,0.757478714,MPI-ESM-LR_2.6,2.6,Y
2095,1,1.097392082,MPI-ESM-LR_2.6,2.6,Y
2096,1,-0.208077431,MPI-ESM-LR_2.6,2.6,Y
2097,1,1.514740944,MPI-ESM-LR_2.6,2.6,Y
2098,1,1.542293549,MPI-ESM-LR_2.6,2.6,Y
2099,1,0.590466499,MPI-ESM-LR_2.6,2.6,Y
2022,1,0.718121529,MPI-ESM-MR_2.6,2.6,Y
2023,1,1.254187584,MPI-ESM-MR_2.6,2.6,Y
2024,1,0.748622894,MPI-ESM-MR_2.6,2.6,Y
2025,1,0.881073952,MPI-ESM-MR_2.6,2.6,Y
2026,1,0.737979889,MPI-ESM-MR_2.6,2.6,Y
2027,1,1.653887749,MPI-ESM-MR_2.6,2.6,Y
2028,1,0.374546051,MPI-ESM-MR_2.6,2.6,Y
2029,1,0.233496666,MPI-ESM-MR_2.6,2.6,Y
2030,1,0.484431267,MPI-ESM-MR_2.6,2.6,Y
2031,1,0.890847206,MPI-ESM-MR_2.6,2.6,Y
2032,1,0.777634621,MPI-ESM-MR_2.6,2.6,Y
2033,1,0.658133507,MPI-ESM-MR_2.6,2.6,Y
2034,1,0.431694984,MPI-ESM-MR_2.6,2.6,Y
2035,1,-0.090313911,MPI-ESM-MR_2.6,2.6,Y
2036,1,1.940544128,MPI-ESM-MR_2.6,2.6,Y
2037,1,1.239508629,MPI-ESM-MR_2.6,2.6,Y
2038,1,1.852984428,MPI-ESM-MR_2.6,2.6,Y
2039,1,2.104335785,MPI-ESM-MR_2.6,2.6,Y
2040,1,0.724059105,MPI-ESM-MR_2.6,2.6,Y
2041,1,0.357086182,MPI-ESM-MR_2.6,2.6,Y
2042,1,0.814509392,MPI-ESM-MR_2.6,2.6,Y
2043,1,3.261362076,MPI-ESM-MR_2.6,2.6,Y
2044,1,1.913622856,MPI-ESM-MR_2.6,2.6,Y
2045,1,2.75592041,MPI-ESM-MR_2.6,2.6,Y
2046,1,2.714417458,MPI-ESM-MR_2.6,2.6,Y
2047,1,1.493245125,MPI-ESM-MR_2.6,2.6,Y
2048,1,0.739478111,MPI-ESM-MR_2.6,2.6,Y
2049,1,1.55827713,MPI-ESM-MR_2.6,2.6,Y
2050,1,0.017162323,MPI-ESM-MR_2.6,2.6,Y
2051,1,0.946781158,MPI-ESM-MR_2.6,2.6,Y
2052,1,1.243816376,MPI-ESM-MR_2.6,2.6,Y
2053,1,0.87560463,MPI-ESM-MR_2.6,2.6,Y
2054,1,0.592699051,MPI-ESM-MR_2.6,2.6,Y
2055,1,1.451968193,MPI-ESM-MR_2.6,2.6,Y
2056,1,0.871117592,MPI-ESM-MR_2.6,2.6,Y
2057,1,1.223488808,MPI-ESM-MR_2.6,2.6,Y
2058,1,2.327480316,MPI-ESM-MR_2.6,2.6,Y
2059,1,1.648560524,MPI-ESM-MR_2.6,2.6,Y
2060,1,1.836507797,MPI-ESM-MR_2.6,2.6,Y
2061,1,1.570013046,MPI-ESM-MR_2.6,2.6,Y
2062,1,1.072241783,MPI-ESM-MR_2.6,2.6,Y
2063,1,0.853111267,MPI-ESM-MR_2.6,2.6,Y
2064,1,0.259800911,MPI-ESM-MR_2.6,2.6,Y
2065,1,1.942873955,MPI-ESM-MR_2.6,2.6,Y
2066,1,1.022802353,MPI-ESM-MR_2.6,2.6,Y
2067,1,0.275094986,MPI-ESM-MR_2.6,2.6,Y
2068,1,0.719103813,MPI-ESM-MR_2.6,2.6,Y
2069,1,0.897767067,MPI-ESM-MR_2.6,2.6,Y
2070,1,1.034358025,MPI-ESM-MR_2.6,2.6,Y
2071,1,1.02123642,MPI-ESM-MR_2.6,2.6,Y
2072,1,0.093791008,MPI-ESM-MR_2.6,2.6,Y
2073,1,-0.21476841,MPI-ESM-MR_2.6,2.6,Y
2074,1,1.619653702,MPI-ESM-MR_2.6,2.6,Y
2075,1,1.997268677,MPI-ESM-MR_2.6,2.6,Y
2076,1,2.559026718,MPI-ESM-MR_2.6,2.6,Y
2077,1,2.514472961,MPI-ESM-MR_2.6,2.6,Y
2078,1,2.657752991,MPI-ESM-MR_2.6,2.6,Y
2079,1,2.738166809,MPI-ESM-MR_2.6,2.6,Y
2080,1,2.221261978,MPI-ESM-MR_2.6,2.6,Y
2081,1,1.52102375,MPI-ESM-MR_2.6,2.6,Y
2082,1,1.852613449,MPI-ESM-MR_2.6,2.6,Y
2083,1,0.874644279,MPI-ESM-MR_2.6,2.6,Y
2084,1,2.474255562,MPI-ESM-MR_2.6,2.6,Y
2085,1,1.180244446,MPI-ESM-MR_2.6,2.6,Y
2086,1,1.21632576,MPI-ESM-MR_2.6,2.6,Y
2087,1,1.834374428,MPI-ESM-MR_2.6,2.6,Y
2088,1,2.897372246,MPI-ESM-MR_2.6,2.6,Y
2089,1,1.789196014,MPI-ESM-MR_2.6,2.6,Y
2090,1,2.19265461,MPI-ESM-MR_2.6,2.6,Y
2091,1,1.650748253,MPI-ESM-MR_2.6,2.6,Y
2092,1,0.84493351,MPI-ESM-MR_2.6,2.6,Y
2093,1,2.532361031,MPI-ESM-MR_2.6,2.6,Y
2094,1,1.89564991,MPI-ESM-MR_2.6,2.6,Y
2095,1,1.095378876,MPI-ESM-MR_2.6,2.6,Y
2096,1,0.928635597,MPI-ESM-MR_2.6,2.6,Y
2097,1,0.213658333,MPI-ESM-MR_2.6,2.6,Y
2098,1,1.283244133,MPI-ESM-MR_2.6,2.6,Y
2099,1,1.105710983,MPI-ESM-MR_2.6,2.6,Y
2022,1,-0.20584774,CESM1-CAM5_4.5,4.5,N
2023,1,-1.048822403,CESM1-CAM5_4.5,4.5,N
2024,1,0.833949089,CESM1-CAM5_4.5,4.5,N
2025,1,0.779395103,CESM1-CAM5_4.5,4.5,N
2026,1,-0.848217964,CESM1-CAM5_4.5,4.5,N
2027,1,-0.305419922,CESM1-CAM5_4.5,4.5,N
2028,1,0.093221664,CESM1-CAM5_4.5,4.5,N
2029,1,1.01175499,CESM1-CAM5_4.5,4.5,N
2030,1,0.641328812,CESM1-CAM5_4.5,4.5,N
2031,1,0.794247627,CESM1-CAM5_4.5,4.5,N
2032,1,0.500835419,CESM1-CAM5_4.5,4.5,N
2033,1,1.423212051,CESM1-CAM5_4.5,4.5,N
2034,1,0.938332558,CESM1-CAM5_4.5,4.5,N
2035,1,0.822917938,CESM1-CAM5_4.5,4.5,N
2036,1,0.471209526,CESM1-CAM5_4.5,4.5,N
2037,1,1.008400917,CESM1-CAM5_4.5,4.5,N
2038,1,1.606941223,CESM1-CAM5_4.5,4.5,N
2039,1,0.189315796,CESM1-CAM5_4.5,4.5,N
2040,1,1.604998589,CESM1-CAM5_4.5,4.5,N
2041,1,0.343885422,CESM1-CAM5_4.5,4.5,N
2042,1,-0.833382607,CESM1-CAM5_4.5,4.5,N
2043,1,0.494727135,CESM1-CAM5_4.5,4.5,N
2044,1,1.423786163,CESM1-CAM5_4.5,4.5,N
2045,1,0.245518684,CESM1-CAM5_4.5,4.5,N
2046,1,0.888494492,CESM1-CAM5_4.5,4.5,N
2047,1,0.257399559,CESM1-CAM5_4.5,4.5,N
2048,1,0.289747238,CESM1-CAM5_4.5,4.5,N
2049,1,0.111028671,CESM1-CAM5_4.5,4.5,N
2050,1,2.484740257,CESM1-CAM5_4.5,4.5,N
2051,1,1.752749443,CESM1-CAM5_4.5,4.5,N
2052,1,1.647558212,CESM1-CAM5_4.5,4.5,N
2053,1,1.201855659,CESM1-CAM5_4.5,4.5,N
2054,1,3.189334869,CESM1-CAM5_4.5,4.5,N
2055,1,2.55010128,CESM1-CAM5_4.5,4.5,N
2056,1,1.711641312,CESM1-CAM5_4.5,4.5,N
2057,1,1.400331497,CESM1-CAM5_4.5,4.5,N
2058,1,2.027395248,CESM1-CAM5_4.5,4.5,N
2059,1,2.285106659,CESM1-CAM5_4.5,4.5,N
2060,1,2.133468628,CESM1-CAM5_4.5,4.5,N
2061,1,0.970259666,CESM1-CAM5_4.5,4.5,N
2062,1,0.451093674,CESM1-CAM5_4.5,4.5,N
2063,1,0.229537964,CESM1-CAM5_4.5,4.5,N
2064,1,2.599164009,CESM1-CAM5_4.5,4.5,N
2065,1,1.293349266,CESM1-CAM5_4.5,4.5,N
2066,1,2.379845619,CESM1-CAM5_4.5,4.5,N
2067,1,3.284603119,CESM1-CAM5_4.5,4.5,N
2068,1,2.88073349,CESM1-CAM5_4.5,4.5,N
2069,1,2.496401787,CESM1-CAM5_4.5,4.5,N
2070,1,1.989042282,CESM1-CAM5_4.5,4.5,N
2071,1,0.072564125,CESM1-CAM5_4.5,4.5,N
2072,1,1.744818687,CESM1-CAM5_4.5,4.5,N
2073,1,2.846793175,CESM1-CAM5_4.5,4.5,N
2074,1,1.697964668,CESM1-CAM5_4.5,4.5,N
2075,1,2.125216484,CESM1-CAM5_4.5,4.5,N
2076,1,2.650695801,CESM1-CAM5_4.5,4.5,N
2077,1,1.837650299,CESM1-CAM5_4.5,4.5,N
2078,1,0.874952316,CESM1-CAM5_4.5,4.5,N
2079,1,1.155207634,CESM1-CAM5_4.5,4.5,N
2080,1,1.001254082,CESM1-CAM5_4.5,4.5,N
2081,1,1.847842216,CESM1-CAM5_4.5,4.5,N
2082,1,2.872667313,CESM1-CAM5_4.5,4.5,N
2083,1,1.088356972,CESM1-CAM5_4.5,4.5,N
2084,1,1.431342125,CESM1-CAM5_4.5,4.5,N
2085,1,3.253149986,CESM1-CAM5_4.5,4.5,N
2086,1,2.689691544,CESM1-CAM5_4.5,4.5,N
2087,1,2.222690582,CESM1-CAM5_4.5,4.5,N
2088,1,2.912230492,CESM1-CAM5_4.5,4.5,N
2089,1,3.20608139,CESM1-CAM5_4.5,4.5,N
2090,1,3.318528175,CESM1-CAM5_4.5,4.5,N
2091,1,1.547071457,CESM1-CAM5_4.5,4.5,N
2092,1,1.704756737,CESM1-CAM5_4.5,4.5,N
2093,1,3.330932617,CESM1-CAM5_4.5,4.5,N
2094,1,1.556544304,CESM1-CAM5_4.5,4.5,N
2095,1,2.594237328,CESM1-CAM5_4.5,4.5,N
2096,1,2.792432785,CESM1-CAM5_4.5,4.5,N
2097,1,1.800310135,CESM1-CAM5_4.5,4.5,N
2098,1,1.994557381,CESM1-CAM5_4.5,4.5,N
2099,1,1.814574242,CESM1-CAM5_4.5,4.5,N
2022,1,1.891013145,CMCC-CM_4.5,4.5,N
2023,1,0.933574677,CMCC-CM_4.5,4.5,N
2024,1,0.975049973,CMCC-CM_4.5,4.5,N
2025,1,0.105146408,CMCC-CM_4.5,4.5,N
2026,1,0.409694672,CMCC-CM_4.5,4.5,N
2027,1,-0.207850456,CMCC-CM_4.5,4.5,N
2028,1,0.684186935,CMCC-CM_4.5,4.5,N
2029,1,-0.440979004,CMCC-CM_4.5,4.5,N
2030,1,0.122114182,CMCC-CM_4.5,4.5,N
2031,1,0.035115242,CMCC-CM_4.5,4.5,N
2032,1,-0.733484268,CMCC-CM_4.5,4.5,N
2033,1,-0.170653343,CMCC-CM_4.5,4.5,N
2034,1,0.45643425,CMCC-CM_4.5,4.5,N
2035,1,1.314871788,CMCC-CM_4.5,4.5,N
2036,1,0.411016464,CMCC-CM_4.5,4.5,N
2037,1,0.082549095,CMCC-CM_4.5,4.5,N
2038,1,0.752182961,CMCC-CM_4.5,4.5,N
2039,1,0.891207695,CMCC-CM_4.5,4.5,N
2040,1,0.937880516,CMCC-CM_4.5,4.5,N
2041,1,0.473356247,CMCC-CM_4.5,4.5,N
2042,1,1.265616417,CMCC-CM_4.5,4.5,N
2043,1,0.415008545,CMCC-CM_4.5,4.5,N
2044,1,1.316604614,CMCC-CM_4.5,4.5,N
2045,1,0.914458275,CMCC-CM_4.5,4.5,N
2046,1,0.429148674,CMCC-CM_4.5,4.5,N
2047,1,0.457408905,CMCC-CM_4.5,4.5,N
2048,1,1.895230293,CMCC-CM_4.5,4.5,N
2049,1,1.506211281,CMCC-CM_4.5,4.5,N
2050,1,-0.291189194,CMCC-CM_4.5,4.5,N
2051,1,-0.3720541,CMCC-CM_4.5,4.5,N
2052,1,0.850004196,CMCC-CM_4.5,4.5,N
2053,1,0.916969299,CMCC-CM_4.5,4.5,N
2054,1,1.015600204,CMCC-CM_4.5,4.5,N
2055,1,1.459784508,CMCC-CM_4.5,4.5,N
2056,1,-0.145373344,CMCC-CM_4.5,4.5,N
2057,1,0.985586166,CMCC-CM_4.5,4.5,N
2058,1,0.976448059,CMCC-CM_4.5,4.5,N
2059,1,2.122379303,CMCC-CM_4.5,4.5,N
2060,1,1.441897392,CMCC-CM_4.5,4.5,N
2061,1,1.098611832,CMCC-CM_4.5,4.5,N
2062,1,1.890148163,CMCC-CM_4.5,4.5,N
2063,1,1.435965538,CMCC-CM_4.5,4.5,N
2064,1,1.9498806,CMCC-CM_4.5,4.5,N
2065,1,0.65263176,CMCC-CM_4.5,4.5,N
2066,1,0.129808426,CMCC-CM_4.5,4.5,N
2067,1,0.8907547,CMCC-CM_4.5,4.5,N
2068,1,0.884446144,CMCC-CM_4.5,4.5,N
2069,1,1.585213661,CMCC-CM_4.5,4.5,N
2070,1,0.93571949,CMCC-CM_4.5,4.5,N
2071,1,2.237851143,CMCC-CM_4.5,4.5,N
2072,1,1.774205208,CMCC-CM_4.5,4.5,N
2073,1,1.659276962,CMCC-CM_4.5,4.5,N
2074,1,1.09827137,CMCC-CM_4.5,4.5,N
2075,1,1.220576286,CMCC-CM_4.5,4.5,N
2076,1,2.534123421,CMCC-CM_4.5,4.5,N
2077,1,1.664836884,CMCC-CM_4.5,4.5,N
2078,1,1.306756973,CMCC-CM_4.5,4.5,N
2079,1,1.730661392,CMCC-CM_4.5,4.5,N
2080,1,0.826024055,CMCC-CM_4.5,4.5,N
2081,1,0.73580265,CMCC-CM_4.5,4.5,N
2082,1,1.704798698,CMCC-CM_4.5,4.5,N
2083,1,0.944582939,CMCC-CM_4.5,4.5,N
2084,1,2.015715599,CMCC-CM_4.5,4.5,N
2085,1,1.563347816,CMCC-CM_4.5,4.5,N
2086,1,2.662381172,CMCC-CM_4.5,4.5,N
2087,1,2.105791092,CMCC-CM_4.5,4.5,N
2088,1,2.608459473,CMCC-CM_4.5,4.5,N
2089,1,2.636416435,CMCC-CM_4.5,4.5,N
2090,1,2.349610329,CMCC-CM_4.5,4.5,N
2091,1,2.117927551,CMCC-CM_4.5,4.5,N
2092,1,1.677500725,CMCC-CM_4.5,4.5,N
2093,1,1.298144341,CMCC-CM_4.5,4.5,N
2094,1,1.794056892,CMCC-CM_4.5,4.5,N
2095,1,1.816542625,CMCC-CM_4.5,4.5,N
2096,1,1.387461662,CMCC-CM_4.5,4.5,N
2097,1,1.19699955,CMCC-CM_4.5,4.5,N
2098,1,1.31616497,CMCC-CM_4.5,4.5,N
2099,1,1.230899811,CMCC-CM_4.5,4.5,N
2022,1,0.329015732,GFDL-ESM2G_4.5,4.5,N
2023,1,2.242411613,GFDL-ESM2G_4.5,4.5,N
2024,1,1.333971024,GFDL-ESM2G_4.5,4.5,N
2025,1,0.865241051,GFDL-ESM2G_4.5,4.5,N
2026,1,-0.900126457,GFDL-ESM2G_4.5,4.5,N
2027,1,0.867256165,GFDL-ESM2G_4.5,4.5,N
2028,1,0.110638618,GFDL-ESM2G_4.5,4.5,N
2029,1,1.653857231,GFDL-ESM2G_4.5,4.5,N
2030,1,1.481561661,GFDL-ESM2G_4.5,4.5,N
2031,1,1.393052101,GFDL-ESM2G_4.5,4.5,N
2032,1,1.391551971,GFDL-ESM2G_4.5,4.5,N
2033,1,-0.13617897,GFDL-ESM2G_4.5,4.5,N
2034,1,-1.070892334,GFDL-ESM2G_4.5,4.5,N
2035,1,1.816850662,GFDL-ESM2G_4.5,4.5,N
2036,1,1.742922783,GFDL-ESM2G_4.5,4.5,N
2037,1,0.59649086,GFDL-ESM2G_4.5,4.5,N
2038,1,0.843313217,GFDL-ESM2G_4.5,4.5,N
2039,1,0.151597977,GFDL-ESM2G_4.5,4.5,N
2040,1,1.049171448,GFDL-ESM2G_4.5,4.5,N
2041,1,1.16287899,GFDL-ESM2G_4.5,4.5,N
2042,1,0.916963577,GFDL-ESM2G_4.5,4.5,N
2043,1,-0.027882576,GFDL-ESM2G_4.5,4.5,N
2044,1,1.560610771,GFDL-ESM2G_4.5,4.5,N
2045,1,-0.09094429,GFDL-ESM2G_4.5,4.5,N
2046,1,0.841551781,GFDL-ESM2G_4.5,4.5,N
2047,1,2.838768959,GFDL-ESM2G_4.5,4.5,N
2048,1,1.21741581,GFDL-ESM2G_4.5,4.5,N
2049,1,0.976989746,GFDL-ESM2G_4.5,4.5,N
2050,1,1.434394836,GFDL-ESM2G_4.5,4.5,N
2051,1,2.053569794,GFDL-ESM2G_4.5,4.5,N
2052,1,1.568094254,GFDL-ESM2G_4.5,4.5,N
2053,1,2.22492981,GFDL-ESM2G_4.5,4.5,N
2054,1,1.855900764,GFDL-ESM2G_4.5,4.5,N
2055,1,1.793838501,GFDL-ESM2G_4.5,4.5,N
2056,1,1.718402863,GFDL-ESM2G_4.5,4.5,N
2057,1,1.090847015,GFDL-ESM2G_4.5,4.5,N
2058,1,2.005113602,GFDL-ESM2G_4.5,4.5,N
2059,1,1.67642498,GFDL-ESM2G_4.5,4.5,N
2060,1,1.672519684,GFDL-ESM2G_4.5,4.5,N
2061,1,1.581190109,GFDL-ESM2G_4.5,4.5,N
2062,1,0.487380028,GFDL-ESM2G_4.5,4.5,N
2063,1,0.192651749,GFDL-ESM2G_4.5,4.5,N
2064,1,3.803804398,GFDL-ESM2G_4.5,4.5,N
2065,1,2.159952164,GFDL-ESM2G_4.5,4.5,N
2066,1,2.921466827,GFDL-ESM2G_4.5,4.5,N
2067,1,3.829904556,GFDL-ESM2G_4.5,4.5,N
2068,1,2.56994915,GFDL-ESM2G_4.5,4.5,N
2069,1,1.330734253,GFDL-ESM2G_4.5,4.5,N
2070,1,1.164834023,GFDL-ESM2G_4.5,4.5,N
2071,1,0.278335571,GFDL-ESM2G_4.5,4.5,N
2072,1,2.320856094,GFDL-ESM2G_4.5,4.5,N
2073,1,2.042426109,GFDL-ESM2G_4.5,4.5,N
2074,1,1.643035889,GFDL-ESM2G_4.5,4.5,N
2075,1,2.744350433,GFDL-ESM2G_4.5,4.5,N
2076,1,0.920477867,GFDL-ESM2G_4.5,4.5,N
2077,1,4.185367584,GFDL-ESM2G_4.5,4.5,N
2078,1,3.309123993,GFDL-ESM2G_4.5,4.5,N
2079,1,1.885704041,GFDL-ESM2G_4.5,4.5,N
2080,1,1.720157623,GFDL-ESM2G_4.5,4.5,N
2081,1,-0.064517975,GFDL-ESM2G_4.5,4.5,N
2082,1,-0.224164009,GFDL-ESM2G_4.5,4.5,N
2083,1,1.413346291,GFDL-ESM2G_4.5,4.5,N
2084,1,1.166903496,GFDL-ESM2G_4.5,4.5,N
2085,1,1.028927803,GFDL-ESM2G_4.5,4.5,N
2086,1,1.628749847,GFDL-ESM2G_4.5,4.5,N
2087,1,1.406071663,GFDL-ESM2G_4.5,4.5,N
2088,1,1.613858223,GFDL-ESM2G_4.5,4.5,N
2089,1,2.869936943,GFDL-ESM2G_4.5,4.5,N
2090,1,4.228543282,GFDL-ESM2G_4.5,4.5,N
2091,1,0.752483368,GFDL-ESM2G_4.5,4.5,N
2092,1,1.024908066,GFDL-ESM2G_4.5,4.5,N
2093,1,1.904162407,GFDL-ESM2G_4.5,4.5,N
2094,1,3.243305206,GFDL-ESM2G_4.5,4.5,N
2095,1,2.683562279,GFDL-ESM2G_4.5,4.5,N
2096,1,1.59731102,GFDL-ESM2G_4.5,4.5,N
2097,1,1.536858559,GFDL-ESM2G_4.5,4.5,N
2098,1,2.303832054,GFDL-ESM2G_4.5,4.5,N
2099,1,3.269201279,GFDL-ESM2G_4.5,4.5,N
2022,1,1.129887581,HADGEM2-ES_4.5,4.5,Y
2023,1,1.605036736,HADGEM2-ES_4.5,4.5,Y
2024,1,0.748792648,HADGEM2-ES_4.5,4.5,Y
2025,1,0.726019859,HADGEM2-ES_4.5,4.5,Y
2026,1,0.855193138,HADGEM2-ES_4.5,4.5,Y
2027,1,1.271589279,HADGEM2-ES_4.5,4.5,Y
2028,1,0.603365898,HADGEM2-ES_4.5,4.5,Y
2029,1,0.931025505,HADGEM2-ES_4.5,4.5,Y
2030,1,0.506559372,HADGEM2-ES_4.5,4.5,Y
2031,1,1.532120705,HADGEM2-ES_4.5,4.5,Y
2032,1,1.825817108,HADGEM2-ES_4.5,4.5,Y
2033,1,1.066652298,HADGEM2-ES_4.5,4.5,Y
2034,1,1.919252396,HADGEM2-ES_4.5,4.5,Y
2035,1,1.087832451,HADGEM2-ES_4.5,4.5,Y
2036,1,0.57462883,HADGEM2-ES_4.5,4.5,Y
2037,1,1.461157799,HADGEM2-ES_4.5,4.5,Y
2038,1,0.934217453,HADGEM2-ES_4.5,4.5,Y
2039,1,0.890758514,HADGEM2-ES_4.5,4.5,Y
2040,1,0.14702034,HADGEM2-ES_4.5,4.5,Y
2041,1,1.556588173,HADGEM2-ES_4.5,4.5,Y
2042,1,-0.120993614,HADGEM2-ES_4.5,4.5,Y
2043,1,1.710756302,HADGEM2-ES_4.5,4.5,Y
2044,1,2.000947952,HADGEM2-ES_4.5,4.5,Y
2045,1,2.144266129,HADGEM2-ES_4.5,4.5,Y
2046,1,2.457586288,HADGEM2-ES_4.5,4.5,Y
2047,1,2.657515526,HADGEM2-ES_4.5,4.5,Y
2048,1,2.513028145,HADGEM2-ES_4.5,4.5,Y
2049,1,1.923461914,HADGEM2-ES_4.5,4.5,Y
2050,1,2.019944191,HADGEM2-ES_4.5,4.5,Y
2051,1,0.926312447,HADGEM2-ES_4.5,4.5,Y
2052,1,2.022343636,HADGEM2-ES_4.5,4.5,Y
2053,1,1.798395157,HADGEM2-ES_4.5,4.5,Y
2054,1,1.777411461,HADGEM2-ES_4.5,4.5,Y
2055,1,2.369170189,HADGEM2-ES_4.5,4.5,Y
2056,1,2.175409317,HADGEM2-ES_4.5,4.5,Y
2057,1,1.992089272,HADGEM2-ES_4.5,4.5,Y
2058,1,2.92847538,HADGEM2-ES_4.5,4.5,Y
2059,1,2.213610649,HADGEM2-ES_4.5,4.5,Y
2060,1,1.272707939,HADGEM2-ES_4.5,4.5,Y
2061,1,2.625686646,HADGEM2-ES_4.5,4.5,Y
2062,1,2.761133194,HADGEM2-ES_4.5,4.5,Y
2063,1,2.079549789,HADGEM2-ES_4.5,4.5,Y
2064,1,2.56713295,HADGEM2-ES_4.5,4.5,Y
2065,1,2.285844803,HADGEM2-ES_4.5,4.5,Y
2066,1,3.12552166,HADGEM2-ES_4.5,4.5,Y
2067,1,2.473502159,HADGEM2-ES_4.5,4.5,Y
2068,1,3.092082024,HADGEM2-ES_4.5,4.5,Y
2069,1,2.345176697,HADGEM2-ES_4.5,4.5,Y
2070,1,2.094571114,HADGEM2-ES_4.5,4.5,Y
2071,1,2.121097565,HADGEM2-ES_4.5,4.5,Y
2072,1,3.058247566,HADGEM2-ES_4.5,4.5,Y
2073,1,3.634709358,HADGEM2-ES_4.5,4.5,Y
2074,1,3.398259163,HADGEM2-ES_4.5,4.5,Y
2075,1,2.278707504,HADGEM2-ES_4.5,4.5,Y
2076,1,3.02325058,HADGEM2-ES_4.5,4.5,Y
2077,1,3.544424057,HADGEM2-ES_4.5,4.5,Y
2078,1,5.073045731,HADGEM2-ES_4.5,4.5,Y
2079,1,3.916576385,HADGEM2-ES_4.5,4.5,Y
2080,1,2.406827927,HADGEM2-ES_4.5,4.5,Y
2081,1,1.903059006,HADGEM2-ES_4.5,4.5,Y
2082,1,2.537522316,HADGEM2-ES_4.5,4.5,Y
2083,1,2.708820343,HADGEM2-ES_4.5,4.5,Y
2084,1,3.907298088,HADGEM2-ES_4.5,4.5,Y
2085,1,3.054021835,HADGEM2-ES_4.5,4.5,Y
2086,1,2.325596809,HADGEM2-ES_4.5,4.5,Y
2087,1,2.664748192,HADGEM2-ES_4.5,4.5,Y
2088,1,2.923933029,HADGEM2-ES_4.5,4.5,Y
2089,1,1.871072769,HADGEM2-ES_4.5,4.5,Y
2090,1,2.603345871,HADGEM2-ES_4.5,4.5,Y
2091,1,1.823918343,HADGEM2-ES_4.5,4.5,Y
2092,1,2.800603867,HADGEM2-ES_4.5,4.5,Y
2093,1,2.736068726,HADGEM2-ES_4.5,4.5,Y
2094,1,2.346558571,HADGEM2-ES_4.5,4.5,Y
2095,1,3.791737556,HADGEM2-ES_4.5,4.5,Y
2096,1,3.091835022,HADGEM2-ES_4.5,4.5,Y
2097,1,2.918812752,HADGEM2-ES_4.5,4.5,Y
2098,1,3.077795029,HADGEM2-ES_4.5,4.5,Y
2099,1,3.464607239,HADGEM2-ES_4.5,4.5,Y
2022,1,-1.580927849,IPSL-CM5A-LR_4.5,4.5,N
2023,1,0.712407112,IPSL-CM5A-LR_4.5,4.5,N
2024,1,0.568762779,IPSL-CM5A-LR_4.5,4.5,N
2025,1,2.065952301,IPSL-CM5A-LR_4.5,4.5,N
2026,1,2.43873024,IPSL-CM5A-LR_4.5,4.5,N
2027,1,0.686999321,IPSL-CM5A-LR_4.5,4.5,N
2028,1,1.276753426,IPSL-CM5A-LR_4.5,4.5,N
2029,1,0.628652573,IPSL-CM5A-LR_4.5,4.5,N
2030,1,1.772849083,IPSL-CM5A-LR_4.5,4.5,N
2031,1,0.917744637,IPSL-CM5A-LR_4.5,4.5,N
2032,1,1.855421066,IPSL-CM5A-LR_4.5,4.5,N
2033,1,0.55642128,IPSL-CM5A-LR_4.5,4.5,N
2034,1,0.785745621,IPSL-CM5A-LR_4.5,4.5,N
2035,1,1.621125221,IPSL-CM5A-LR_4.5,4.5,N
2036,1,0.792793274,IPSL-CM5A-LR_4.5,4.5,N
2037,1,0.899563789,IPSL-CM5A-LR_4.5,4.5,N
2038,1,0.414798737,IPSL-CM5A-LR_4.5,4.5,N
2039,1,0.008353233,IPSL-CM5A-LR_4.5,4.5,N
2040,1,1.064401627,IPSL-CM5A-LR_4.5,4.5,N
2041,1,1.007392883,IPSL-CM5A-LR_4.5,4.5,N
2042,1,1.455714226,IPSL-CM5A-LR_4.5,4.5,N
2043,1,2.007416725,IPSL-CM5A-LR_4.5,4.5,N
2044,1,1.180098534,IPSL-CM5A-LR_4.5,4.5,N
2045,1,2.86777401,IPSL-CM5A-LR_4.5,4.5,N
2046,1,0.270525932,IPSL-CM5A-LR_4.5,4.5,N
2047,1,3.512236595,IPSL-CM5A-LR_4.5,4.5,N
2048,1,2.272405624,IPSL-CM5A-LR_4.5,4.5,N
2049,1,2.463407516,IPSL-CM5A-LR_4.5,4.5,N
2050,1,2.721736908,IPSL-CM5A-LR_4.5,4.5,N
2051,1,1.163840294,IPSL-CM5A-LR_4.5,4.5,N
2052,1,2.777258873,IPSL-CM5A-LR_4.5,4.5,N
2053,1,3.695363045,IPSL-CM5A-LR_4.5,4.5,N
2054,1,0.18225956,IPSL-CM5A-LR_4.5,4.5,N
2055,1,2.12345314,IPSL-CM5A-LR_4.5,4.5,N
2056,1,2.127868652,IPSL-CM5A-LR_4.5,4.5,N
2057,1,-1.11493969,IPSL-CM5A-LR_4.5,4.5,N
2058,1,2.027468681,IPSL-CM5A-LR_4.5,4.5,N
2059,1,0.904675484,IPSL-CM5A-LR_4.5,4.5,N
2060,1,2.202604294,IPSL-CM5A-LR_4.5,4.5,N
2061,1,2.000626564,IPSL-CM5A-LR_4.5,4.5,N
2062,1,2.574558258,IPSL-CM5A-LR_4.5,4.5,N
2063,1,3.783600807,IPSL-CM5A-LR_4.5,4.5,N
2064,1,0.940266609,IPSL-CM5A-LR_4.5,4.5,N
2065,1,2.887015343,IPSL-CM5A-LR_4.5,4.5,N
2066,1,2.694314003,IPSL-CM5A-LR_4.5,4.5,N
2067,1,1.620094299,IPSL-CM5A-LR_4.5,4.5,N
2068,1,2.01573658,IPSL-CM5A-LR_4.5,4.5,N
2069,1,2.247084618,IPSL-CM5A-LR_4.5,4.5,N
2070,1,1.977433205,IPSL-CM5A-LR_4.5,4.5,N
2071,1,1.008176804,IPSL-CM5A-LR_4.5,4.5,N
2072,1,1.168787003,IPSL-CM5A-LR_4.5,4.5,N
2073,1,-0.074006081,IPSL-CM5A-LR_4.5,4.5,N
2074,1,2.335565567,IPSL-CM5A-LR_4.5,4.5,N
2075,1,2.347243309,IPSL-CM5A-LR_4.5,4.5,N
2076,1,3.989226341,IPSL-CM5A-LR_4.5,4.5,N
2077,1,3.557891846,IPSL-CM5A-LR_4.5,4.5,N
2078,1,3.168265343,IPSL-CM5A-LR_4.5,4.5,N
2079,1,3.474816322,IPSL-CM5A-LR_4.5,4.5,N
2080,1,3.021715164,IPSL-CM5A-LR_4.5,4.5,N
2081,1,3.198309898,IPSL-CM5A-LR_4.5,4.5,N
2082,1,2.48913765,IPSL-CM5A-LR_4.5,4.5,N
2083,1,3.504416466,IPSL-CM5A-LR_4.5,4.5,N
2084,1,1.050339699,IPSL-CM5A-LR_4.5,4.5,N
2085,1,1.344051361,IPSL-CM5A-LR_4.5,4.5,N
2086,1,1.897563934,IPSL-CM5A-LR_4.5,4.5,N
2087,1,2.071818352,IPSL-CM5A-LR_4.5,4.5,N
2088,1,1.708502769,IPSL-CM5A-LR_4.5,4.5,N
2089,1,2.002389908,IPSL-CM5A-LR_4.5,4.5,N
2090,1,1.662535667,IPSL-CM5A-LR_4.5,4.5,N
2091,1,1.540060997,IPSL-CM5A-LR_4.5,4.5,N
2092,1,3.835521698,IPSL-CM5A-LR_4.5,4.5,N
2093,1,1.62618351,IPSL-CM5A-LR_4.5,4.5,N
2094,1,1.44849968,IPSL-CM5A-LR_4.5,4.5,N
2095,1,1.250928879,IPSL-CM5A-LR_4.5,4.5,N
2096,1,1.660458565,IPSL-CM5A-LR_4.5,4.5,N
2097,1,3.790113449,IPSL-CM5A-LR_4.5,4.5,N
2098,1,2.044225693,IPSL-CM5A-LR_4.5,4.5,N
2099,1,3.895194054,IPSL-CM5A-LR_4.5,4.5,N
2022,1,0.329301834,IPSL-CM5A-MR_4.5,4.5,N
2023,1,1.069531441,IPSL-CM5A-MR_4.5,4.5,N
2024,1,2.012881279,IPSL-CM5A-MR_4.5,4.5,N
2025,1,1.161513329,IPSL-CM5A-MR_4.5,4.5,N
2026,1,0.474268913,IPSL-CM5A-MR_4.5,4.5,N
2027,1,0.3921175,IPSL-CM5A-MR_4.5,4.5,N
2028,1,1.457300186,IPSL-CM5A-MR_4.5,4.5,N
2029,1,0.504294395,IPSL-CM5A-MR_4.5,4.5,N
2030,1,1.492277145,IPSL-CM5A-MR_4.5,4.5,N
2031,1,1.843426704,IPSL-CM5A-MR_4.5,4.5,N
2032,1,-1.129973412,IPSL-CM5A-MR_4.5,4.5,N
2033,1,2.252118111,IPSL-CM5A-MR_4.5,4.5,N
2034,1,0.805987358,IPSL-CM5A-MR_4.5,4.5,N
2035,1,1.963049889,IPSL-CM5A-MR_4.5,4.5,N
2036,1,0.658946037,IPSL-CM5A-MR_4.5,4.5,N
2037,1,2.011828423,IPSL-CM5A-MR_4.5,4.5,N
2038,1,0.473469734,IPSL-CM5A-MR_4.5,4.5,N
2039,1,1.80308342,IPSL-CM5A-MR_4.5,4.5,N
2040,1,1.54901886,IPSL-CM5A-MR_4.5,4.5,N
2041,1,1.617833138,IPSL-CM5A-MR_4.5,4.5,N
2042,1,0.427424431,IPSL-CM5A-MR_4.5,4.5,N
2043,1,0.392203331,IPSL-CM5A-MR_4.5,4.5,N
2044,1,-0.05177021,IPSL-CM5A-MR_4.5,4.5,N
2045,1,2.165941238,IPSL-CM5A-MR_4.5,4.5,N
2046,1,1.76563549,IPSL-CM5A-MR_4.5,4.5,N
2047,1,1.084590912,IPSL-CM5A-MR_4.5,4.5,N
2048,1,0.082744598,IPSL-CM5A-MR_4.5,4.5,N
2049,1,1.241147041,IPSL-CM5A-MR_4.5,4.5,N
2050,1,2.933097839,IPSL-CM5A-MR_4.5,4.5,N
2051,1,1.969424248,IPSL-CM5A-MR_4.5,4.5,N
2052,1,2.133948326,IPSL-CM5A-MR_4.5,4.5,N
2053,1,0.952039719,IPSL-CM5A-MR_4.5,4.5,N
2054,1,0.112631798,IPSL-CM5A-MR_4.5,4.5,N
2055,1,1.039653778,IPSL-CM5A-MR_4.5,4.5,N
2056,1,1.028337479,IPSL-CM5A-MR_4.5,4.5,N
2057,1,1.742588997,IPSL-CM5A-MR_4.5,4.5,N
2058,1,2.651597023,IPSL-CM5A-MR_4.5,4.5,N
2059,1,0.793587685,IPSL-CM5A-MR_4.5,4.5,N
2060,1,2.172602654,IPSL-CM5A-MR_4.5,4.5,N
2061,1,1.255381584,IPSL-CM5A-MR_4.5,4.5,N
2062,1,0.921409607,IPSL-CM5A-MR_4.5,4.5,N
2063,1,0.471286774,IPSL-CM5A-MR_4.5,4.5,N
2064,1,1.10277462,IPSL-CM5A-MR_4.5,4.5,N
2065,1,2.346711159,IPSL-CM5A-MR_4.5,4.5,N
2066,1,1.940174103,IPSL-CM5A-MR_4.5,4.5,N
2067,1,2.431995392,IPSL-CM5A-MR_4.5,4.5,N
2068,1,2.070951462,IPSL-CM5A-MR_4.5,4.5,N
2069,1,1.714814186,IPSL-CM5A-MR_4.5,4.5,N
2070,1,2.100206375,IPSL-CM5A-MR_4.5,4.5,N
2071,1,1.991796494,IPSL-CM5A-MR_4.5,4.5,N
2072,1,1.828042984,IPSL-CM5A-MR_4.5,4.5,N
2073,1,2.369966507,IPSL-CM5A-MR_4.5,4.5,N
2074,1,1.788339615,IPSL-CM5A-MR_4.5,4.5,N
2075,1,2.139497757,IPSL-CM5A-MR_4.5,4.5,N
2076,1,2.437552452,IPSL-CM5A-MR_4.5,4.5,N
2077,1,2.4576931,IPSL-CM5A-MR_4.5,4.5,N
2078,1,1.82058239,IPSL-CM5A-MR_4.5,4.5,N
2079,1,2.422973633,IPSL-CM5A-MR_4.5,4.5,N
2080,1,2.086465836,IPSL-CM5A-MR_4.5,4.5,N
2081,1,2.358392715,IPSL-CM5A-MR_4.5,4.5,N
2082,1,1.661906242,IPSL-CM5A-MR_4.5,4.5,N
2083,1,1.756756783,IPSL-CM5A-MR_4.5,4.5,N
2084,1,0.560715675,IPSL-CM5A-MR_4.5,4.5,N
2085,1,1.619720459,IPSL-CM5A-MR_4.5,4.5,N
2086,1,2.591080666,IPSL-CM5A-MR_4.5,4.5,N
2087,1,1.811760902,IPSL-CM5A-MR_4.5,4.5,N
2088,1,2.906996727,IPSL-CM5A-MR_4.5,4.5,N
2089,1,1.048173904,IPSL-CM5A-MR_4.5,4.5,N
2090,1,2.96856308,IPSL-CM5A-MR_4.5,4.5,N
2091,1,2.353727341,IPSL-CM5A-MR_4.5,4.5,N
2092,1,2.370488167,IPSL-CM5A-MR_4.5,4.5,N
2093,1,3.050602913,IPSL-CM5A-MR_4.5,4.5,N
2094,1,1.531481743,IPSL-CM5A-MR_4.5,4.5,N
2095,1,2.20608902,IPSL-CM5A-MR_4.5,4.5,N
2096,1,1.669857025,IPSL-CM5A-MR_4.5,4.5,N
2097,1,1.107756615,IPSL-CM5A-MR_4.5,4.5,N
2098,1,1.562476158,IPSL-CM5A-MR_4.5,4.5,N
2099,1,2.815275192,IPSL-CM5A-MR_4.5,4.5,N
2022,1,0.696782112,MIROC5_4.5,4.5,Y
2023,1,-0.13862133,MIROC5_4.5,4.5,Y
2024,1,-0.404587746,MIROC5_4.5,4.5,Y
2025,1,-0.433215141,MIROC5_4.5,4.5,Y
2026,1,1.32908535,MIROC5_4.5,4.5,Y
2027,1,1.361051559,MIROC5_4.5,4.5,Y
2028,1,0.616074562,MIROC5_4.5,4.5,Y
2029,1,-0.164243698,MIROC5_4.5,4.5,Y
2030,1,0.277945518,MIROC5_4.5,4.5,Y
2031,1,1.11312294,MIROC5_4.5,4.5,Y
2032,1,0.856693268,MIROC5_4.5,4.5,Y
2033,1,1.684734344,MIROC5_4.5,4.5,Y
2034,1,0.655126572,MIROC5_4.5,4.5,Y
2035,1,-0.181689262,MIROC5_4.5,4.5,Y
2036,1,-0.014554024,MIROC5_4.5,4.5,Y
2037,1,1.589492798,MIROC5_4.5,4.5,Y
2038,1,0.746797562,MIROC5_4.5,4.5,Y
2039,1,1.535741806,MIROC5_4.5,4.5,Y
2040,1,-0.550837517,MIROC5_4.5,4.5,Y
2041,1,-0.296969414,MIROC5_4.5,4.5,Y
2042,1,0.711544991,MIROC5_4.5,4.5,Y
2043,1,0.912462234,MIROC5_4.5,4.5,Y
2044,1,1.155162811,MIROC5_4.5,4.5,Y
2045,1,-0.142058372,MIROC5_4.5,4.5,Y
2046,1,0.2970438,MIROC5_4.5,4.5,Y
2047,1,1.217267036,MIROC5_4.5,4.5,Y
2048,1,1.289658546,MIROC5_4.5,4.5,Y
2049,1,1.798735619,MIROC5_4.5,4.5,Y
2050,1,0.181290627,MIROC5_4.5,4.5,Y
2051,1,-0.013593674,MIROC5_4.5,4.5,Y
2052,1,0.753808022,MIROC5_4.5,4.5,Y
2053,1,0.840845108,MIROC5_4.5,4.5,Y
2054,1,2.007741928,MIROC5_4.5,4.5,Y
2055,1,1.337743759,MIROC5_4.5,4.5,Y
2056,1,0.875624657,MIROC5_4.5,4.5,Y
2057,1,-0.471047401,MIROC5_4.5,4.5,Y
2058,1,-0.099938393,MIROC5_4.5,4.5,Y
2059,1,0.385923386,MIROC5_4.5,4.5,Y
2060,1,2.332317352,MIROC5_4.5,4.5,Y
2061,1,1.114624977,MIROC5_4.5,4.5,Y
2062,1,-0.180678368,MIROC5_4.5,4.5,Y
2063,1,0.008090973,MIROC5_4.5,4.5,Y
2064,1,0.722073555,MIROC5_4.5,4.5,Y
2065,1,2.089447975,MIROC5_4.5,4.5,Y
2066,1,1.580958366,MIROC5_4.5,4.5,Y
2067,1,-0.01709938,MIROC5_4.5,4.5,Y
2068,1,0.480547905,MIROC5_4.5,4.5,Y
2069,1,0.676275253,MIROC5_4.5,4.5,Y
2070,1,2.125575066,MIROC5_4.5,4.5,Y
2071,1,2.694848061,MIROC5_4.5,4.5,Y
2072,1,1.364292145,MIROC5_4.5,4.5,Y
2073,1,1.337871552,MIROC5_4.5,4.5,Y
2074,1,0.157917976,MIROC5_4.5,4.5,Y
2075,1,0.072927475,MIROC5_4.5,4.5,Y
2076,1,1.442421913,MIROC5_4.5,4.5,Y
2077,1,0.497784615,MIROC5_4.5,4.5,Y
2078,1,2.163755417,MIROC5_4.5,4.5,Y
2079,1,1.527812958,MIROC5_4.5,4.5,Y
2080,1,1.890262604,MIROC5_4.5,4.5,Y
2081,1,0.249990463,MIROC5_4.5,4.5,Y
2082,1,0.464262009,MIROC5_4.5,4.5,Y
2083,1,0.392897606,MIROC5_4.5,4.5,Y
2084,1,2.820427895,MIROC5_4.5,4.5,Y
2085,1,1.256367683,MIROC5_4.5,4.5,Y
2086,1,1.076115608,MIROC5_4.5,4.5,Y
2087,1,0.551288605,MIROC5_4.5,4.5,Y
2088,1,0.925557137,MIROC5_4.5,4.5,Y
2089,1,2.89191246,MIROC5_4.5,4.5,Y
2090,1,2.173600197,MIROC5_4.5,4.5,Y
2091,1,0.474928856,MIROC5_4.5,4.5,Y
2092,1,1.121271133,MIROC5_4.5,4.5,Y
2093,1,1.182954788,MIROC5_4.5,4.5,Y
2094,1,1.740327835,MIROC5_4.5,4.5,Y
2095,1,2.399939537,MIROC5_4.5,4.5,Y
2096,1,2.08761692,MIROC5_4.5,4.5,Y
2097,1,2.222533226,MIROC5_4.5,4.5,Y
2098,1,1.615098,MIROC5_4.5,4.5,Y
2099,1,2.253930092,MIROC5_4.5,4.5,Y
2022,1,1.375847816,MIROC-ESM_4.5,4.5,Y
2023,1,1.712656975,MIROC-ESM_4.5,4.5,Y
2024,1,2.849806786,MIROC-ESM_4.5,4.5,Y
2025,1,1.16032505,MIROC-ESM_4.5,4.5,Y
2026,1,1.383708,MIROC-ESM_4.5,4.5,Y
2027,1,1.830217361,MIROC-ESM_4.5,4.5,Y
2028,1,1.359950066,MIROC-ESM_4.5,4.5,Y
2029,1,3.012932777,MIROC-ESM_4.5,4.5,Y
2030,1,1.89468956,MIROC-ESM_4.5,4.5,Y
2031,1,1.102672577,MIROC-ESM_4.5,4.5,Y
2032,1,2.432248116,MIROC-ESM_4.5,4.5,Y
2033,1,1.178367615,MIROC-ESM_4.5,4.5,Y
2034,1,2.951425552,MIROC-ESM_4.5,4.5,Y
2035,1,2.379241943,MIROC-ESM_4.5,4.5,Y
2036,1,1.905440331,MIROC-ESM_4.5,4.5,Y
2037,1,2.583434105,MIROC-ESM_4.5,4.5,Y
2038,1,0.759299278,MIROC-ESM_4.5,4.5,Y
2039,1,2.037258148,MIROC-ESM_4.5,4.5,Y
2040,1,2.196914673,MIROC-ESM_4.5,4.5,Y
2041,1,1.081374168,MIROC-ESM_4.5,4.5,Y
2042,1,2.168663979,MIROC-ESM_4.5,4.5,Y
2043,1,2.381484032,MIROC-ESM_4.5,4.5,Y
2044,1,3.648395538,MIROC-ESM_4.5,4.5,Y
2045,1,4.075624466,MIROC-ESM_4.5,4.5,Y
2046,1,1.101088524,MIROC-ESM_4.5,4.5,Y
2047,1,2.407672882,MIROC-ESM_4.5,4.5,Y
2048,1,3.069365501,MIROC-ESM_4.5,4.5,Y
2049,1,2.368415833,MIROC-ESM_4.5,4.5,Y
2050,1,1.721437454,MIROC-ESM_4.5,4.5,Y
2051,1,2.74267292,MIROC-ESM_4.5,4.5,Y
2052,1,1.0382061,MIROC-ESM_4.5,4.5,Y
2053,1,0.685587883,MIROC-ESM_4.5,4.5,Y
2054,1,1.789149284,MIROC-ESM_4.5,4.5,Y
2055,1,1.028344154,MIROC-ESM_4.5,4.5,Y
2056,1,1.168662071,MIROC-ESM_4.5,4.5,Y
2057,1,3.337259293,MIROC-ESM_4.5,4.5,Y
2058,1,3.073654175,MIROC-ESM_4.5,4.5,Y
2059,1,1.369059563,MIROC-ESM_4.5,4.5,Y
2060,1,2.413152695,MIROC-ESM_4.5,4.5,Y
2061,1,2.024894714,MIROC-ESM_4.5,4.5,Y
2062,1,2.814580917,MIROC-ESM_4.5,4.5,Y
2063,1,2.191867828,MIROC-ESM_4.5,4.5,Y
2064,1,3.028606415,MIROC-ESM_4.5,4.5,Y
2065,1,2.181364059,MIROC-ESM_4.5,4.5,Y
2066,1,1.721532822,MIROC-ESM_4.5,4.5,Y
2067,1,2.751719475,MIROC-ESM_4.5,4.5,Y
2068,1,2.83347702,MIROC-ESM_4.5,4.5,Y
2069,1,3.304618835,MIROC-ESM_4.5,4.5,Y
2070,1,3.509307861,MIROC-ESM_4.5,4.5,Y
2071,1,1.908826828,MIROC-ESM_4.5,4.5,Y
2072,1,2.54557991,MIROC-ESM_4.5,4.5,Y
2073,1,3.032124519,MIROC-ESM_4.5,4.5,Y
2074,1,2.130342484,MIROC-ESM_4.5,4.5,Y
2075,1,2.672060013,MIROC-ESM_4.5,4.5,Y
2076,1,3.933805466,MIROC-ESM_4.5,4.5,Y
2077,1,2.965623856,MIROC-ESM_4.5,4.5,Y
2078,1,2.867686272,MIROC-ESM_4.5,4.5,Y
2079,1,1.046097755,MIROC-ESM_4.5,4.5,Y
2080,1,1.965299606,MIROC-ESM_4.5,4.5,Y
2081,1,3.023733139,MIROC-ESM_4.5,4.5,Y
2082,1,2.478551865,MIROC-ESM_4.5,4.5,Y
2083,1,2.004633904,MIROC-ESM_4.5,4.5,Y
2084,1,2.176675797,MIROC-ESM_4.5,4.5,Y
2085,1,1.944401741,MIROC-ESM_4.5,4.5,Y
2086,1,1.486603737,MIROC-ESM_4.5,4.5,Y
2087,1,3.858053207,MIROC-ESM_4.5,4.5,Y
2088,1,1.342481613,MIROC-ESM_4.5,4.5,Y
2089,1,2.911606789,MIROC-ESM_4.5,4.5,Y
2090,1,3.401309013,MIROC-ESM_4.5,4.5,Y
2091,1,2.831064224,MIROC-ESM_4.5,4.5,Y
2092,1,2.821788788,MIROC-ESM_4.5,4.5,Y
2093,1,3.74385643,MIROC-ESM_4.5,4.5,Y
2094,1,2.282674789,MIROC-ESM_4.5,4.5,Y
2095,1,2.752562523,MIROC-ESM_4.5,4.5,Y
2096,1,2.752950668,MIROC-ESM_4.5,4.5,Y
2097,1,3.28289032,MIROC-ESM_4.5,4.5,Y
2098,1,5.178484917,MIROC-ESM_4.5,4.5,Y
2099,1,4.365633965,MIROC-ESM_4.5,4.5,Y
2022,1,1.496558189,MPI-ESM-LR_4.5,4.5,Y
2023,1,-0.225934982,MPI-ESM-LR_4.5,4.5,Y
2024,1,0.702145576,MPI-ESM-LR_4.5,4.5,Y
2025,1,0.579960823,MPI-ESM-LR_4.5,4.5,Y
2026,1,1.330215454,MPI-ESM-LR_4.5,4.5,Y
2027,1,-0.027440071,MPI-ESM-LR_4.5,4.5,Y
2028,1,0.820203781,MPI-ESM-LR_4.5,4.5,Y
2029,1,0.44028759,MPI-ESM-LR_4.5,4.5,Y
2030,1,0.53969574,MPI-ESM-LR_4.5,4.5,Y
2031,1,1.56562233,MPI-ESM-LR_4.5,4.5,Y
2032,1,3.310379982,MPI-ESM-LR_4.5,4.5,Y
2033,1,2.42920208,MPI-ESM-LR_4.5,4.5,Y
2034,1,1.931874275,MPI-ESM-LR_4.5,4.5,Y
2035,1,0.511364937,MPI-ESM-LR_4.5,4.5,Y
2036,1,1.631270409,MPI-ESM-LR_4.5,4.5,Y
2037,1,1.221914291,MPI-ESM-LR_4.5,4.5,Y
2038,1,-0.508665085,MPI-ESM-LR_4.5,4.5,Y
2039,1,1.330159187,MPI-ESM-LR_4.5,4.5,Y
2040,1,0.775670052,MPI-ESM-LR_4.5,4.5,Y
2041,1,0.027171135,MPI-ESM-LR_4.5,4.5,Y
2042,1,1.498515129,MPI-ESM-LR_4.5,4.5,Y
2043,1,0.304514885,MPI-ESM-LR_4.5,4.5,Y
2044,1,2.740473747,MPI-ESM-LR_4.5,4.5,Y
2045,1,0.867825508,MPI-ESM-LR_4.5,4.5,Y
2046,1,0.787306786,MPI-ESM-LR_4.5,4.5,Y
2047,1,2.395472527,MPI-ESM-LR_4.5,4.5,Y
2048,1,0.634145737,MPI-ESM-LR_4.5,4.5,Y
2049,1,-0.077163696,MPI-ESM-LR_4.5,4.5,Y
2050,1,1.108138084,MPI-ESM-LR_4.5,4.5,Y
2051,1,2.316385269,MPI-ESM-LR_4.5,4.5,Y
2052,1,2.75329113,MPI-ESM-LR_4.5,4.5,Y
2053,1,1.724220276,MPI-ESM-LR_4.5,4.5,Y
2054,1,1.385786057,MPI-ESM-LR_4.5,4.5,Y
2055,1,1.475616455,MPI-ESM-LR_4.5,4.5,Y
2056,1,0.788498878,MPI-ESM-LR_4.5,4.5,Y
2057,1,0.636605263,MPI-ESM-LR_4.5,4.5,Y
2058,1,2.134812355,MPI-ESM-LR_4.5,4.5,Y
2059,1,2.112236023,MPI-ESM-LR_4.5,4.5,Y
2060,1,2.166662216,MPI-ESM-LR_4.5,4.5,Y
2061,1,1.561837196,MPI-ESM-LR_4.5,4.5,Y
2062,1,0.597990036,MPI-ESM-LR_4.5,4.5,Y
2063,1,2.680534363,MPI-ESM-LR_4.5,4.5,Y
2064,1,2.002617836,MPI-ESM-LR_4.5,4.5,Y
2065,1,2.071714401,MPI-ESM-LR_4.5,4.5,Y
2066,1,2.441364288,MPI-ESM-LR_4.5,4.5,Y
2067,1,0.850343704,MPI-ESM-LR_4.5,4.5,Y
2068,1,2.797505379,MPI-ESM-LR_4.5,4.5,Y
2069,1,2.146279335,MPI-ESM-LR_4.5,4.5,Y
2070,1,2.631953239,MPI-ESM-LR_4.5,4.5,Y
2071,1,0.80124855,MPI-ESM-LR_4.5,4.5,Y
2072,1,1.081427574,MPI-ESM-LR_4.5,4.5,Y
2073,1,0.169676781,MPI-ESM-LR_4.5,4.5,Y
2074,1,2.29705143,MPI-ESM-LR_4.5,4.5,Y
2075,1,-0.337677956,MPI-ESM-LR_4.5,4.5,Y
2076,1,0.865768433,MPI-ESM-LR_4.5,4.5,Y
2077,1,0.985777855,MPI-ESM-LR_4.5,4.5,Y
2078,1,1.462432861,MPI-ESM-LR_4.5,4.5,Y
2079,1,1.769268036,MPI-ESM-LR_4.5,4.5,Y
2080,1,2.859016418,MPI-ESM-LR_4.5,4.5,Y
2081,1,3.190615654,MPI-ESM-LR_4.5,4.5,Y
2082,1,2.962562561,MPI-ESM-LR_4.5,4.5,Y
2083,1,1.820854187,MPI-ESM-LR_4.5,4.5,Y
2084,1,0.610283852,MPI-ESM-LR_4.5,4.5,Y
2085,1,1.832806587,MPI-ESM-LR_4.5,4.5,Y
2086,1,1.506762505,MPI-ESM-LR_4.5,4.5,Y
2087,1,1.197131157,MPI-ESM-LR_4.5,4.5,Y
2088,1,1.284119606,MPI-ESM-LR_4.5,4.5,Y
2089,1,1.099582672,MPI-ESM-LR_4.5,4.5,Y
2090,1,1.017054558,MPI-ESM-LR_4.5,4.5,Y
2091,1,1.70742321,MPI-ESM-LR_4.5,4.5,Y
2092,1,2.011667252,MPI-ESM-LR_4.5,4.5,Y
2093,1,0.443266869,MPI-ESM-LR_4.5,4.5,Y
2094,1,0.816110611,MPI-ESM-LR_4.5,4.5,Y
2095,1,1.959815979,MPI-ESM-LR_4.5,4.5,Y
2096,1,1.743678093,MPI-ESM-LR_4.5,4.5,Y
2097,1,1.662277222,MPI-ESM-LR_4.5,4.5,Y
2098,1,1.338599205,MPI-ESM-LR_4.5,4.5,Y
2099,1,0.105909348,MPI-ESM-LR_4.5,4.5,Y
2022,1,0.771493912,MPI-ESM-MR_4.5,4.5,Y
2023,1,1.056282997,MPI-ESM-MR_4.5,4.5,Y
2024,1,0.636334419,MPI-ESM-MR_4.5,4.5,Y
2025,1,1.009732246,MPI-ESM-MR_4.5,4.5,Y
2026,1,1.477753639,MPI-ESM-MR_4.5,4.5,Y
2027,1,1.121472359,MPI-ESM-MR_4.5,4.5,Y
2028,1,1.732597351,MPI-ESM-MR_4.5,4.5,Y
2029,1,-0.201353073,MPI-ESM-MR_4.5,4.5,Y
2030,1,1.926792145,MPI-ESM-MR_4.5,4.5,Y
2031,1,0.422676086,MPI-ESM-MR_4.5,4.5,Y
2032,1,0.630937576,MPI-ESM-MR_4.5,4.5,Y
2033,1,0.24633503,MPI-ESM-MR_4.5,4.5,Y
2034,1,0.599218369,MPI-ESM-MR_4.5,4.5,Y
2035,1,-1.155295849,MPI-ESM-MR_4.5,4.5,Y
2036,1,0.477686882,MPI-ESM-MR_4.5,4.5,Y
2037,1,-0.040036201,MPI-ESM-MR_4.5,4.5,Y
2038,1,0.668070793,MPI-ESM-MR_4.5,4.5,Y
2039,1,1.205135345,MPI-ESM-MR_4.5,4.5,Y
2040,1,1.139183044,MPI-ESM-MR_4.5,4.5,Y
2041,1,1.8703022,MPI-ESM-MR_4.5,4.5,Y
2042,1,2.267432213,MPI-ESM-MR_4.5,4.5,Y
2043,1,2.467682838,MPI-ESM-MR_4.5,4.5,Y
2044,1,0.322306633,MPI-ESM-MR_4.5,4.5,Y
2045,1,0.146225929,MPI-ESM-MR_4.5,4.5,Y
2046,1,1.004640579,MPI-ESM-MR_4.5,4.5,Y
2047,1,0.942041397,MPI-ESM-MR_4.5,4.5,Y
2048,1,1.904712677,MPI-ESM-MR_4.5,4.5,Y
2049,1,1.340194702,MPI-ESM-MR_4.5,4.5,Y
2050,1,1.938966751,MPI-ESM-MR_4.5,4.5,Y
2051,1,2.158831596,MPI-ESM-MR_4.5,4.5,Y
2052,1,1.70331955,MPI-ESM-MR_4.5,4.5,Y
2053,1,0.550526619,MPI-ESM-MR_4.5,4.5,Y
2054,1,1.221829414,MPI-ESM-MR_4.5,4.5,Y
2055,1,1.184309006,MPI-ESM-MR_4.5,4.5,Y
2056,1,1.97280407,MPI-ESM-MR_4.5,4.5,Y
2057,1,0.89746666,MPI-ESM-MR_4.5,4.5,Y
2058,1,1.315826416,MPI-ESM-MR_4.5,4.5,Y
2059,1,1.100967407,MPI-ESM-MR_4.5,4.5,Y
2060,1,1.877827644,MPI-ESM-MR_4.5,4.5,Y
2061,1,2.669575691,MPI-ESM-MR_4.5,4.5,Y
2062,1,1.913809776,MPI-ESM-MR_4.5,4.5,Y
2063,1,2.292031288,MPI-ESM-MR_4.5,4.5,Y
2064,1,0.727256775,MPI-ESM-MR_4.5,4.5,Y
2065,1,3.214129448,MPI-ESM-MR_4.5,4.5,Y
2066,1,1.837838173,MPI-ESM-MR_4.5,4.5,Y
2067,1,2.586561203,MPI-ESM-MR_4.5,4.5,Y
2068,1,1.773304939,MPI-ESM-MR_4.5,4.5,Y
2069,1,2.336892128,MPI-ESM-MR_4.5,4.5,Y
2070,1,1.225766182,MPI-ESM-MR_4.5,4.5,Y
2071,1,0.795170784,MPI-ESM-MR_4.5,4.5,Y
2072,1,0.287748337,MPI-ESM-MR_4.5,4.5,Y
2073,1,1.774193764,MPI-ESM-MR_4.5,4.5,Y
2074,1,1.397047997,MPI-ESM-MR_4.5,4.5,Y
2075,1,1.186986923,MPI-ESM-MR_4.5,4.5,Y
2076,1,0.837976456,MPI-ESM-MR_4.5,4.5,Y
2077,1,2.1894207,MPI-ESM-MR_4.5,4.5,Y
2078,1,3.908743858,MPI-ESM-MR_4.5,4.5,Y
2079,1,0.082305908,MPI-ESM-MR_4.5,4.5,Y
2080,1,-0.048642159,MPI-ESM-MR_4.5,4.5,Y
2081,1,1.185987473,MPI-ESM-MR_4.5,4.5,Y
2082,1,1.768042564,MPI-ESM-MR_4.5,4.5,Y
2083,1,1.845318794,MPI-ESM-MR_4.5,4.5,Y
2084,1,2.006557465,MPI-ESM-MR_4.5,4.5,Y
2085,1,2.823615074,MPI-ESM-MR_4.5,4.5,Y
2086,1,1.618122101,MPI-ESM-MR_4.5,4.5,Y
2087,1,2.253665924,MPI-ESM-MR_4.5,4.5,Y
2088,1,1.495353699,MPI-ESM-MR_4.5,4.5,Y
2089,1,2.141882896,MPI-ESM-MR_4.5,4.5,Y
2090,1,2.020402908,MPI-ESM-MR_4.5,4.5,Y
2091,1,0.79510498,MPI-ESM-MR_4.5,4.5,Y
2092,1,2.395172119,MPI-ESM-MR_4.5,4.5,Y
2093,1,1.545476913,MPI-ESM-MR_4.5,4.5,Y
2094,1,1.361226082,MPI-ESM-MR_4.5,4.5,Y
2095,1,1.996975899,MPI-ESM-MR_4.5,4.5,Y
2096,1,2.594075203,MPI-ESM-MR_4.5,4.5,Y
2097,1,1.322574615,MPI-ESM-MR_4.5,4.5,Y
2098,1,3.535339355,MPI-ESM-MR_4.5,4.5,Y
2099,1,1.789479256,MPI-ESM-MR_4.5,4.5,Y
2022,1,-0.001531601,NORESM1-ME_4.5,4.5,N
2023,1,0.164634705,NORESM1-ME_4.5,4.5,N
2024,1,1.61606884,NORESM1-ME_4.5,4.5,N
2025,1,1.106084824,NORESM1-ME_4.5,4.5,N
2026,1,-0.152442932,NORESM1-ME_4.5,4.5,N
2027,1,-0.094619751,NORESM1-ME_4.5,4.5,N
2028,1,2.090504646,NORESM1-ME_4.5,4.5,N
2029,1,0.934398651,NORESM1-ME_4.5,4.5,N
2030,1,1.186672211,NORESM1-ME_4.5,4.5,N
2031,1,0.259034157,NORESM1-ME_4.5,4.5,N
2032,1,-0.027047157,NORESM1-ME_4.5,4.5,N
2033,1,0.145880699,NORESM1-ME_4.5,4.5,N
2034,1,0.265148163,NORESM1-ME_4.5,4.5,N
2035,1,-0.357546806,NORESM1-ME_4.5,4.5,N
2036,1,1.448747635,NORESM1-ME_4.5,4.5,N
2037,1,0.524094582,NORESM1-ME_4.5,4.5,N
2038,1,1.411565781,NORESM1-ME_4.5,4.5,N
2039,1,1.116474152,NORESM1-ME_4.5,4.5,N
2040,1,1.55505085,NORESM1-ME_4.5,4.5,N
2041,1,1.049882889,NORESM1-ME_4.5,4.5,N
2042,1,-0.347578049,NORESM1-ME_4.5,4.5,N
2043,1,0.935061455,NORESM1-ME_4.5,4.5,N
2044,1,0.375053406,NORESM1-ME_4.5,4.5,N
2045,1,0.637266159,NORESM1-ME_4.5,4.5,N
2046,1,2.703751564,NORESM1-ME_4.5,4.5,N
2047,1,1.507909775,NORESM1-ME_4.5,4.5,N
2048,1,0.545262337,NORESM1-ME_4.5,4.5,N
2049,1,0.36457634,NORESM1-ME_4.5,4.5,N
2050,1,1.022075653,NORESM1-ME_4.5,4.5,N
2051,1,2.238073349,NORESM1-ME_4.5,4.5,N
2052,1,2.162672043,NORESM1-ME_4.5,4.5,N
2053,1,3.058558464,NORESM1-ME_4.5,4.5,N
2054,1,1.50679493,NORESM1-ME_4.5,4.5,N
2055,1,1.942669868,NORESM1-ME_4.5,4.5,N
2056,1,2.604453087,NORESM1-ME_4.5,4.5,N
2057,1,1.443898201,NORESM1-ME_4.5,4.5,N
2058,1,3.014450073,NORESM1-ME_4.5,4.5,N
2059,1,2.442481041,NORESM1-ME_4.5,4.5,N
2060,1,1.759483337,NORESM1-ME_4.5,4.5,N
2061,1,1.051992416,NORESM1-ME_4.5,4.5,N
2062,1,0.366769791,NORESM1-ME_4.5,4.5,N
2063,1,0.980042458,NORESM1-ME_4.5,4.5,N
2064,1,2.877073288,NORESM1-ME_4.5,4.5,N
2065,1,1.278282166,NORESM1-ME_4.5,4.5,N
2066,1,1.198600769,NORESM1-ME_4.5,4.5,N
2067,1,0.862737656,NORESM1-ME_4.5,4.5,N
2068,1,0.707425117,NORESM1-ME_4.5,4.5,N
2069,1,1.300494194,NORESM1-ME_4.5,4.5,N
2070,1,2.917750359,NORESM1-ME_4.5,4.5,N
2071,1,1.204792976,NORESM1-ME_4.5,4.5,N
2072,1,3.351415634,NORESM1-ME_4.5,4.5,N
2073,1,3.794338226,NORESM1-ME_4.5,4.5,N
2074,1,2.173921585,NORESM1-ME_4.5,4.5,N
2075,1,2.337889671,NORESM1-ME_4.5,4.5,N
2076,1,1.626047134,NORESM1-ME_4.5,4.5,N
2077,1,1.641123772,NORESM1-ME_4.5,4.5,N
2078,1,1.106502533,NORESM1-ME_4.5,4.5,N
2079,1,2.738603592,NORESM1-ME_4.5,4.5,N
2080,1,0.382948875,NORESM1-ME_4.5,4.5,N
2081,1,2.780302048,NORESM1-ME_4.5,4.5,N
2082,1,1.406849861,NORESM1-ME_4.5,4.5,N
2083,1,1.54886055,NORESM1-ME_4.5,4.5,N
2084,1,1.395350456,NORESM1-ME_4.5,4.5,N
2085,1,1.785993576,NORESM1-ME_4.5,4.5,N
2086,1,1.292019844,NORESM1-ME_4.5,4.5,N
2087,1,1.527146339,NORESM1-ME_4.5,4.5,N
2088,1,2.015933037,NORESM1-ME_4.5,4.5,N
2089,1,2.748389244,NORESM1-ME_4.5,4.5,N
2090,1,3.481306076,NORESM1-ME_4.5,4.5,N
2091,1,2.843255043,NORESM1-ME_4.5,4.5,N
2092,1,0.785268784,NORESM1-ME_4.5,4.5,N
2093,1,1.548927307,NORESM1-ME_4.5,4.5,N
2094,1,0.877017975,NORESM1-ME_4.5,4.5,N
2095,1,2.221392632,NORESM1-ME_4.5,4.5,N
2096,1,2.291871071,NORESM1-ME_4.5,4.5,N
2097,1,0.947368622,NORESM1-ME_4.5,4.5,N
2098,1,2.247247696,NORESM1-ME_4.5,4.5,N
2099,1,2.527210236,NORESM1-ME_4.5,4.5,N
2022,1,-0.273664474,CESM1-CAM5_8.5,8.5,N
2023,1,-0.272809029,CESM1-CAM5_8.5,8.5,N
2024,1,0.640443802,CESM1-CAM5_8.5,8.5,N
2025,1,0.416864395,CESM1-CAM5_8.5,8.5,N
2026,1,0.657372475,CESM1-CAM5_8.5,8.5,N
2027,1,0.201125145,CESM1-CAM5_8.5,8.5,N
2028,1,-0.762744904,CESM1-CAM5_8.5,8.5,N
2029,1,0.631298065,CESM1-CAM5_8.5,8.5,N
2030,1,1.128540039,CESM1-CAM5_8.5,8.5,N
2031,1,0.156913757,CESM1-CAM5_8.5,8.5,N
2032,1,0.205817223,CESM1-CAM5_8.5,8.5,N
2033,1,2.264304161,CESM1-CAM5_8.5,8.5,N
2034,1,1.930774689,CESM1-CAM5_8.5,8.5,N
2035,1,0.604562759,CESM1-CAM5_8.5,8.5,N
2036,1,0.216262817,CESM1-CAM5_8.5,8.5,N
2037,1,1.202975273,CESM1-CAM5_8.5,8.5,N
2038,1,0.055078506,CESM1-CAM5_8.5,8.5,N
2039,1,0.315763474,CESM1-CAM5_8.5,8.5,N
2040,1,0.561038017,CESM1-CAM5_8.5,8.5,N
2041,1,1.987940788,CESM1-CAM5_8.5,8.5,N
2042,1,0.753320694,CESM1-CAM5_8.5,8.5,N
2043,1,2.316968918,CESM1-CAM5_8.5,8.5,N
2044,1,2.032601357,CESM1-CAM5_8.5,8.5,N
2045,1,1.412984848,CESM1-CAM5_8.5,8.5,N
2046,1,1.177789688,CESM1-CAM5_8.5,8.5,N
2047,1,1.497331619,CESM1-CAM5_8.5,8.5,N
2048,1,2.906392097,CESM1-CAM5_8.5,8.5,N
2049,1,3.123454094,CESM1-CAM5_8.5,8.5,N
2050,1,3.276704788,CESM1-CAM5_8.5,8.5,N
2051,1,3.272188187,CESM1-CAM5_8.5,8.5,N
2052,1,1.53473568,CESM1-CAM5_8.5,8.5,N
2053,1,1.096073151,CESM1-CAM5_8.5,8.5,N
2054,1,2.430496216,CESM1-CAM5_8.5,8.5,N
2055,1,2.586538315,CESM1-CAM5_8.5,8.5,N
2056,1,2.053779602,CESM1-CAM5_8.5,8.5,N
2057,1,2.127682686,CESM1-CAM5_8.5,8.5,N
2058,1,3.394898415,CESM1-CAM5_8.5,8.5,N
2059,1,2.804377556,CESM1-CAM5_8.5,8.5,N
2060,1,3.578938484,CESM1-CAM5_8.5,8.5,N
2061,1,2.75673008,CESM1-CAM5_8.5,8.5,N
2062,1,3.019999504,CESM1-CAM5_8.5,8.5,N
2063,1,2.310061455,CESM1-CAM5_8.5,8.5,N
2064,1,2.195636749,CESM1-CAM5_8.5,8.5,N
2065,1,2.003689766,CESM1-CAM5_8.5,8.5,N
2066,1,3.96975708,CESM1-CAM5_8.5,8.5,N
2067,1,2.957827568,CESM1-CAM5_8.5,8.5,N
2068,1,2.843761444,CESM1-CAM5_8.5,8.5,N
2069,1,3.464738846,CESM1-CAM5_8.5,8.5,N
2070,1,2.093907356,CESM1-CAM5_8.5,8.5,N
2071,1,3.070277214,CESM1-CAM5_8.5,8.5,N
2072,1,2.821284294,CESM1-CAM5_8.5,8.5,N
2073,1,3.224956512,CESM1-CAM5_8.5,8.5,N
2074,1,2.371120453,CESM1-CAM5_8.5,8.5,N
2075,1,4.275001526,CESM1-CAM5_8.5,8.5,N
2076,1,1.857131958,CESM1-CAM5_8.5,8.5,N
2077,1,3.249668121,CESM1-CAM5_8.5,8.5,N
2078,1,3.06731987,CESM1-CAM5_8.5,8.5,N
2079,1,3.135271072,CESM1-CAM5_8.5,8.5,N
2080,1,3.254966736,CESM1-CAM5_8.5,8.5,N
2081,1,3.994974136,CESM1-CAM5_8.5,8.5,N
2082,1,3.401449203,CESM1-CAM5_8.5,8.5,N
2083,1,4.114645004,CESM1-CAM5_8.5,8.5,N
2084,1,4.043931961,CESM1-CAM5_8.5,8.5,N
2085,1,3.18636322,CESM1-CAM5_8.5,8.5,N
2086,1,3.95920372,CESM1-CAM5_8.5,8.5,N
2087,1,3.222208023,CESM1-CAM5_8.5,8.5,N
2088,1,3.173127174,CESM1-CAM5_8.5,8.5,N
2089,1,3.627861977,CESM1-CAM5_8.5,8.5,N
2090,1,4.556032181,CESM1-CAM5_8.5,8.5,N
2091,1,4.121107101,CESM1-CAM5_8.5,8.5,N
2092,1,5.002929688,CESM1-CAM5_8.5,8.5,N
2093,1,4.021430969,CESM1-CAM5_8.5,8.5,N
2094,1,3.552780151,CESM1-CAM5_8.5,8.5,N
2095,1,3.438735008,CESM1-CAM5_8.5,8.5,N
2096,1,3.884588242,CESM1-CAM5_8.5,8.5,N
2097,1,4.850893021,CESM1-CAM5_8.5,8.5,N
2098,1,3.157095909,CESM1-CAM5_8.5,8.5,N
2099,1,3.397093773,CESM1-CAM5_8.5,8.5,N
2022,1,-0.471324921,CMCC-CM_8.5,8.5,N
2023,1,0.005846977,CMCC-CM_8.5,8.5,N
2024,1,-0.216006279,CMCC-CM_8.5,8.5,N
2025,1,1.616542816,CMCC-CM_8.5,8.5,N
2026,1,1.33390522,CMCC-CM_8.5,8.5,N
2027,1,0.808474541,CMCC-CM_8.5,8.5,N
2028,1,0.53710556,CMCC-CM_8.5,8.5,N
2029,1,0.375531197,CMCC-CM_8.5,8.5,N
2030,1,1.022040367,CMCC-CM_8.5,8.5,N
2031,1,1.510483742,CMCC-CM_8.5,8.5,N
2032,1,0.000453949,CMCC-CM_8.5,8.5,N
2033,1,0.540874481,CMCC-CM_8.5,8.5,N
2034,1,0.749407768,CMCC-CM_8.5,8.5,N
2035,1,1.447909355,CMCC-CM_8.5,8.5,N
2036,1,0.77688694,CMCC-CM_8.5,8.5,N
2037,1,1.126078606,CMCC-CM_8.5,8.5,N
2038,1,1.725824356,CMCC-CM_8.5,8.5,N
2039,1,0.77050209,CMCC-CM_8.5,8.5,N
2040,1,1.864858627,CMCC-CM_8.5,8.5,N
2041,1,1.579010963,CMCC-CM_8.5,8.5,N
2042,1,1.161058426,CMCC-CM_8.5,8.5,N
2043,1,1.332057953,CMCC-CM_8.5,8.5,N
2044,1,1.872387886,CMCC-CM_8.5,8.5,N
2045,1,1.13451767,CMCC-CM_8.5,8.5,N
2046,1,0.455822945,CMCC-CM_8.5,8.5,N
2047,1,1.246588707,CMCC-CM_8.5,8.5,N
2048,1,0.413931847,CMCC-CM_8.5,8.5,N
2049,1,0.870751381,CMCC-CM_8.5,8.5,N
2050,1,0.185581207,CMCC-CM_8.5,8.5,N
2051,1,0.981109619,CMCC-CM_8.5,8.5,N
2052,1,0.515007019,CMCC-CM_8.5,8.5,N
2053,1,1.120656967,CMCC-CM_8.5,8.5,N
2054,1,0.280855179,CMCC-CM_8.5,8.5,N
2055,1,1.456683159,CMCC-CM_8.5,8.5,N
2056,1,2.241372108,CMCC-CM_8.5,8.5,N
2057,1,1.622865677,CMCC-CM_8.5,8.5,N
2058,1,1.468011856,CMCC-CM_8.5,8.5,N
2059,1,1.368222237,CMCC-CM_8.5,8.5,N
2060,1,2.311994553,CMCC-CM_8.5,8.5,N
2061,1,1.335882187,CMCC-CM_8.5,8.5,N
2062,1,1.513791084,CMCC-CM_8.5,8.5,N
2063,1,0.634254456,CMCC-CM_8.5,8.5,N
2064,1,1.131587029,CMCC-CM_8.5,8.5,N
2065,1,1.569735527,CMCC-CM_8.5,8.5,N
2066,1,1.976047516,CMCC-CM_8.5,8.5,N
2067,1,1.395417213,CMCC-CM_8.5,8.5,N
2068,1,2.018198967,CMCC-CM_8.5,8.5,N
2069,1,0.755746841,CMCC-CM_8.5,8.5,N
2070,1,2.278053284,CMCC-CM_8.5,8.5,N
2071,1,2.627625465,CMCC-CM_8.5,8.5,N
2072,1,2.370142937,CMCC-CM_8.5,8.5,N
2073,1,2.746191025,CMCC-CM_8.5,8.5,N
2074,1,2.326544762,CMCC-CM_8.5,8.5,N
2075,1,1.536091805,CMCC-CM_8.5,8.5,N
2076,1,1.514878273,CMCC-CM_8.5,8.5,N
2077,1,1.910148621,CMCC-CM_8.5,8.5,N
2078,1,2.394654274,CMCC-CM_8.5,8.5,N
2079,1,2.840563774,CMCC-CM_8.5,8.5,N
2080,1,2.074673653,CMCC-CM_8.5,8.5,N
2081,1,2.233890533,CMCC-CM_8.5,8.5,N
2082,1,2.089333534,CMCC-CM_8.5,8.5,N
2083,1,2.989759445,CMCC-CM_8.5,8.5,N
2084,1,3.717520714,CMCC-CM_8.5,8.5,N
2085,1,3.291496277,CMCC-CM_8.5,8.5,N
2086,1,1.541008949,CMCC-CM_8.5,8.5,N
2087,1,2.009695053,CMCC-CM_8.5,8.5,N
2088,1,2.674876213,CMCC-CM_8.5,8.5,N
2089,1,2.866420746,CMCC-CM_8.5,8.5,N
2090,1,2.203718185,CMCC-CM_8.5,8.5,N
2091,1,2.218958855,CMCC-CM_8.5,8.5,N
2092,1,3.040940285,CMCC-CM_8.5,8.5,N
2093,1,2.272571564,CMCC-CM_8.5,8.5,N
2094,1,2.194153786,CMCC-CM_8.5,8.5,N
2095,1,2.043881416,CMCC-CM_8.5,8.5,N
2096,1,3.168999672,CMCC-CM_8.5,8.5,N
2097,1,3.263846397,CMCC-CM_8.5,8.5,N
2098,1,2.761059761,CMCC-CM_8.5,8.5,N
2099,1,3.293011665,CMCC-CM_8.5,8.5,N
2022,1,1.452634811,GFDL-ESM2G_8.5,8.5,N
2023,1,1.325007439,GFDL-ESM2G_8.5,8.5,N
2024,1,-0.249209404,GFDL-ESM2G_8.5,8.5,N
2025,1,0.796185493,GFDL-ESM2G_8.5,8.5,N
2026,1,-0.078536987,GFDL-ESM2G_8.5,8.5,N
2027,1,0.060404778,GFDL-ESM2G_8.5,8.5,N
2028,1,4.126926422,GFDL-ESM2G_8.5,8.5,N
2029,1,1.738163948,GFDL-ESM2G_8.5,8.5,N
2030,1,1.462065697,GFDL-ESM2G_8.5,8.5,N
2031,1,1.604374886,GFDL-ESM2G_8.5,8.5,N
2032,1,2.139199257,GFDL-ESM2G_8.5,8.5,N
2033,1,2.146644592,GFDL-ESM2G_8.5,8.5,N
2034,1,1.916378021,GFDL-ESM2G_8.5,8.5,N
2035,1,1.166357994,GFDL-ESM2G_8.5,8.5,N
2036,1,1.877093315,GFDL-ESM2G_8.5,8.5,N
2037,1,2.391601563,GFDL-ESM2G_8.5,8.5,N
2038,1,2.59403038,GFDL-ESM2G_8.5,8.5,N
2039,1,2.105465889,GFDL-ESM2G_8.5,8.5,N
2040,1,3.004455566,GFDL-ESM2G_8.5,8.5,N
2041,1,2.241897583,GFDL-ESM2G_8.5,8.5,N
2042,1,0.696840286,GFDL-ESM2G_8.5,8.5,N
2043,1,1.382964134,GFDL-ESM2G_8.5,8.5,N
2044,1,1.707662582,GFDL-ESM2G_8.5,8.5,N
2045,1,1.916185379,GFDL-ESM2G_8.5,8.5,N
2046,1,1.309121132,GFDL-ESM2G_8.5,8.5,N
2047,1,2.458221436,GFDL-ESM2G_8.5,8.5,N
2048,1,1.599850655,GFDL-ESM2G_8.5,8.5,N
2049,1,2.695436478,GFDL-ESM2G_8.5,8.5,N
2050,1,2.579903603,GFDL-ESM2G_8.5,8.5,N
2051,1,1.713827133,GFDL-ESM2G_8.5,8.5,N
2052,1,2.310967445,GFDL-ESM2G_8.5,8.5,N
2053,1,3.792187691,GFDL-ESM2G_8.5,8.5,N
2054,1,2.004935265,GFDL-ESM2G_8.5,8.5,N
2055,1,2.78502655,GFDL-ESM2G_8.5,8.5,N
2056,1,3.875781059,GFDL-ESM2G_8.5,8.5,N
2057,1,3.753975868,GFDL-ESM2G_8.5,8.5,N
2058,1,2.662653923,GFDL-ESM2G_8.5,8.5,N
2059,1,0.794428825,GFDL-ESM2G_8.5,8.5,N
2060,1,1.630767822,GFDL-ESM2G_8.5,8.5,N
2061,1,1.883227348,GFDL-ESM2G_8.5,8.5,N
2062,1,1.719195366,GFDL-ESM2G_8.5,8.5,N
2063,1,1.000673294,GFDL-ESM2G_8.5,8.5,N
2064,1,-0.039118767,GFDL-ESM2G_8.5,8.5,N
2065,1,0.938589096,GFDL-ESM2G_8.5,8.5,N
2066,1,3.920606613,GFDL-ESM2G_8.5,8.5,N
2067,1,3.571052551,GFDL-ESM2G_8.5,8.5,N
2068,1,2.286815643,GFDL-ESM2G_8.5,8.5,N
2069,1,2.676800728,GFDL-ESM2G_8.5,8.5,N
2070,1,2.817342758,GFDL-ESM2G_8.5,8.5,N
2071,1,0.863895416,GFDL-ESM2G_8.5,8.5,N
2072,1,3.712501526,GFDL-ESM2G_8.5,8.5,N
2073,1,2.678993225,GFDL-ESM2G_8.5,8.5,N
2074,1,2.20188427,GFDL-ESM2G_8.5,8.5,N
2075,1,4.897795677,GFDL-ESM2G_8.5,8.5,N
2076,1,3.114581108,GFDL-ESM2G_8.5,8.5,N
2077,1,3.461660385,GFDL-ESM2G_8.5,8.5,N
2078,1,2.51102829,GFDL-ESM2G_8.5,8.5,N
2079,1,2.366758347,GFDL-ESM2G_8.5,8.5,N
2080,1,3.512304306,GFDL-ESM2G_8.5,8.5,N
2081,1,2.148150444,GFDL-ESM2G_8.5,8.5,N
2082,1,1.481236458,GFDL-ESM2G_8.5,8.5,N
2083,1,3.85618782,GFDL-ESM2G_8.5,8.5,N
2084,1,0.499984741,GFDL-ESM2G_8.5,8.5,N
2085,1,2.801555634,GFDL-ESM2G_8.5,8.5,N
2086,1,2.730807304,GFDL-ESM2G_8.5,8.5,N
2087,1,5.150980949,GFDL-ESM2G_8.5,8.5,N
2088,1,3.081763268,GFDL-ESM2G_8.5,8.5,N
2089,1,3.607794762,GFDL-ESM2G_8.5,8.5,N
2090,1,5.17485714,GFDL-ESM2G_8.5,8.5,N
2091,1,4.101272583,GFDL-ESM2G_8.5,8.5,N
2092,1,3.150259972,GFDL-ESM2G_8.5,8.5,N
2093,1,3.103946686,GFDL-ESM2G_8.5,8.5,N
2094,1,4.5063591,GFDL-ESM2G_8.5,8.5,N
2095,1,2.962157249,GFDL-ESM2G_8.5,8.5,N
2096,1,5.003011703,GFDL-ESM2G_8.5,8.5,N
2097,1,5.491975784,GFDL-ESM2G_8.5,8.5,N
2098,1,4.751425743,GFDL-ESM2G_8.5,8.5,N
2099,1,4.137946129,GFDL-ESM2G_8.5,8.5,N
2022,1,0.874028206,HADGEM2-ES_8.5,8.5,Y
2023,1,0.912922859,HADGEM2-ES_8.5,8.5,Y
2024,1,0.895318031,HADGEM2-ES_8.5,8.5,Y
2025,1,0.912473679,HADGEM2-ES_8.5,8.5,Y
2026,1,0.944109917,HADGEM2-ES_8.5,8.5,Y
2027,1,0.950960159,HADGEM2-ES_8.5,8.5,Y
2028,1,0.991344452,HADGEM2-ES_8.5,8.5,Y
2029,1,1.104463577,HADGEM2-ES_8.5,8.5,Y
2030,1,1.174209595,HADGEM2-ES_8.5,8.5,Y
2031,1,1.233943939,HADGEM2-ES_8.5,8.5,Y
2032,1,1.277820587,HADGEM2-ES_8.5,8.5,Y
2033,1,1.302618027,HADGEM2-ES_8.5,8.5,Y
2034,1,1.329441071,HADGEM2-ES_8.5,8.5,Y
2035,1,1.374715805,HADGEM2-ES_8.5,8.5,Y
2036,1,1.413202286,HADGEM2-ES_8.5,8.5,Y
2037,1,1.436800957,HADGEM2-ES_8.5,8.5,Y
2038,1,1.495363235,HADGEM2-ES_8.5,8.5,Y
2039,1,1.558452606,HADGEM2-ES_8.5,8.5,Y
2040,1,1.64726162,HADGEM2-ES_8.5,8.5,Y
2041,1,1.726624489,HADGEM2-ES_8.5,8.5,Y
2042,1,1.790765762,HADGEM2-ES_8.5,8.5,Y
2043,1,1.845784187,HADGEM2-ES_8.5,8.5,Y
2044,1,1.943883896,HADGEM2-ES_8.5,8.5,Y
2045,1,2.014984131,HADGEM2-ES_8.5,8.5,Y
2046,1,2.068520546,HADGEM2-ES_8.5,8.5,Y
2047,1,2.157633781,HADGEM2-ES_8.5,8.5,Y
2048,1,2.211651802,HADGEM2-ES_8.5,8.5,Y
2049,1,2.301765442,HADGEM2-ES_8.5,8.5,Y
2050,1,2.359659195,HADGEM2-ES_8.5,8.5,Y
2051,1,2.424705505,HADGEM2-ES_8.5,8.5,Y
2052,1,2.499835968,HADGEM2-ES_8.5,8.5,Y
2053,1,2.544013023,HADGEM2-ES_8.5,8.5,Y
2054,1,2.622859955,HADGEM2-ES_8.5,8.5,Y
2055,1,2.674708366,HADGEM2-ES_8.5,8.5,Y
2056,1,2.761217117,HADGEM2-ES_8.5,8.5,Y
2057,1,2.841013908,HADGEM2-ES_8.5,8.5,Y
2058,1,2.895327568,HADGEM2-ES_8.5,8.5,Y
2059,1,2.979640961,HADGEM2-ES_8.5,8.5,Y
2060,1,3.014719009,HADGEM2-ES_8.5,8.5,Y
2061,1,3.042180061,HADGEM2-ES_8.5,8.5,Y
2062,1,3.083275795,HADGEM2-ES_8.5,8.5,Y
2063,1,3.197451591,HADGEM2-ES_8.5,8.5,Y
2064,1,3.278411865,HADGEM2-ES_8.5,8.5,Y
2065,1,3.305077553,HADGEM2-ES_8.5,8.5,Y
2066,1,3.367332458,HADGEM2-ES_8.5,8.5,Y
2067,1,3.374435425,HADGEM2-ES_8.5,8.5,Y
2068,1,3.430653572,HADGEM2-ES_8.5,8.5,Y
2069,1,3.467499733,HADGEM2-ES_8.5,8.5,Y
2070,1,3.54140377,HADGEM2-ES_8.5,8.5,Y
2071,1,3.615533829,HADGEM2-ES_8.5,8.5,Y
2072,1,3.669283867,HADGEM2-ES_8.5,8.5,Y
2073,1,3.746447563,HADGEM2-ES_8.5,8.5,Y
2074,1,3.783491135,HADGEM2-ES_8.5,8.5,Y
2075,1,3.845677376,HADGEM2-ES_8.5,8.5,Y
2076,1,3.887584686,HADGEM2-ES_8.5,8.5,Y
2077,1,3.956138611,HADGEM2-ES_8.5,8.5,Y
2078,1,4.01086235,HADGEM2-ES_8.5,8.5,Y
2079,1,4.080886841,HADGEM2-ES_8.5,8.5,Y
2080,1,4.213699341,HADGEM2-ES_8.5,8.5,Y
2081,1,4.324147224,HADGEM2-ES_8.5,8.5,Y
2082,1,4.38642025,HADGEM2-ES_8.5,8.5,Y
2083,1,4.381739616,HADGEM2-ES_8.5,8.5,Y
2084,1,4.379677773,HADGEM2-ES_8.5,8.5,Y
2085,1,4.428251266,HADGEM2-ES_8.5,8.5,Y
2086,1,4.493370056,HADGEM2-ES_8.5,8.5,Y
2087,1,4.588284492,HADGEM2-ES_8.5,8.5,Y
2088,1,4.663220406,HADGEM2-ES_8.5,8.5,Y
2089,1,4.69584465,HADGEM2-ES_8.5,8.5,Y
2090,1,NA,HADGEM2-ES_8.5,8.5,Y
2091,1,NA,HADGEM2-ES_8.5,8.5,Y
2092,1,NA,HADGEM2-ES_8.5,8.5,Y
2093,1,NA,HADGEM2-ES_8.5,8.5,Y
2094,1,NA,HADGEM2-ES_8.5,8.5,Y
2095,1,NA,HADGEM2-ES_8.5,8.5,Y
2096,1,NA,HADGEM2-ES_8.5,8.5,Y
2097,1,NA,HADGEM2-ES_8.5,8.5,Y
2098,1,NA,HADGEM2-ES_8.5,8.5,Y
2099,1,NA,HADGEM2-ES_8.5,8.5,Y
2022,1,0.932435036,IPSL-CM5A-LR_8.5,8.5,N
2023,1,0.746643066,IPSL-CM5A-LR_8.5,8.5,N
2024,1,0.753246307,IPSL-CM5A-LR_8.5,8.5,N
2025,1,2.244307518,IPSL-CM5A-LR_8.5,8.5,N
2026,1,1.157655716,IPSL-CM5A-LR_8.5,8.5,N
2027,1,2.170615196,IPSL-CM5A-LR_8.5,8.5,N
2028,1,1.786100388,IPSL-CM5A-LR_8.5,8.5,N
2029,1,1.295934677,IPSL-CM5A-LR_8.5,8.5,N
2030,1,3.22930336,IPSL-CM5A-LR_8.5,8.5,N
2031,1,1.650269508,IPSL-CM5A-LR_8.5,8.5,N
2032,1,1.789909363,IPSL-CM5A-LR_8.5,8.5,N
2033,1,0.749232292,IPSL-CM5A-LR_8.5,8.5,N
2034,1,0.866864204,IPSL-CM5A-LR_8.5,8.5,N
2035,1,1.773393631,IPSL-CM5A-LR_8.5,8.5,N
2036,1,-0.201734543,IPSL-CM5A-LR_8.5,8.5,N
2037,1,2.071023941,IPSL-CM5A-LR_8.5,8.5,N
2038,1,2.685693741,IPSL-CM5A-LR_8.5,8.5,N
2039,1,0.141562462,IPSL-CM5A-LR_8.5,8.5,N
2040,1,1.098665237,IPSL-CM5A-LR_8.5,8.5,N
2041,1,1.906887054,IPSL-CM5A-LR_8.5,8.5,N
2042,1,1.54481411,IPSL-CM5A-LR_8.5,8.5,N
2043,1,1.863324165,IPSL-CM5A-LR_8.5,8.5,N
2044,1,2.871325493,IPSL-CM5A-LR_8.5,8.5,N
2045,1,3.589682579,IPSL-CM5A-LR_8.5,8.5,N
2046,1,1.560074806,IPSL-CM5A-LR_8.5,8.5,N
2047,1,0.65866375,IPSL-CM5A-LR_8.5,8.5,N
2048,1,4.107920647,IPSL-CM5A-LR_8.5,8.5,N
2049,1,2.620658875,IPSL-CM5A-LR_8.5,8.5,N
2050,1,3.531339645,IPSL-CM5A-LR_8.5,8.5,N
2051,1,1.377521515,IPSL-CM5A-LR_8.5,8.5,N
2052,1,1.460582733,IPSL-CM5A-LR_8.5,8.5,N
2053,1,2.272800446,IPSL-CM5A-LR_8.5,8.5,N
2054,1,3.123102188,IPSL-CM5A-LR_8.5,8.5,N
2055,1,2.612104416,IPSL-CM5A-LR_8.5,8.5,N
2056,1,2.633955002,IPSL-CM5A-LR_8.5,8.5,N
2057,1,1.826593399,IPSL-CM5A-LR_8.5,8.5,N
2058,1,2.318662643,IPSL-CM5A-LR_8.5,8.5,N
2059,1,2.31834507,IPSL-CM5A-LR_8.5,8.5,N
2060,1,2.561000824,IPSL-CM5A-LR_8.5,8.5,N
2061,1,3.206773758,IPSL-CM5A-LR_8.5,8.5,N
2062,1,2.849787712,IPSL-CM5A-LR_8.5,8.5,N
2063,1,4.123850822,IPSL-CM5A-LR_8.5,8.5,N
2064,1,2.163437843,IPSL-CM5A-LR_8.5,8.5,N
2065,1,3.508957863,IPSL-CM5A-LR_8.5,8.5,N
2066,1,3.736420631,IPSL-CM5A-LR_8.5,8.5,N
2067,1,2.51919651,IPSL-CM5A-LR_8.5,8.5,N
2068,1,2.745101929,IPSL-CM5A-LR_8.5,8.5,N
2069,1,3.513597488,IPSL-CM5A-LR_8.5,8.5,N
2070,1,3.945228577,IPSL-CM5A-LR_8.5,8.5,N
2071,1,4.231134415,IPSL-CM5A-LR_8.5,8.5,N
2072,1,3.011315346,IPSL-CM5A-LR_8.5,8.5,N
2073,1,3.704874039,IPSL-CM5A-LR_8.5,8.5,N
2074,1,3.485201836,IPSL-CM5A-LR_8.5,8.5,N
2075,1,2.728640556,IPSL-CM5A-LR_8.5,8.5,N
2076,1,3.169622421,IPSL-CM5A-LR_8.5,8.5,N
2077,1,2.643286705,IPSL-CM5A-LR_8.5,8.5,N
2078,1,4.292797089,IPSL-CM5A-LR_8.5,8.5,N
2079,1,2.926833153,IPSL-CM5A-LR_8.5,8.5,N
2080,1,3.100405693,IPSL-CM5A-LR_8.5,8.5,N
2081,1,4.6527071,IPSL-CM5A-LR_8.5,8.5,N
2082,1,2.874652863,IPSL-CM5A-LR_8.5,8.5,N
2083,1,3.875969887,IPSL-CM5A-LR_8.5,8.5,N
2084,1,4.988997459,IPSL-CM5A-LR_8.5,8.5,N
2085,1,3.528502464,IPSL-CM5A-LR_8.5,8.5,N
2086,1,3.415356636,IPSL-CM5A-LR_8.5,8.5,N
2087,1,4.859976768,IPSL-CM5A-LR_8.5,8.5,N
2088,1,4.779400826,IPSL-CM5A-LR_8.5,8.5,N
2089,1,3.969445229,IPSL-CM5A-LR_8.5,8.5,N
2090,1,5.116906166,IPSL-CM5A-LR_8.5,8.5,N
2091,1,4.868697166,IPSL-CM5A-LR_8.5,8.5,N
2092,1,2.882398605,IPSL-CM5A-LR_8.5,8.5,N
2093,1,3.382695198,IPSL-CM5A-LR_8.5,8.5,N
2094,1,4.295574188,IPSL-CM5A-LR_8.5,8.5,N
2095,1,4.186904907,IPSL-CM5A-LR_8.5,8.5,N
2096,1,6.329604149,IPSL-CM5A-LR_8.5,8.5,N
2097,1,5.735190392,IPSL-CM5A-LR_8.5,8.5,N
2098,1,5.674300194,IPSL-CM5A-LR_8.5,8.5,N
2099,1,5.849944115,IPSL-CM5A-LR_8.5,8.5,N
2022,1,0.004945755,IPSL-CM5A-MR_8.5,8.5,N
2023,1,0.970806122,IPSL-CM5A-MR_8.5,8.5,N
2024,1,0.348884583,IPSL-CM5A-MR_8.5,8.5,N
2025,1,1.158021927,IPSL-CM5A-MR_8.5,8.5,N
2026,1,0.737084389,IPSL-CM5A-MR_8.5,8.5,N
2027,1,-0.01380825,IPSL-CM5A-MR_8.5,8.5,N
2028,1,0.508946419,IPSL-CM5A-MR_8.5,8.5,N
2029,1,1.256083488,IPSL-CM5A-MR_8.5,8.5,N
2030,1,1.835307121,IPSL-CM5A-MR_8.5,8.5,N
2031,1,1.559803009,IPSL-CM5A-MR_8.5,8.5,N
2032,1,1.269950867,IPSL-CM5A-MR_8.5,8.5,N
2033,1,1.993659973,IPSL-CM5A-MR_8.5,8.5,N
2034,1,0.441274643,IPSL-CM5A-MR_8.5,8.5,N
2035,1,1.431596756,IPSL-CM5A-MR_8.5,8.5,N
2036,1,0.96165657,IPSL-CM5A-MR_8.5,8.5,N
2037,1,2.12947464,IPSL-CM5A-MR_8.5,8.5,N
2038,1,1.356592178,IPSL-CM5A-MR_8.5,8.5,N
2039,1,0.534067154,IPSL-CM5A-MR_8.5,8.5,N
2040,1,-0.31629467,IPSL-CM5A-MR_8.5,8.5,N
2041,1,2.218819618,IPSL-CM5A-MR_8.5,8.5,N
2042,1,1.647574425,IPSL-CM5A-MR_8.5,8.5,N
2043,1,1.574902534,IPSL-CM5A-MR_8.5,8.5,N
2044,1,1.02623558,IPSL-CM5A-MR_8.5,8.5,N
2045,1,0.993099213,IPSL-CM5A-MR_8.5,8.5,N
2046,1,1.403857231,IPSL-CM5A-MR_8.5,8.5,N
2047,1,3.471532822,IPSL-CM5A-MR_8.5,8.5,N
2048,1,2.842388153,IPSL-CM5A-MR_8.5,8.5,N
2049,1,0.410889626,IPSL-CM5A-MR_8.5,8.5,N
2050,1,1.821455956,IPSL-CM5A-MR_8.5,8.5,N
2051,1,2.399261475,IPSL-CM5A-MR_8.5,8.5,N
2052,1,1.042585373,IPSL-CM5A-MR_8.5,8.5,N
2053,1,2.211546898,IPSL-CM5A-MR_8.5,8.5,N
2054,1,1.878652573,IPSL-CM5A-MR_8.5,8.5,N
2055,1,2.036079407,IPSL-CM5A-MR_8.5,8.5,N
2056,1,2.077665329,IPSL-CM5A-MR_8.5,8.5,N
2057,1,1.645277023,IPSL-CM5A-MR_8.5,8.5,N
2058,1,1.582515717,IPSL-CM5A-MR_8.5,8.5,N
2059,1,2.393688202,IPSL-CM5A-MR_8.5,8.5,N
2060,1,3.352320671,IPSL-CM5A-MR_8.5,8.5,N
2061,1,2.839729309,IPSL-CM5A-MR_8.5,8.5,N
2062,1,2.835030556,IPSL-CM5A-MR_8.5,8.5,N
2063,1,1.366415024,IPSL-CM5A-MR_8.5,8.5,N
2064,1,4.05537796,IPSL-CM5A-MR_8.5,8.5,N
2065,1,2.915657043,IPSL-CM5A-MR_8.5,8.5,N
2066,1,3.220689774,IPSL-CM5A-MR_8.5,8.5,N
2067,1,3.513954163,IPSL-CM5A-MR_8.5,8.5,N
2068,1,2.950757027,IPSL-CM5A-MR_8.5,8.5,N
2069,1,3.475811005,IPSL-CM5A-MR_8.5,8.5,N
2070,1,3.527262688,IPSL-CM5A-MR_8.5,8.5,N
2071,1,3.952004433,IPSL-CM5A-MR_8.5,8.5,N
2072,1,3.257868767,IPSL-CM5A-MR_8.5,8.5,N
2073,1,3.751893044,IPSL-CM5A-MR_8.5,8.5,N
2074,1,2.139158249,IPSL-CM5A-MR_8.5,8.5,N
2075,1,4.848158836,IPSL-CM5A-MR_8.5,8.5,N
2076,1,3.531362534,IPSL-CM5A-MR_8.5,8.5,N
2077,1,3.825985909,IPSL-CM5A-MR_8.5,8.5,N
2078,1,3.823008537,IPSL-CM5A-MR_8.5,8.5,N
2079,1,4.954527855,IPSL-CM5A-MR_8.5,8.5,N
2080,1,4.769065857,IPSL-CM5A-MR_8.5,8.5,N
2081,1,3.00382328,IPSL-CM5A-MR_8.5,8.5,N
2082,1,2.92800808,IPSL-CM5A-MR_8.5,8.5,N
2083,1,3.592942238,IPSL-CM5A-MR_8.5,8.5,N
2084,1,2.544507027,IPSL-CM5A-MR_8.5,8.5,N
2085,1,2.594346046,IPSL-CM5A-MR_8.5,8.5,N
2086,1,3.746482849,IPSL-CM5A-MR_8.5,8.5,N
2087,1,4.610226631,IPSL-CM5A-MR_8.5,8.5,N
2088,1,2.999738693,IPSL-CM5A-MR_8.5,8.5,N
2089,1,3.501322746,IPSL-CM5A-MR_8.5,8.5,N
2090,1,4.038691521,IPSL-CM5A-MR_8.5,8.5,N
2091,1,3.745056152,IPSL-CM5A-MR_8.5,8.5,N
2092,1,3.519566536,IPSL-CM5A-MR_8.5,8.5,N
2093,1,5.576032639,IPSL-CM5A-MR_8.5,8.5,N
2094,1,4.110647202,IPSL-CM5A-MR_8.5,8.5,N
2095,1,5.106285095,IPSL-CM5A-MR_8.5,8.5,N
2096,1,4.280190468,IPSL-CM5A-MR_8.5,8.5,N
2097,1,5.081015587,IPSL-CM5A-MR_8.5,8.5,N
2098,1,4.012876511,IPSL-CM5A-MR_8.5,8.5,N
2099,1,4.267138481,IPSL-CM5A-MR_8.5,8.5,N
2022,1,0.455025673,MIROC5_8.5,8.5,Y
2023,1,0.145077705,MIROC5_8.5,8.5,Y
2024,1,1.021455765,MIROC5_8.5,8.5,Y
2025,1,0.713370323,MIROC5_8.5,8.5,Y
2026,1,-0.256622314,MIROC5_8.5,8.5,Y
2027,1,-0.421031952,MIROC5_8.5,8.5,Y
2028,1,2.734065056,MIROC5_8.5,8.5,Y
2029,1,0.54933548,MIROC5_8.5,8.5,Y
2030,1,0.350346565,MIROC5_8.5,8.5,Y
2031,1,-0.487833023,MIROC5_8.5,8.5,Y
2032,1,-0.130567551,MIROC5_8.5,8.5,Y
2033,1,0.757757187,MIROC5_8.5,8.5,Y
2034,1,2.368274689,MIROC5_8.5,8.5,Y
2035,1,0.237277985,MIROC5_8.5,8.5,Y
2036,1,0.734902382,MIROC5_8.5,8.5,Y
2037,1,0.249497414,MIROC5_8.5,8.5,Y
2038,1,2.13713932,MIROC5_8.5,8.5,Y
2039,1,1.635745049,MIROC5_8.5,8.5,Y
2040,1,1.192747116,MIROC5_8.5,8.5,Y
2041,1,0.139517784,MIROC5_8.5,8.5,Y
2042,1,1.752218246,MIROC5_8.5,8.5,Y
2043,1,1.1905756,MIROC5_8.5,8.5,Y
2044,1,1.011838913,MIROC5_8.5,8.5,Y
2045,1,0.062988281,MIROC5_8.5,8.5,Y
2046,1,0.142812729,MIROC5_8.5,8.5,Y
2047,1,1.458388329,MIROC5_8.5,8.5,Y
2048,1,0.652433395,MIROC5_8.5,8.5,Y
2049,1,1.132984161,MIROC5_8.5,8.5,Y
2050,1,-0.168262482,MIROC5_8.5,8.5,Y
2051,1,-1.18273735,MIROC5_8.5,8.5,Y
2052,1,0.578256607,MIROC5_8.5,8.5,Y
2053,1,2.119623184,MIROC5_8.5,8.5,Y
2054,1,2.171639442,MIROC5_8.5,8.5,Y
2055,1,2.401087761,MIROC5_8.5,8.5,Y
2056,1,1.304003716,MIROC5_8.5,8.5,Y
2057,1,1.133741379,MIROC5_8.5,8.5,Y
2058,1,1.777277946,MIROC5_8.5,8.5,Y
2059,1,1.155441284,MIROC5_8.5,8.5,Y
2060,1,2.258822441,MIROC5_8.5,8.5,Y
2061,1,1.462883949,MIROC5_8.5,8.5,Y
2062,1,1.594102859,MIROC5_8.5,8.5,Y
2063,1,0.566957474,MIROC5_8.5,8.5,Y
2064,1,2.516501427,MIROC5_8.5,8.5,Y
2065,1,1.806282043,MIROC5_8.5,8.5,Y
2066,1,1.83293438,MIROC5_8.5,8.5,Y
2067,1,2.471125603,MIROC5_8.5,8.5,Y
2068,1,2.208296776,MIROC5_8.5,8.5,Y
2069,1,0.574484825,MIROC5_8.5,8.5,Y
2070,1,0.851333618,MIROC5_8.5,8.5,Y
2071,1,1.913478851,MIROC5_8.5,8.5,Y
2072,1,2.636614799,MIROC5_8.5,8.5,Y
2073,1,2.498454094,MIROC5_8.5,8.5,Y
2074,1,2.121797562,MIROC5_8.5,8.5,Y
2075,1,1.45501709,MIROC5_8.5,8.5,Y
2076,1,3.656939507,MIROC5_8.5,8.5,Y
2077,1,2.615838051,MIROC5_8.5,8.5,Y
2078,1,2.60164547,MIROC5_8.5,8.5,Y
2079,1,1.633424759,MIROC5_8.5,8.5,Y
2080,1,0.814740181,MIROC5_8.5,8.5,Y
2081,1,2.249623299,MIROC5_8.5,8.5,Y
2082,1,2.38962841,MIROC5_8.5,8.5,Y
2083,1,3.014860153,MIROC5_8.5,8.5,Y
2084,1,2.355659485,MIROC5_8.5,8.5,Y
2085,1,1.220471382,MIROC5_8.5,8.5,Y
2086,1,1.965367317,MIROC5_8.5,8.5,Y
2087,1,3.086667061,MIROC5_8.5,8.5,Y
2088,1,3.468297005,MIROC5_8.5,8.5,Y
2089,1,2.29186058,MIROC5_8.5,8.5,Y
2090,1,2.717544556,MIROC5_8.5,8.5,Y
2091,1,2.869529724,MIROC5_8.5,8.5,Y
2092,1,3.165898323,MIROC5_8.5,8.5,Y
2093,1,2.456335068,MIROC5_8.5,8.5,Y
2094,1,2.455910683,MIROC5_8.5,8.5,Y
2095,1,2.452263832,MIROC5_8.5,8.5,Y
2096,1,3.254193306,MIROC5_8.5,8.5,Y
2097,1,2.649785042,MIROC5_8.5,8.5,Y
2098,1,3.261116982,MIROC5_8.5,8.5,Y
2099,1,2.271958351,MIROC5_8.5,8.5,Y
2022,1,1.25353241,MIROC-ESM_8.5,8.5,Y
2023,1,0.41309166,MIROC-ESM_8.5,8.5,Y
2024,1,0.549906731,MIROC-ESM_8.5,8.5,Y
2025,1,1.887482643,MIROC-ESM_8.5,8.5,Y
2026,1,1.637450218,MIROC-ESM_8.5,8.5,Y
2027,1,2.338424683,MIROC-ESM_8.5,8.5,Y
2028,1,1.329906464,MIROC-ESM_8.5,8.5,Y
2029,1,0.833245277,MIROC-ESM_8.5,8.5,Y
2030,1,0.647158623,MIROC-ESM_8.5,8.5,Y
2031,1,1.410248756,MIROC-ESM_8.5,8.5,Y
2032,1,-0.077068329,MIROC-ESM_8.5,8.5,Y
2033,1,1.944097519,MIROC-ESM_8.5,8.5,Y
2034,1,1.376020432,MIROC-ESM_8.5,8.5,Y
2035,1,1.796415329,MIROC-ESM_8.5,8.5,Y
2036,1,3.153556824,MIROC-ESM_8.5,8.5,Y
2037,1,1.055901527,MIROC-ESM_8.5,8.5,Y
2038,1,2.76668644,MIROC-ESM_8.5,8.5,Y
2039,1,1.486488342,MIROC-ESM_8.5,8.5,Y
2040,1,1.961027145,MIROC-ESM_8.5,8.5,Y
2041,1,0.334851265,MIROC-ESM_8.5,8.5,Y
2042,1,1.645133972,MIROC-ESM_8.5,8.5,Y
2043,1,1.904096603,MIROC-ESM_8.5,8.5,Y
2044,1,1.460833549,MIROC-ESM_8.5,8.5,Y
2045,1,1.727240562,MIROC-ESM_8.5,8.5,Y
2046,1,3.054385185,MIROC-ESM_8.5,8.5,Y
2047,1,2.430969238,MIROC-ESM_8.5,8.5,Y
2048,1,0.835808754,MIROC-ESM_8.5,8.5,Y
2049,1,2.316533089,MIROC-ESM_8.5,8.5,Y
2050,1,1.991978645,MIROC-ESM_8.5,8.5,Y
2051,1,2.343802452,MIROC-ESM_8.5,8.5,Y
2052,1,1.535741806,MIROC-ESM_8.5,8.5,Y
2053,1,2.714158058,MIROC-ESM_8.5,8.5,Y
2054,1,2.665611267,MIROC-ESM_8.5,8.5,Y
2055,1,1.867471695,MIROC-ESM_8.5,8.5,Y
2056,1,2.529523849,MIROC-ESM_8.5,8.5,Y
2057,1,2.600297928,MIROC-ESM_8.5,8.5,Y
2058,1,2.676517487,MIROC-ESM_8.5,8.5,Y
2059,1,1.99928093,MIROC-ESM_8.5,8.5,Y
2060,1,3.632975578,MIROC-ESM_8.5,8.5,Y
2061,1,2.754084587,MIROC-ESM_8.5,8.5,Y
2062,1,2.309311867,MIROC-ESM_8.5,8.5,Y
2063,1,2.474060059,MIROC-ESM_8.5,8.5,Y
2064,1,2.778092384,MIROC-ESM_8.5,8.5,Y
2065,1,3.172424316,MIROC-ESM_8.5,8.5,Y
2066,1,3.842719078,MIROC-ESM_8.5,8.5,Y
2067,1,2.528378487,MIROC-ESM_8.5,8.5,Y
2068,1,3.463623047,MIROC-ESM_8.5,8.5,Y
2069,1,3.677965164,MIROC-ESM_8.5,8.5,Y
2070,1,3.798859596,MIROC-ESM_8.5,8.5,Y
2071,1,5.009095192,MIROC-ESM_8.5,8.5,Y
2072,1,4.046764374,MIROC-ESM_8.5,8.5,Y
2073,1,3.911551476,MIROC-ESM_8.5,8.5,Y
2074,1,3.296777725,MIROC-ESM_8.5,8.5,Y
2075,1,2.690803528,MIROC-ESM_8.5,8.5,Y
2076,1,3.041790009,MIROC-ESM_8.5,8.5,Y
2077,1,2.352941513,MIROC-ESM_8.5,8.5,Y
2078,1,3.700653076,MIROC-ESM_8.5,8.5,Y
2079,1,5.038298607,MIROC-ESM_8.5,8.5,Y
2080,1,4.483836174,MIROC-ESM_8.5,8.5,Y
2081,1,4.382185936,MIROC-ESM_8.5,8.5,Y
2082,1,3.727924347,MIROC-ESM_8.5,8.5,Y
2083,1,4.165389061,MIROC-ESM_8.5,8.5,Y
2084,1,5.047110558,MIROC-ESM_8.5,8.5,Y
2085,1,5.530776024,MIROC-ESM_8.5,8.5,Y
2086,1,3.850137711,MIROC-ESM_8.5,8.5,Y
2087,1,4.577731133,MIROC-ESM_8.5,8.5,Y
2088,1,4.170636177,MIROC-ESM_8.5,8.5,Y
2089,1,3.680966377,MIROC-ESM_8.5,8.5,Y
2090,1,3.697547913,MIROC-ESM_8.5,8.5,Y
2091,1,4.607512474,MIROC-ESM_8.5,8.5,Y
2092,1,4.930693626,MIROC-ESM_8.5,8.5,Y
2093,1,4.374264717,MIROC-ESM_8.5,8.5,Y
2094,1,4.105368614,MIROC-ESM_8.5,8.5,Y
2095,1,4.694973946,MIROC-ESM_8.5,8.5,Y
2096,1,4.389782906,MIROC-ESM_8.5,8.5,Y
2097,1,6.099705696,MIROC-ESM_8.5,8.5,Y
2098,1,4.994076729,MIROC-ESM_8.5,8.5,Y
2099,1,5.263764381,MIROC-ESM_8.5,8.5,Y
2022,1,1.318299294,MPI-ESM-LR_8.5,8.5,Y
2023,1,0.489391327,MPI-ESM-LR_8.5,8.5,Y
2024,1,0.688418388,MPI-ESM-LR_8.5,8.5,Y
2025,1,0.363322258,MPI-ESM-LR_8.5,8.5,Y
2026,1,0.930641174,MPI-ESM-LR_8.5,8.5,Y
2027,1,1.676652908,MPI-ESM-LR_8.5,8.5,Y
2028,1,-0.098139763,MPI-ESM-LR_8.5,8.5,Y
2029,1,0.160367966,MPI-ESM-LR_8.5,8.5,Y
2030,1,-0.621941566,MPI-ESM-LR_8.5,8.5,Y
2031,1,-0.261768341,MPI-ESM-LR_8.5,8.5,Y
2032,1,1.255042076,MPI-ESM-LR_8.5,8.5,Y
2033,1,2.029500008,MPI-ESM-LR_8.5,8.5,Y
2034,1,1.149664879,MPI-ESM-LR_8.5,8.5,Y
2035,1,0.199390411,MPI-ESM-LR_8.5,8.5,Y
2036,1,0.350823402,MPI-ESM-LR_8.5,8.5,Y
2037,1,0.290049553,MPI-ESM-LR_8.5,8.5,Y
2038,1,0.300296783,MPI-ESM-LR_8.5,8.5,Y
2039,1,1.346873283,MPI-ESM-LR_8.5,8.5,Y
2040,1,0.634422302,MPI-ESM-LR_8.5,8.5,Y
2041,1,0.845648766,MPI-ESM-LR_8.5,8.5,Y
2042,1,1.392847061,MPI-ESM-LR_8.5,8.5,Y
2043,1,2.01043129,MPI-ESM-LR_8.5,8.5,Y
2044,1,0.780011177,MPI-ESM-LR_8.5,8.5,Y
2045,1,0.740231514,MPI-ESM-LR_8.5,8.5,Y
2046,1,2.02299118,MPI-ESM-LR_8.5,8.5,Y
2047,1,1.032155991,MPI-ESM-LR_8.5,8.5,Y
2048,1,1.222841263,MPI-ESM-LR_8.5,8.5,Y
2049,1,1.191473961,MPI-ESM-LR_8.5,8.5,Y
2050,1,1.103265762,MPI-ESM-LR_8.5,8.5,Y
2051,1,1.610905647,MPI-ESM-LR_8.5,8.5,Y
2052,1,1.589949608,MPI-ESM-LR_8.5,8.5,Y
2053,1,3.092095375,MPI-ESM-LR_8.5,8.5,Y
2054,1,1.702619553,MPI-ESM-LR_8.5,8.5,Y
2055,1,2.090096474,MPI-ESM-LR_8.5,8.5,Y
2056,1,1.530581474,MPI-ESM-LR_8.5,8.5,Y
2057,1,2.433856964,MPI-ESM-LR_8.5,8.5,Y
2058,1,0.875574112,MPI-ESM-LR_8.5,8.5,Y
2059,1,1.248189926,MPI-ESM-LR_8.5,8.5,Y
2060,1,1.823655128,MPI-ESM-LR_8.5,8.5,Y
2061,1,2.633713722,MPI-ESM-LR_8.5,8.5,Y
2062,1,1.619874954,MPI-ESM-LR_8.5,8.5,Y
2063,1,2.408921242,MPI-ESM-LR_8.5,8.5,Y
2064,1,1.581450462,MPI-ESM-LR_8.5,8.5,Y
2065,1,0.996959686,MPI-ESM-LR_8.5,8.5,Y
2066,1,1.211584091,MPI-ESM-LR_8.5,8.5,Y
2067,1,2.343859673,MPI-ESM-LR_8.5,8.5,Y
2068,1,4.031788826,MPI-ESM-LR_8.5,8.5,Y
2069,1,4.690966606,MPI-ESM-LR_8.5,8.5,Y
2070,1,2.072161674,MPI-ESM-LR_8.5,8.5,Y
2071,1,2.63180542,MPI-ESM-LR_8.5,8.5,Y
2072,1,2.976802826,MPI-ESM-LR_8.5,8.5,Y
2073,1,3.105929375,MPI-ESM-LR_8.5,8.5,Y
2074,1,2.36581707,MPI-ESM-LR_8.5,8.5,Y
2075,1,2.938260078,MPI-ESM-LR_8.5,8.5,Y
2076,1,4.215688705,MPI-ESM-LR_8.5,8.5,Y
2077,1,2.919031143,MPI-ESM-LR_8.5,8.5,Y
2078,1,3.881646156,MPI-ESM-LR_8.5,8.5,Y
2079,1,2.678953171,MPI-ESM-LR_8.5,8.5,Y
2080,1,1.595014572,MPI-ESM-LR_8.5,8.5,Y
2081,1,2.38383007,MPI-ESM-LR_8.5,8.5,Y
2082,1,1.978631973,MPI-ESM-LR_8.5,8.5,Y
2083,1,3.773314476,MPI-ESM-LR_8.5,8.5,Y
2084,1,3.715209007,MPI-ESM-LR_8.5,8.5,Y
2085,1,2.56788826,MPI-ESM-LR_8.5,8.5,Y
2086,1,2.44230938,MPI-ESM-LR_8.5,8.5,Y
2087,1,4.089510918,MPI-ESM-LR_8.5,8.5,Y
2088,1,4.653255463,MPI-ESM-LR_8.5,8.5,Y
2089,1,3.622723579,MPI-ESM-LR_8.5,8.5,Y
2090,1,3.912166595,MPI-ESM-LR_8.5,8.5,Y
2091,1,4.413031578,MPI-ESM-LR_8.5,8.5,Y
2092,1,3.417588234,MPI-ESM-LR_8.5,8.5,Y
2093,1,3.773821831,MPI-ESM-LR_8.5,8.5,Y
2094,1,3.497537613,MPI-ESM-LR_8.5,8.5,Y
2095,1,3.891717911,MPI-ESM-LR_8.5,8.5,Y
2096,1,3.740515709,MPI-ESM-LR_8.5,8.5,Y
2097,1,3.595467567,MPI-ESM-LR_8.5,8.5,Y
2098,1,2.849117279,MPI-ESM-LR_8.5,8.5,Y
2099,1,3.012490273,MPI-ESM-LR_8.5,8.5,Y
2022,1,1.182646751,MPI-ESM-MR_8.5,8.5,Y
2023,1,0.897504807,MPI-ESM-MR_8.5,8.5,Y
2024,1,1.600520134,MPI-ESM-MR_8.5,8.5,Y
2025,1,0.65113163,MPI-ESM-MR_8.5,8.5,Y
2026,1,-0.255778313,MPI-ESM-MR_8.5,8.5,Y
2027,1,0.866754532,MPI-ESM-MR_8.5,8.5,Y
2028,1,1.516523361,MPI-ESM-MR_8.5,8.5,Y
2029,1,3.608341217,MPI-ESM-MR_8.5,8.5,Y
2030,1,1.847417831,MPI-ESM-MR_8.5,8.5,Y
2031,1,0.231906891,MPI-ESM-MR_8.5,8.5,Y
2032,1,0.572903633,MPI-ESM-MR_8.5,8.5,Y
2033,1,1.028335571,MPI-ESM-MR_8.5,8.5,Y
2034,1,-0.86793232,MPI-ESM-MR_8.5,8.5,Y
2035,1,0.427304268,MPI-ESM-MR_8.5,8.5,Y
2036,1,0.233872414,MPI-ESM-MR_8.5,8.5,Y
2037,1,1.394353867,MPI-ESM-MR_8.5,8.5,Y
2038,1,0.311354637,MPI-ESM-MR_8.5,8.5,Y
2039,1,0.857738495,MPI-ESM-MR_8.5,8.5,Y
2040,1,1.069196701,MPI-ESM-MR_8.5,8.5,Y
2041,1,1.081095695,MPI-ESM-MR_8.5,8.5,Y
2042,1,1.146695137,MPI-ESM-MR_8.5,8.5,Y
2043,1,1.030332565,MPI-ESM-MR_8.5,8.5,Y
2044,1,2.138774872,MPI-ESM-MR_8.5,8.5,Y
2045,1,1.589054108,MPI-ESM-MR_8.5,8.5,Y
2046,1,1.846252441,MPI-ESM-MR_8.5,8.5,Y
2047,1,1.481330872,MPI-ESM-MR_8.5,8.5,Y
2048,1,0.805652618,MPI-ESM-MR_8.5,8.5,Y
2049,1,2.270551682,MPI-ESM-MR_8.5,8.5,Y
2050,1,3.02152729,MPI-ESM-MR_8.5,8.5,Y
2051,1,0.782167435,MPI-ESM-MR_8.5,8.5,Y
2052,1,1.532607079,MPI-ESM-MR_8.5,8.5,Y
2053,1,3.487670898,MPI-ESM-MR_8.5,8.5,Y
2054,1,2.517401695,MPI-ESM-MR_8.5,8.5,Y
2055,1,1.643619537,MPI-ESM-MR_8.5,8.5,Y
2056,1,1.324220657,MPI-ESM-MR_8.5,8.5,Y
2057,1,2.447938919,MPI-ESM-MR_8.5,8.5,Y
2058,1,2.58353138,MPI-ESM-MR_8.5,8.5,Y
2059,1,2.920110703,MPI-ESM-MR_8.5,8.5,Y
2060,1,1.958600044,MPI-ESM-MR_8.5,8.5,Y
2061,1,1.864217758,MPI-ESM-MR_8.5,8.5,Y
2062,1,2.421627045,MPI-ESM-MR_8.5,8.5,Y
2063,1,1.637030602,MPI-ESM-MR_8.5,8.5,Y
2064,1,2.028151512,MPI-ESM-MR_8.5,8.5,Y
2065,1,1.682868958,MPI-ESM-MR_8.5,8.5,Y
2066,1,2.420928955,MPI-ESM-MR_8.5,8.5,Y
2067,1,3.286473274,MPI-ESM-MR_8.5,8.5,Y
2068,1,0.932792664,MPI-ESM-MR_8.5,8.5,Y
2069,1,2.60428524,MPI-ESM-MR_8.5,8.5,Y
2070,1,2.203170776,MPI-ESM-MR_8.5,8.5,Y
2071,1,2.855193138,MPI-ESM-MR_8.5,8.5,Y
2072,1,2.465303421,MPI-ESM-MR_8.5,8.5,Y
2073,1,2.988801003,MPI-ESM-MR_8.5,8.5,Y
2074,1,2.352952957,MPI-ESM-MR_8.5,8.5,Y
2075,1,2.100050926,MPI-ESM-MR_8.5,8.5,Y
2076,1,2.656002998,MPI-ESM-MR_8.5,8.5,Y
2077,1,2.595519066,MPI-ESM-MR_8.5,8.5,Y
2078,1,4.675341606,MPI-ESM-MR_8.5,8.5,Y
2079,1,3.359541893,MPI-ESM-MR_8.5,8.5,Y
2080,1,1.726793289,MPI-ESM-MR_8.5,8.5,Y
2081,1,2.341702461,MPI-ESM-MR_8.5,8.5,Y
2082,1,3.741435051,MPI-ESM-MR_8.5,8.5,Y
2083,1,1.600708008,MPI-ESM-MR_8.5,8.5,Y
2084,1,1.695028305,MPI-ESM-MR_8.5,8.5,Y
2085,1,2.515200615,MPI-ESM-MR_8.5,8.5,Y
2086,1,3.999570847,MPI-ESM-MR_8.5,8.5,Y
2087,1,3.690423012,MPI-ESM-MR_8.5,8.5,Y
2088,1,3.26595211,MPI-ESM-MR_8.5,8.5,Y
2089,1,2.734734535,MPI-ESM-MR_8.5,8.5,Y
2090,1,3.039689064,MPI-ESM-MR_8.5,8.5,Y
2091,1,3.013181686,MPI-ESM-MR_8.5,8.5,Y
2092,1,3.351859093,MPI-ESM-MR_8.5,8.5,Y
2093,1,2.620787621,MPI-ESM-MR_8.5,8.5,Y
2094,1,2.979214668,MPI-ESM-MR_8.5,8.5,Y
2095,1,3.73758316,MPI-ESM-MR_8.5,8.5,Y
2096,1,3.696056366,MPI-ESM-MR_8.5,8.5,Y
2097,1,5.435060501,MPI-ESM-MR_8.5,8.5,Y
2098,1,5.16688633,MPI-ESM-MR_8.5,8.5,Y
2099,1,2.884533882,MPI-ESM-MR_8.5,8.5,Y
2022,1,1.319787025,NORESM1-ME_8.5,8.5,N
2023,1,-0.239046097,NORESM1-ME_8.5,8.5,N
2024,1,0.115089417,NORESM1-ME_8.5,8.5,N
2025,1,0.680375099,NORESM1-ME_8.5,8.5,N
2026,1,0.787805557,NORESM1-ME_8.5,8.5,N
2027,1,0.283043861,NORESM1-ME_8.5,8.5,N
2028,1,0.176589966,NORESM1-ME_8.5,8.5,N
2029,1,0.326389313,NORESM1-ME_8.5,8.5,N
2030,1,0.300132751,NORESM1-ME_8.5,8.5,N
2031,1,0.243560791,NORESM1-ME_8.5,8.5,N
2032,1,-0.159002304,NORESM1-ME_8.5,8.5,N
2033,1,0.729079247,NORESM1-ME_8.5,8.5,N
2034,1,2.170049667,NORESM1-ME_8.5,8.5,N
2035,1,2.342308998,NORESM1-ME_8.5,8.5,N
2036,1,1.008424759,NORESM1-ME_8.5,8.5,N
2037,1,-0.23134613,NORESM1-ME_8.5,8.5,N
2038,1,0.434737206,NORESM1-ME_8.5,8.5,N
2039,1,1.21331501,NORESM1-ME_8.5,8.5,N
2040,1,-0.390106201,NORESM1-ME_8.5,8.5,N
2041,1,-0.749073029,NORESM1-ME_8.5,8.5,N
2042,1,1.389296532,NORESM1-ME_8.5,8.5,N
2043,1,1.484652519,NORESM1-ME_8.5,8.5,N
2044,1,0.905381203,NORESM1-ME_8.5,8.5,N
2045,1,0.773729324,NORESM1-ME_8.5,8.5,N
2046,1,0.650011063,NORESM1-ME_8.5,8.5,N
2047,1,1.157162666,NORESM1-ME_8.5,8.5,N
2048,1,0.765175819,NORESM1-ME_8.5,8.5,N
2049,1,1.545369148,NORESM1-ME_8.5,8.5,N
2050,1,0.00689888,NORESM1-ME_8.5,8.5,N
2051,1,0.544941902,NORESM1-ME_8.5,8.5,N
2052,1,-0.046059608,NORESM1-ME_8.5,8.5,N
2053,1,1.967496872,NORESM1-ME_8.5,8.5,N
2054,1,0.238776207,NORESM1-ME_8.5,8.5,N
2055,1,0.807852745,NORESM1-ME_8.5,8.5,N
2056,1,1.329265594,NORESM1-ME_8.5,8.5,N
2057,1,2.782369614,NORESM1-ME_8.5,8.5,N
2058,1,2.973413467,NORESM1-ME_8.5,8.5,N
2059,1,3.065691948,NORESM1-ME_8.5,8.5,N
2060,1,0.243572235,NORESM1-ME_8.5,8.5,N
2061,1,1.443457603,NORESM1-ME_8.5,8.5,N
2062,1,2.065156937,NORESM1-ME_8.5,8.5,N
2063,1,1.69974041,NORESM1-ME_8.5,8.5,N
2064,1,1.423072815,NORESM1-ME_8.5,8.5,N
2065,1,1.179842949,NORESM1-ME_8.5,8.5,N
2066,1,1.159872055,NORESM1-ME_8.5,8.5,N
2067,1,2.031946182,NORESM1-ME_8.5,8.5,N
2068,1,2.265626907,NORESM1-ME_8.5,8.5,N
2069,1,4.34513855,NORESM1-ME_8.5,8.5,N
2070,1,1.440689087,NORESM1-ME_8.5,8.5,N
2071,1,1.364830971,NORESM1-ME_8.5,8.5,N
2072,1,1.151384354,NORESM1-ME_8.5,8.5,N
2073,1,2.489570618,NORESM1-ME_8.5,8.5,N
2074,1,4.400352478,NORESM1-ME_8.5,8.5,N
2075,1,3.385350227,NORESM1-ME_8.5,8.5,N
2076,1,2.836275101,NORESM1-ME_8.5,8.5,N
2077,1,2.75185585,NORESM1-ME_8.5,8.5,N
2078,1,2.973132133,NORESM1-ME_8.5,8.5,N
2079,1,3.050930023,NORESM1-ME_8.5,8.5,N
2080,1,4.435614586,NORESM1-ME_8.5,8.5,N
2081,1,2.739737511,NORESM1-ME_8.5,8.5,N
2082,1,3.594225883,NORESM1-ME_8.5,8.5,N
2083,1,4.835579872,NORESM1-ME_8.5,8.5,N
2084,1,4.307081223,NORESM1-ME_8.5,8.5,N
2085,1,3.624733925,NORESM1-ME_8.5,8.5,N
2086,1,3.618654251,NORESM1-ME_8.5,8.5,N
2087,1,1.743732452,NORESM1-ME_8.5,8.5,N
2088,1,2.897805214,NORESM1-ME_8.5,8.5,N
2089,1,3.114400864,NORESM1-ME_8.5,8.5,N
2090,1,2.434362411,NORESM1-ME_8.5,8.5,N
2091,1,2.928650856,NORESM1-ME_8.5,8.5,N
2092,1,2.737163544,NORESM1-ME_8.5,8.5,N
2093,1,3.657124519,NORESM1-ME_8.5,8.5,N
2094,1,2.279081345,NORESM1-ME_8.5,8.5,N
2095,1,2.882899284,NORESM1-ME_8.5,8.5,N
2096,1,3.576608658,NORESM1-ME_8.5,8.5,N
2097,1,4.312273026,NORESM1-ME_8.5,8.5,N
2098,1,3.522686958,NORESM1-ME_8.5,8.5,N
2099,1,4.241934776,NORESM1-ME_8.5,8.5,N
